# This file uses centimeters as units for non-parametric coordinates.

mtllib Model_Plants.mtl
g default
v -8.195771 -0.081393 -1.081560
v -8.763929 -0.081393 -2.057250
v -9.648857 -0.081393 -2.831561
v -10.763931 -0.081393 -3.328700
v -12.000000 -0.081393 -3.500002
v -13.236069 -0.081393 -3.328700
v -14.351142 -0.081393 -2.831561
v -15.236069 -0.081393 -2.057249
v -15.804227 -0.081393 -1.081560
v -16.000000 -0.081393 0.000000
v -15.804227 -0.081393 1.081560
v -15.236069 -0.081393 2.057249
v -14.351141 -0.081393 2.831560
v -13.236069 -0.081393 3.328699
v -12.000000 -0.081393 3.500001
v -10.763932 -0.081393 3.328698
v -9.648859 -0.081393 2.831560
v -8.763932 -0.081393 2.057249
v -8.195774 -0.081393 1.081560
v -10.481720 -0.081393 0.000000
v -8.195771 0.318607 -1.081560
v -8.763929 0.318607 -2.057250
v -9.648857 0.318607 -2.831561
v -10.763931 0.318607 -3.328700
v -12.000000 0.318607 -3.500002
v -13.236069 0.318607 -3.328700
v -14.351142 0.318607 -2.831561
v -15.236069 0.318607 -2.057249
v -15.804227 0.318607 -1.081560
v -16.000000 0.318607 0.000000
v -15.804227 0.318607 1.081560
v -15.236069 0.318607 2.057249
v -14.351141 0.318607 2.831560
v -13.236069 0.318607 3.328699
v -12.000000 0.318607 3.500001
v -10.763932 0.318607 3.328698
v -9.648859 0.318607 2.831560
v -8.763932 0.318607 2.057249
v -8.195774 0.318607 1.081560
v -10.481720 0.318607 0.000000
v -12.000000 -0.081393 0.000000
v -12.000000 0.318607 0.000000
vt 0.271493 0.719116
vt 0.258301 0.695968
vt 0.177858 0.952389
vt 0.190497 0.929140
vt 0.237591 0.677503
vt 0.157660 0.971137
vt 0.211389 0.665527
vt 0.131880 0.983551
vt 0.182260 0.661212
vt 0.103040 0.988415
vt 0.153056 0.664982
vt 0.073966 0.985253
vt 0.126635 0.676467
vt 0.047500 0.974375
vt 0.105584 0.694543
vt 0.026236 0.956844
vt 0.091962 0.717440
vt 0.012254 0.934378
vt 0.087105 0.742918
vt 0.006924 0.909175
vt 0.091486 0.768482
vt 0.010765 0.883703
vt 0.104677 0.791629
vt 0.023404 0.860455
vt 0.125388 0.810095
vt 0.043601 0.841706
vt 0.151590 0.822071
vt 0.069382 0.829292
vt 0.180719 0.826385
vt 0.098221 0.824428
vt 0.209923 0.822615
vt 0.127296 0.827590
vt 0.236344 0.811130
vt 0.153761 0.838468
vt 0.257395 0.793055
vt 0.175025 0.855999
vt 0.271016 0.770157
vt 0.189007 0.878465
vt 0.217315 0.744133
vt 0.136199 0.905376
vt 0.181489 0.743799
vt 0.100631 0.906421
vt 0.935129 0.902739
vt 0.884299 0.902739
vt 0.456308 0.902738
vt 0.479003 0.902739
vt 0.502638 0.902739
vt 0.527177 0.902739
vt 0.552260 0.902738
vt 0.577342 0.902739
vt 0.601882 0.902739
vt 0.625517 0.902739
vt 0.648211 0.902739
vt 0.670303 0.902739
vt 0.692396 0.902739
vt 0.715090 0.902739
vt 0.738725 0.902739
vt 0.763265 0.902739
vt 0.788347 0.902739
vt 0.813430 0.902739
vt 0.837969 0.902739
vt 0.861604 0.902739
vt 0.405478 0.910779
vt 0.884299 0.910778
vt 0.456308 0.910779
vt 0.479003 0.910779
vt 0.502638 0.910779
vt 0.527177 0.910778
vt 0.552259 0.910778
vt 0.577342 0.910778
vt 0.601882 0.910778
vt 0.625517 0.910778
vt 0.648211 0.910778
vt 0.670303 0.910779
vt 0.692396 0.910779
vt 0.715090 0.910779
vt 0.738725 0.910779
vt 0.763265 0.910778
vt 0.788347 0.910779
vt 0.813430 0.910778
vt 0.837969 0.910779
vt 0.861604 0.910778
vt 0.935129 0.910778
vt 0.405478 0.902739
vn 0.767594 0.000000 0.640936
vn 0.769355 0.000000 -0.638822
vn 0.769355 0.000000 -0.638822
vn 0.767594 0.000000 0.640936
vn 0.536492 0.000000 -0.843906
vn 0.536492 0.000000 -0.843906
vn 0.273467 0.000000 -0.961881
vn 0.273467 0.000000 -0.961881
vn -0.000000 0.000000 -1.000000
vn -0.000000 0.000000 -1.000000
vn -0.273467 0.000000 -0.961881
vn -0.273467 0.000000 -0.961881
vn -0.536492 0.000000 -0.843905
vn -0.536492 0.000000 -0.843905
vn -0.769355 0.000000 -0.638821
vn -0.769355 0.000000 -0.638821
vn -0.937454 0.000000 -0.348111
vn -0.937454 0.000000 -0.348111
vn -1.000000 0.000000 0.000000
vn -1.000000 0.000000 0.000000
vn -0.937453 0.000000 0.348111
vn -0.937453 0.000000 0.348111
vn -0.769355 0.000000 0.638822
vn -0.769355 0.000000 0.638822
vn -0.536492 0.000000 0.843906
vn -0.536492 0.000000 0.843906
vn -0.273468 0.000000 0.961881
vn -0.273468 0.000000 0.961881
vn 0.000000 0.000000 1.000000
vn 0.000000 0.000000 1.000000
vn 0.273468 0.000000 0.961881
vn 0.273468 0.000000 0.961881
vn 0.536492 0.000000 0.843906
vn 0.536492 0.000000 0.843906
vn 0.769355 0.000000 0.638822
vn 0.769355 0.000000 0.638822
vn 0.767594 0.000000 -0.640936
vn 0.767594 0.000000 -0.640936
vn 1.000000 0.000000 0.000001
vn 1.000000 0.000000 0.000001
vn 0.000000 -1.000000 0.000000
vn 0.000000 -1.000000 0.000000
vn 0.000000 -1.000000 0.000000
vn 0.000000 -1.000000 0.000000
vn 0.000000 -1.000000 0.000000
vn 0.000000 -1.000000 0.000000
vn 0.000000 -1.000000 0.000000
vn 0.000000 -1.000000 0.000000
vn 0.000000 -1.000000 0.000000
vn 0.000000 -1.000000 0.000000
vn 0.000000 -1.000000 0.000000
vn 0.000000 -1.000000 0.000000
vn 0.000000 -1.000000 0.000000
vn 0.000000 -1.000000 0.000000
vn 0.000000 -1.000000 0.000000
vn 0.000000 -1.000000 0.000000
vn 0.000000 -1.000000 0.000000
vn 0.000000 -1.000000 0.000000
vn 0.000000 -1.000000 0.000000
vn 0.000000 -1.000000 0.000000
vn 0.000000 -1.000000 0.000000
vn 0.000000 1.000000 0.000000
vn 0.000000 1.000000 0.000000
vn 0.000000 1.000000 0.000000
vn 0.000000 1.000000 0.000000
vn 0.000000 1.000000 0.000000
vn 0.000000 1.000000 0.000000
vn 0.000000 1.000000 0.000000
vn 0.000000 1.000000 0.000000
vn 0.000000 1.000000 0.000000
vn 0.000000 1.000000 0.000000
vn 0.000000 1.000000 0.000000
vn 0.000000 1.000000 0.000000
vn 0.000000 1.000000 0.000000
vn 0.000000 1.000000 0.000000
vn 0.000000 1.000000 0.000000
vn 0.000000 1.000000 0.000000
vn 0.000000 1.000000 0.000000
vn 0.000000 1.000000 0.000000
vn 0.000000 1.000000 0.000000
vn 0.000000 1.000000 0.000000
vn 0.000000 1.000000 0.000000
s 1
g Left_Lily_Pad_Large
usemtl lambert4SG
f 1/64/1 2/82/2 22/62/3 21/44/4
f 2/82/2 3/81/5 23/61/6 22/62/3
f 3/81/5 4/80/7 24/60/8 23/61/6
f 4/80/7 5/79/9 25/59/10 24/60/8
f 5/79/9 6/78/11 26/58/12 25/59/10
f 6/78/11 7/77/13 27/57/14 26/58/12
f 7/77/13 8/76/15 28/56/16 27/57/14
f 8/76/15 9/75/17 29/55/18 28/56/16
f 9/75/17 10/74/19 30/54/20 29/55/18
f 10/74/19 11/73/21 31/53/22 30/54/20
f 11/73/21 12/72/23 32/52/24 31/53/22
f 12/72/23 13/71/25 33/51/26 32/52/24
f 13/71/25 14/70/27 34/50/28 33/51/26
f 14/70/27 15/69/29 35/49/30 34/50/28
f 15/69/29 16/68/31 36/48/32 35/49/30
f 16/68/31 17/67/33 37/47/34 36/48/32
f 17/67/33 18/66/35 38/46/36 37/47/34
f 18/66/35 19/65/37 39/45/38 38/46/36
f 19/65/37 20/63/39 40/84/40 39/45/38
f 20/83/39 1/64/1 21/44/4 40/43/40
s 2
f 2/2/41 1/1/42 41/41/43
f 3/5/44 2/2/41 41/41/43
f 4/7/45 3/5/44 41/41/43
f 5/9/46 4/7/45 41/41/43
f 6/11/47 5/9/46 41/41/43
f 7/13/48 6/11/47 41/41/43
f 8/15/49 7/13/48 41/41/43
f 9/17/50 8/15/49 41/41/43
f 10/19/51 9/17/50 41/41/43
f 11/21/52 10/19/51 41/41/43
f 12/23/53 11/21/52 41/41/43
f 13/25/54 12/23/53 41/41/43
f 14/27/55 13/25/54 41/41/43
f 15/29/56 14/27/55 41/41/43
f 16/31/57 15/29/56 41/41/43
f 17/33/58 16/31/57 41/41/43
f 18/35/59 17/33/58 41/41/43
f 19/37/60 18/35/59 41/41/43
f 20/39/61 19/37/60 41/41/43
f 1/1/42 20/39/61 41/41/43
s 3
f 21/4/62 22/3/63 42/42/64
f 22/3/63 23/6/65 42/42/64
f 23/6/65 24/8/66 42/42/64
f 24/8/66 25/10/67 42/42/64
f 25/10/67 26/12/68 42/42/64
f 26/12/68 27/14/69 42/42/64
f 27/14/69 28/16/70 42/42/64
f 28/16/70 29/18/71 42/42/64
f 29/18/71 30/20/72 42/42/64
f 30/20/72 31/22/73 42/42/64
f 31/22/73 32/24/74 42/42/64
f 32/24/74 33/26/75 42/42/64
f 33/26/75 34/28/76 42/42/64
f 34/28/76 35/30/77 42/42/64
f 35/30/77 36/32/78 42/42/64
f 36/32/78 37/34/79 42/42/64
f 37/34/79 38/36/80 42/42/64
f 38/36/80 39/38/81 42/42/64
f 39/38/81 40/40/82 42/42/64
f 40/40/82 21/4/62 42/42/64
g default
v -14.097886 0.018607 3.536474
v -14.381965 0.018607 3.118322
v -14.824429 0.018607 2.786474
v -15.381966 0.018607 2.573414
v -16.000000 0.018607 2.499999
v -16.618034 0.018607 2.573415
v -17.175571 0.018607 2.786474
v -17.618034 0.018607 3.118322
v -17.902113 0.018607 3.536475
v -18.000000 0.018607 4.000000
v -17.902113 0.018607 4.463526
v -17.618034 0.018607 4.881678
v -17.175571 0.018607 5.213526
v -16.618034 0.018607 5.426585
v -16.000000 0.018607 5.500000
v -15.381966 0.018607 5.426585
v -14.824430 0.018607 5.213526
v -14.381966 0.018607 4.881678
v -14.097887 0.018607 4.463525
v -14.000000 0.018607 4.000000
v -14.097886 0.218607 3.536474
v -14.381965 0.218607 3.118322
v -14.824429 0.218607 2.786474
v -15.381966 0.218607 2.573414
v -16.000000 0.218607 2.499999
v -16.618034 0.218607 2.573415
v -17.175571 0.218607 2.786474
v -17.618034 0.218607 3.118322
v -17.902113 0.218607 3.536475
v -18.000000 0.218607 4.000000
v -17.902113 0.218607 4.463526
v -17.618034 0.218607 4.881678
v -17.175571 0.218607 5.213526
v -16.618034 0.218607 5.426585
v -16.000000 0.218607 5.500000
v -15.381966 0.218607 5.426585
v -14.824430 0.218607 5.213526
v -14.381966 0.218607 4.881678
v -14.097887 0.218607 4.463525
v -14.000000 0.218607 4.000000
v -16.000000 0.018607 4.000000
v -16.000000 0.218607 4.000000
vt 0.483461 0.736203
vt 0.492442 0.749274
vt 0.575227 0.868549
vt 0.583573 0.855126
vt 0.506377 0.759610
vt 0.561825 0.879475
vt 0.523902 0.766201
vt 0.544677 0.886836
vt 0.543302 0.768402
vt 0.525463 0.889911
vt 0.562678 0.765997
vt 0.506063 0.888400
vt 0.580132 0.759220
vt 0.488376 0.882450
vt 0.593957 0.748736
vt 0.474134 0.872642
vt 0.602799 0.735572
vt 0.464730 0.859938
vt 0.605793 0.721015
vt 0.461086 0.845582
vt 0.602646 0.706491
vt 0.463557 0.830978
vt 0.593665 0.693420
vt 0.471903 0.817556
vt 0.579730 0.683083
vt 0.485305 0.806629
vt 0.562204 0.676492
vt 0.502453 0.799268
vt 0.542804 0.674292
vt 0.521667 0.796192
vt 0.523429 0.676698
vt 0.541067 0.797704
vt 0.505974 0.683474
vt 0.558754 0.803655
vt 0.492149 0.693957
vt 0.572996 0.813462
vt 0.483307 0.707121
vt 0.582400 0.826165
vt 0.480313 0.721679
vt 0.586044 0.840522
vt 0.543053 0.721347
vt 0.523565 0.843052
vt 0.620801 0.955149
vt 0.633756 0.955149
vt 0.607846 0.955149
vt 0.594022 0.955149
vt 0.578897 0.955149
vt 0.562575 0.955149
vt 0.545556 0.955149
vt 0.528536 0.955149
vt 0.512214 0.955149
vt 0.497090 0.955149
vt 0.483266 0.955149
vt 0.470310 0.955149
vt 0.457355 0.955149
vt 0.443531 0.955149
vt 0.428406 0.955149
vt 0.412085 0.955149
vt 0.696046 0.955149
vt 0.679027 0.955149
vt 0.662705 0.955149
vt 0.647580 0.955149
vt 0.620801 0.949680
vt 0.633756 0.949680
vt 0.607846 0.949680
vt 0.594022 0.949680
vt 0.578897 0.949680
vt 0.562575 0.949680
vt 0.545556 0.949680
vt 0.528536 0.949680
vt 0.512214 0.949680
vt 0.497090 0.949680
vt 0.483266 0.949680
vt 0.470310 0.949680
vt 0.457355 0.949680
vt 0.443531 0.949680
vt 0.428406 0.949680
vt 0.713066 0.949680
vt 0.696046 0.949680
vt 0.679027 0.949680
vt 0.662705 0.949680
vt 0.647580 0.949680
vt 0.412085 0.949680
vt 0.713066 0.955149
vn 0.917592 0.000000 -0.397523
vn 0.718250 0.000000 -0.695785
vn 0.718250 0.000000 -0.695785
vn 0.917592 0.000000 -0.397523
vn 0.478482 0.000000 -0.878098
vn 0.478482 0.000000 -0.878098
vn 0.236761 0.000000 -0.971568
vn 0.236761 0.000000 -0.971568
vn -0.000000 0.000000 -1.000000
vn -0.000000 0.000000 -1.000000
vn -0.236761 0.000000 -0.971568
vn -0.236761 0.000000 -0.971568
vn -0.478482 0.000000 -0.878098
vn -0.478482 0.000000 -0.878098
vn -0.718251 0.000000 -0.695785
vn -0.718251 0.000000 -0.695785
vn -0.917592 0.000000 -0.397524
vn -0.917592 0.000000 -0.397524
vn -1.000000 0.000000 0.000000
vn -1.000000 0.000000 0.000000
vn -0.917592 0.000000 0.397524
vn -0.917592 0.000000 0.397524
vn -0.718250 0.000000 0.695785
vn -0.718250 0.000000 0.695785
vn -0.478481 0.000000 0.878098
vn -0.478481 0.000000 0.878098
vn -0.236761 0.000000 0.971568
vn -0.236761 0.000000 0.971568
vn 0.000000 0.000000 1.000000
vn 0.000000 0.000000 1.000000
vn 0.236761 0.000000 0.971568
vn 0.236761 0.000000 0.971568
vn 0.478481 0.000000 0.878098
vn 0.478481 0.000000 0.878098
vn 0.718250 0.000000 0.695785
vn 0.718250 0.000000 0.695785
vn 0.917592 0.000000 0.397524
vn 0.917592 0.000000 0.397524
vn 1.000000 0.000000 0.000001
vn 1.000000 0.000000 0.000001
vn 0.000000 -1.000000 0.000000
vn 0.000000 -1.000000 0.000000
vn 0.000000 -1.000000 0.000000
vn 0.000000 -1.000000 0.000000
vn 0.000000 -1.000000 0.000000
vn 0.000000 -1.000000 0.000000
vn 0.000000 -1.000000 0.000000
vn 0.000000 -1.000000 0.000000
vn 0.000000 -1.000000 0.000000
vn 0.000000 -1.000000 0.000000
vn 0.000000 -1.000000 0.000000
vn 0.000000 -1.000000 0.000000
vn 0.000000 -1.000000 0.000000
vn 0.000000 -1.000000 0.000000
vn 0.000000 -1.000000 0.000000
vn 0.000000 -1.000000 0.000000
vn 0.000000 -1.000000 0.000000
vn 0.000000 -1.000000 0.000000
vn 0.000000 -1.000000 0.000000
vn 0.000000 -1.000000 0.000000
vn 0.000000 -1.000000 0.000000
vn 0.000000 1.000000 0.000000
vn 0.000000 1.000000 0.000000
vn 0.000000 1.000000 0.000000
vn 0.000000 1.000000 0.000000
vn 0.000000 1.000000 0.000000
vn 0.000000 1.000000 0.000000
vn 0.000000 1.000000 0.000000
vn 0.000000 1.000000 -0.000000
vn 0.000000 1.000000 -0.000000
vn 0.000000 1.000000 0.000000
vn 0.000000 1.000000 0.000000
vn 0.000000 1.000000 0.000000
vn 0.000000 1.000000 0.000000
vn 0.000000 1.000000 0.000000
vn 0.000000 1.000000 0.000000
vn 0.000000 1.000000 0.000000
vn 0.000000 1.000000 0.000000
vn 0.000000 1.000000 0.000000
vn 0.000000 1.000000 0.000000
vn 0.000000 1.000000 0.000000
vn 0.000000 1.000000 0.000000
s 1
g Left_Lily_Pad_Small
usemtl lambert4SG
f 43/148/83 44/166/84 64/146/85 63/128/86
f 44/166/84 45/165/87 65/145/88 64/146/85
f 45/165/87 46/164/89 66/144/90 65/145/88
f 46/164/89 47/163/91 67/143/92 66/144/90
f 47/163/91 48/162/93 68/168/94 67/143/92
f 48/167/93 49/161/95 69/141/96 68/142/94
f 49/161/95 50/160/97 70/140/98 69/141/96
f 50/160/97 51/159/99 71/139/100 70/140/98
f 51/159/99 52/158/101 72/138/102 71/139/100
f 52/158/101 53/157/103 73/137/104 72/138/102
f 53/157/103 54/156/105 74/136/106 73/137/104
f 54/156/105 55/155/107 75/135/108 74/136/106
f 55/155/107 56/154/109 76/134/110 75/135/108
f 56/154/109 57/153/111 77/133/112 76/134/110
f 57/153/111 58/152/113 78/132/114 77/133/112
f 58/152/113 59/151/115 79/131/116 78/132/114
f 59/151/115 60/150/117 80/130/118 79/131/116
f 60/150/117 61/149/119 81/129/120 80/130/118
f 61/149/119 62/147/121 82/127/122 81/129/120
f 62/147/121 43/148/83 63/128/86 82/127/122
s 2
f 44/86/123 43/85/124 83/125/125
f 45/89/126 44/86/123 83/125/125
f 46/91/127 45/89/126 83/125/125
f 47/93/128 46/91/127 83/125/125
f 48/95/129 47/93/128 83/125/125
f 49/97/130 48/95/129 83/125/125
f 50/99/131 49/97/130 83/125/125
f 51/101/132 50/99/131 83/125/125
f 52/103/133 51/101/132 83/125/125
f 53/105/134 52/103/133 83/125/125
f 54/107/135 53/105/134 83/125/125
f 55/109/136 54/107/135 83/125/125
f 56/111/137 55/109/136 83/125/125
f 57/113/138 56/111/137 83/125/125
f 58/115/139 57/113/138 83/125/125
f 59/117/140 58/115/139 83/125/125
f 60/119/141 59/117/140 83/125/125
f 61/121/142 60/119/141 83/125/125
f 62/123/143 61/121/142 83/125/125
f 43/85/124 62/123/143 83/125/125
s 3
f 63/88/144 64/87/145 84/126/146
f 64/87/145 65/90/147 84/126/146
f 65/90/147 66/92/148 84/126/146
f 66/92/148 67/94/149 84/126/146
f 67/94/149 68/96/150 84/126/146
f 68/96/150 69/98/151 84/126/146
f 69/98/151 70/100/152 84/126/146
f 70/100/152 71/102/153 84/126/146
f 71/102/153 72/104/154 84/126/146
f 72/104/154 73/106/155 84/126/146
f 73/106/155 74/108/156 84/126/146
f 74/108/156 75/110/157 84/126/146
f 75/110/157 76/112/158 84/126/146
f 76/112/158 77/114/159 84/126/146
f 77/114/159 78/116/160 84/126/146
f 78/116/160 79/118/161 84/126/146
f 79/118/161 80/120/162 84/126/146
f 80/120/162 81/122/163 84/126/146
f 81/122/163 82/124/164 84/126/146
f 82/124/164 63/88/144 84/126/146
g default
v -12.548943 0.018607 5.752786
v -12.690983 0.018607 5.529771
v -12.912214 0.018607 5.352786
v -13.190983 0.018607 5.239154
v -13.500000 0.018607 5.200000
v -13.809017 0.018607 5.239154
v -14.087786 0.018607 5.352786
v -14.309017 0.018607 5.529772
v -14.451056 0.018607 5.752786
v -14.500000 0.018607 6.000000
v -14.451056 0.018607 6.247214
v -14.083929 0.018607 6.324376
v -14.087786 0.018607 6.647214
v -13.809017 0.018607 6.760845
v -13.500000 0.018607 6.800000
v -13.190983 0.018607 6.760845
v -12.912214 0.018607 6.647214
v -12.690983 0.018607 6.470229
v -12.548944 0.018607 6.247213
v -12.500000 0.018607 6.000000
v -12.548943 0.218607 5.752786
v -12.690983 0.218607 5.529771
v -12.912214 0.218607 5.352786
v -13.190983 0.218607 5.239154
v -13.500000 0.218607 5.200000
v -13.809017 0.218607 5.239154
v -14.087786 0.218607 5.352786
v -14.309017 0.218607 5.529772
v -14.451056 0.218607 5.752786
v -14.500000 0.218607 6.000000
v -14.451056 0.218607 6.247214
v -14.083929 0.218607 6.324376
v -14.087786 0.218607 6.647214
v -13.809017 0.218607 6.760845
v -13.500000 0.218607 6.800000
v -13.190983 0.218607 6.760845
v -12.912214 0.218607 6.647214
v -12.690983 0.218607 6.470229
v -12.548944 0.218607 6.247213
v -12.500000 0.218607 6.000000
v -13.500000 0.018607 6.000000
v -13.500000 0.218607 6.000000
vt 0.914844 0.764631
vt 0.909018 0.754956
vt 0.820867 0.866137
vt 0.826834 0.856589
vt 0.899761 0.747161
vt 0.811511 0.873754
vt 0.887980 0.742011
vt 0.799681 0.878694
vt 0.874827 0.740007
vt 0.786537 0.880474
vt 0.861590 0.741348
vt 0.773364 0.878919
vt 0.849565 0.745901
vt 0.761451 0.874182
vt 0.839929 0.753221
vt 0.751966 0.866725
vt 0.833625 0.762591
vt 0.745837 0.857280
vt 0.831270 0.773095
vt 0.743663 0.846771
vt 0.833095 0.783703
vt 0.745657 0.836226
vt 0.848688 0.787392
vt 0.761262 0.832807
vt 0.848177 0.801172
vt 0.760980 0.819061
vt 0.859958 0.806323
vt 0.772810 0.814121
vt 0.873111 0.808326
vt 0.785955 0.812342
vt 0.886348 0.806987
vt 0.799127 0.813896
vt 0.898373 0.802433
vt 0.811040 0.818634
vt 0.908010 0.795113
vt 0.820525 0.826090
vt 0.914314 0.785743
vt 0.826654 0.835535
vt 0.916669 0.775239
vt 0.828828 0.846044
vt 0.873969 0.774167
vt 0.786246 0.846407
vt 0.808460 0.956136
vt 0.817553 0.956136
vt 0.799369 0.956136
vt 0.789829 0.956136
vt 0.779607 0.956136
vt 0.768746 0.956135
vt 0.757508 0.956135
vt 0.746269 0.956136
vt 0.735408 0.956136
vt 0.723760 0.956135
vt 0.919458 0.956135
vt 0.910366 0.956135
vt 0.901274 0.956135
vt 0.891734 0.956135
vt 0.881512 0.956135
vt 0.870651 0.956136
vt 0.859413 0.956135
vt 0.848175 0.956135
vt 0.837314 0.956135
vt 0.827092 0.956136
vt 0.808460 0.948920
vt 0.817553 0.948920
vt 0.799368 0.948920
vt 0.789829 0.948920
vt 0.779607 0.948920
vt 0.768746 0.948920
vt 0.757508 0.948920
vt 0.746269 0.948920
vt 0.735408 0.948920
vt 0.932993 0.948920
vt 0.919458 0.948920
vt 0.910366 0.948920
vt 0.901274 0.948920
vt 0.891734 0.948920
vt 0.881512 0.948920
vt 0.870651 0.948920
vt 0.859413 0.948920
vt 0.848175 0.948920
vt 0.837314 0.948920
vt 0.827092 0.948920
vt 0.723760 0.948920
vt 0.932993 0.956135
vn 0.926499 0.000000 -0.376297
vn 0.740276 0.000000 -0.672303
vn 0.740276 0.000000 -0.672303
vn 0.926499 0.000000 -0.376297
vn 0.502516 0.000000 -0.864568
vn 0.502516 0.000000 -0.864568
vn 0.251575 0.000000 -0.967838
vn 0.251575 0.000000 -0.967838
vn 0.000000 0.000000 -1.000000
vn 0.000000 0.000000 -1.000000
vn -0.251575 0.000000 -0.967838
vn -0.251575 0.000000 -0.967838
vn -0.502517 0.000000 -0.864568
vn -0.502517 0.000000 -0.864568
vn -0.740277 0.000000 -0.672302
vn -0.740277 0.000000 -0.672302
vn -0.926499 0.000000 -0.376297
vn -0.926499 0.000000 -0.376297
vn -1.000000 0.000000 0.000000
vn -1.000000 0.000000 0.000000
vn -0.614843 0.000000 0.788649
vn -0.614843 0.000000 0.788649
vn -0.740277 0.000000 0.672302
vn -0.740277 0.000000 0.672302
vn -0.846147 0.000000 0.532949
vn -0.846147 0.000000 0.532949
vn -0.251575 0.000000 0.967838
vn -0.251575 0.000000 0.967838
vn 0.000000 0.000000 1.000000
vn 0.000000 0.000000 1.000000
vn 0.251575 0.000000 0.967838
vn 0.251575 0.000000 0.967838
vn 0.502516 0.000000 0.864568
vn 0.502516 0.000000 0.864568
vn 0.740277 0.000000 0.672302
vn 0.740277 0.000000 0.672302
vn 0.926499 0.000000 0.376297
vn 0.926499 0.000000 0.376297
vn 1.000000 0.000000 0.000002
vn 1.000000 0.000000 0.000002
vn 0.000000 -1.000000 0.000000
vn 0.000000 -1.000000 0.000000
vn 0.000000 -1.000000 0.000000
vn 0.000000 -1.000000 0.000000
vn 0.000000 -1.000000 0.000000
vn 0.000000 -1.000000 0.000000
vn 0.000000 -1.000000 0.000000
vn 0.000000 -1.000000 0.000000
vn 0.000000 -1.000000 0.000000
vn 0.000000 -1.000000 0.000000
vn 0.000000 -1.000000 0.000000
vn 0.000000 -1.000000 0.000000
vn 0.000000 -1.000000 0.000000
vn 0.000000 -1.000000 0.000000
vn 0.000000 -1.000000 0.000000
vn 0.000000 -1.000000 0.000000
vn 0.000000 -1.000000 0.000000
vn 0.000000 -1.000000 0.000000
vn 0.000000 -1.000000 0.000000
vn 0.000000 -1.000000 0.000000
vn 0.000000 -1.000000 0.000000
vn 0.000000 1.000000 0.000000
vn 0.000000 1.000000 0.000000
vn 0.000000 1.000000 -0.000000
vn 0.000000 1.000000 0.000000
vn 0.000000 1.000000 0.000000
vn 0.000000 1.000000 0.000000
vn 0.000000 1.000000 0.000000
vn 0.000000 1.000000 -0.000000
vn 0.000000 1.000000 -0.000000
vn 0.000000 1.000000 0.000000
vn 0.000000 1.000000 0.000000
vn 0.000000 1.000000 0.000000
vn 0.000000 1.000000 0.000000
vn 0.000000 1.000000 0.000000
vn 0.000000 1.000000 0.000000
vn 0.000000 1.000000 0.000000
vn 0.000000 1.000000 0.000000
vn 0.000000 1.000000 0.000000
vn 0.000000 1.000000 0.000000
vn 0.000000 1.000000 0.000000
vn 0.000000 1.000000 0.000000
s 1
g Left_Lily_Pad_Smallest
usemtl lambert4SG
f 85/232/165 86/250/166 106/230/167 105/212/168
f 86/250/166 87/249/169 107/229/170 106/230/167
f 87/249/169 88/248/171 108/228/172 107/229/170
f 88/248/171 89/247/173 109/227/174 108/228/172
f 89/247/173 90/246/175 110/226/176 109/227/174
f 90/246/175 91/245/177 111/225/178 110/226/176
f 91/245/177 92/244/179 112/224/180 111/225/178
f 92/244/179 93/243/181 113/223/182 112/224/180
f 93/243/181 94/242/183 114/222/184 113/223/182
f 94/242/183 95/241/185 115/221/186 114/222/184
f 95/241/185 96/240/187 116/252/188 115/221/186
f 96/251/187 97/239/189 117/219/190 116/220/188
f 97/239/189 98/238/191 118/218/192 117/219/190
f 98/238/191 99/237/193 119/217/194 118/218/192
f 99/237/193 100/236/195 120/216/196 119/217/194
f 100/236/195 101/235/197 121/215/198 120/216/196
f 101/235/197 102/234/199 122/214/200 121/215/198
f 102/234/199 103/233/201 123/213/202 122/214/200
f 103/233/201 104/231/203 124/211/204 123/213/202
f 104/231/203 85/232/165 105/212/168 124/211/204
s 2
f 86/170/205 85/169/206 125/209/207
f 87/173/208 86/170/205 125/209/207
f 88/175/209 87/173/208 125/209/207
f 89/177/210 88/175/209 125/209/207
f 90/179/211 89/177/210 125/209/207
f 91/181/212 90/179/211 125/209/207
f 92/183/213 91/181/212 125/209/207
f 93/185/214 92/183/213 125/209/207
f 94/187/215 93/185/214 125/209/207
f 95/189/216 94/187/215 125/209/207
f 96/191/217 95/189/216 125/209/207
f 97/193/218 96/191/217 125/209/207
f 98/195/219 97/193/218 125/209/207
f 99/197/220 98/195/219 125/209/207
f 100/199/221 99/197/220 125/209/207
f 101/201/222 100/199/221 125/209/207
f 102/203/223 101/201/222 125/209/207
f 103/205/224 102/203/223 125/209/207
f 104/207/225 103/205/224 125/209/207
f 85/169/206 104/207/225 125/209/207
s 3
f 105/172/226 106/171/227 126/210/228
f 106/171/227 107/174/229 126/210/228
f 107/174/229 108/176/230 126/210/228
f 108/176/230 109/178/231 126/210/228
f 109/178/231 110/180/232 126/210/228
f 110/180/232 111/182/233 126/210/228
f 111/182/233 112/184/234 126/210/228
f 112/184/234 113/186/235 126/210/228
f 113/186/235 114/188/236 126/210/228
f 114/188/236 115/190/237 126/210/228
f 115/190/237 116/192/238 126/210/228
f 116/192/238 117/194/239 126/210/228
f 117/194/239 118/196/240 126/210/228
f 118/196/240 119/198/241 126/210/228
f 119/198/241 120/200/242 126/210/228
f 120/200/242 121/202/243 126/210/228
f 121/202/243 122/204/244 126/210/228
f 122/204/244 123/206/245 126/210/228
f 123/206/245 124/208/246 126/210/228
f 124/208/246 105/172/226 126/210/228
g default
v 15.804229 -0.081393 -1.081560
v 15.236071 -0.081393 -2.057250
v 14.351143 -0.081393 -2.831561
v 13.236069 -0.081393 -3.328700
v 12.000000 -0.081393 -3.500002
v 10.763931 -0.081393 -3.328700
v 9.648858 -0.081393 -2.831561
v 8.763931 -0.081393 -2.057249
v 8.195773 -0.081393 -1.081560
v 7.999999 -0.081393 0.000000
v 8.195773 -0.081393 1.081560
v 8.763931 -0.081393 2.057249
v 9.648859 -0.081393 2.831560
v 10.763931 -0.081393 3.328699
v 12.000000 -0.081393 3.500001
v 13.236068 -0.081393 3.328698
v 14.351141 -0.081393 2.831560
v 15.236068 -0.081393 2.057249
v 15.804226 -0.081393 1.081560
v 16.000000 -0.081393 0.000000
v 15.804229 0.318607 -1.081560
v 15.236071 0.318607 -2.057250
v 14.351143 0.318607 -2.831561
v 13.236069 0.318607 -3.328700
v 12.000000 0.318607 -3.500002
v 10.763931 0.318607 -3.328700
v 9.648858 0.318607 -2.831561
v 8.763931 0.318607 -2.057249
v 8.195773 0.318607 -1.081560
v 7.999999 0.318607 0.000000
v 8.195773 0.318607 1.081560
v 8.763931 0.318607 2.057249
v 9.648859 0.318607 2.831560
v 10.763931 0.318607 3.328699
v 12.000000 0.318607 3.500001
v 13.236068 0.318607 3.328698
v 14.351141 0.318607 2.831560
v 15.236068 0.318607 2.057249
v 15.804226 0.318607 1.081560
v 16.000000 0.318607 0.000000
v 12.000000 -0.081393 0.000000
v 12.000000 0.318607 0.000000
vt 0.295318 0.779091
vt 0.308421 0.801500
vt 0.371999 0.959237
vt 0.385743 0.936762
vt 0.328799 0.819266
vt 0.350967 0.976854
vt 0.354457 0.830651
vt 0.324705 0.987890
vt 0.382883 0.834538
vt 0.295785 0.991265
vt 0.411296 0.830549
vt 0.267038 0.986648
vt 0.436913 0.819073
vt 0.241276 0.974490
vt 0.457227 0.801234
vt 0.221023 0.955983
vt 0.470250 0.778777
vt 0.208260 0.932938
vt 0.474706 0.753902
vt 0.204236 0.907609
vt 0.470161 0.729043
vt 0.209347 0.882478
vt 0.457058 0.706634
vt 0.223091 0.860004
vt 0.436680 0.688867
vt 0.244123 0.842386
vt 0.411022 0.677483
vt 0.270384 0.831350
vt 0.382595 0.673595
vt 0.299305 0.827975
vt 0.354183 0.677584
vt 0.328052 0.832593
vt 0.328566 0.689060
vt 0.353813 0.844750
vt 0.308251 0.706900
vt 0.374067 0.863257
vt 0.295228 0.729356
vt 0.386831 0.886303
vt 0.290772 0.754231
vt 0.390853 0.911631
vt 0.382739 0.754067
vt 0.297545 0.909620
vt 0.747204 0.936263
vt 0.771886 0.936263
vt 0.722522 0.936263
vt 0.697168 0.936263
vt 0.670762 0.936263
vt 0.643347 0.936263
vt 0.615325 0.936263
vt 0.587302 0.936263
vt 0.559887 0.936263
vt 0.533481 0.936263
vt 0.508127 0.936263
vt 0.483445 0.936264
vt 0.458764 0.936263
vt 0.433409 0.936263
vt 0.407004 0.936264
vt 0.907105 0.936263
vt 0.879083 0.936263
vt 0.851061 0.936263
vt 0.823645 0.936263
vt 0.797240 0.936263
vt 0.747204 0.927281
vt 0.771886 0.927281
vt 0.722522 0.927281
vt 0.697168 0.927281
vt 0.670762 0.927281
vt 0.643347 0.927281
vt 0.615325 0.927281
vt 0.587302 0.927281
vt 0.559886 0.927281
vt 0.533481 0.927281
vt 0.508128 0.927281
vt 0.483445 0.927281
vt 0.458764 0.927281
vt 0.433409 0.927281
vt 0.934521 0.927281
vt 0.907105 0.927281
vt 0.879083 0.927281
vt 0.851061 0.927281
vt 0.823645 0.927281
vt 0.797240 0.927281
vt 0.407004 0.927281
vt 0.934521 0.936263
vn 0.937454 0.000000 -0.348110
vn 0.769355 0.000000 -0.638822
vn 0.769355 0.000000 -0.638822
vn 0.937454 0.000000 -0.348110
vn 0.536492 0.000000 -0.843906
vn 0.536492 0.000000 -0.843906
vn 0.273467 0.000000 -0.961881
vn 0.273467 0.000000 -0.961881
vn -0.000000 0.000000 -1.000000
vn -0.000000 0.000000 -1.000000
vn -0.273467 0.000000 -0.961881
vn -0.273467 0.000000 -0.961881
vn -0.536492 0.000000 -0.843905
vn -0.536492 0.000000 -0.843905
vn -0.769355 0.000000 -0.638821
vn -0.769355 0.000000 -0.638821
vn -0.937453 0.000000 -0.348111
vn -0.937453 0.000000 -0.348111
vn -1.000000 0.000000 0.000000
vn -1.000000 0.000000 0.000000
vn -0.937453 0.000000 0.348111
vn -0.937453 0.000000 0.348111
vn -0.769355 0.000000 0.638822
vn -0.769355 0.000000 0.638822
vn -0.536492 0.000000 0.843906
vn -0.536492 0.000000 0.843906
vn -0.273468 0.000000 0.961881
vn -0.273468 0.000000 0.961881
vn 0.000000 0.000000 1.000000
vn 0.000000 0.000000 1.000000
vn 0.273468 0.000000 0.961881
vn 0.273468 0.000000 0.961881
vn 0.536492 0.000000 0.843906
vn 0.536492 0.000000 0.843906
vn 0.769355 0.000000 0.638822
vn 0.769355 0.000000 0.638822
vn 0.937453 0.000000 0.348111
vn 0.937453 0.000000 0.348111
vn 1.000000 0.000000 0.000001
vn 1.000000 0.000000 0.000001
vn 0.000000 -1.000000 0.000000
vn 0.000000 -1.000000 0.000000
vn 0.000000 -1.000000 0.000000
vn 0.000000 -1.000000 0.000000
vn 0.000000 -1.000000 0.000000
vn 0.000000 -1.000000 0.000000
vn 0.000000 -1.000000 0.000000
vn 0.000000 -1.000000 0.000000
vn 0.000000 -1.000000 0.000000
vn 0.000000 -1.000000 0.000000
vn 0.000000 -1.000000 0.000000
vn 0.000000 -1.000000 0.000000
vn 0.000000 -1.000000 0.000000
vn 0.000000 -1.000000 0.000000
vn 0.000000 -1.000000 0.000000
vn 0.000000 -1.000000 0.000000
vn 0.000000 -1.000000 0.000000
vn 0.000000 -1.000000 0.000000
vn 0.000000 -1.000000 0.000000
vn 0.000000 -1.000000 0.000000
vn 0.000000 -1.000000 0.000000
vn 0.000000 1.000000 0.000000
vn 0.000000 1.000000 0.000000
vn 0.000000 1.000000 0.000000
vn 0.000000 1.000000 0.000000
vn 0.000000 1.000000 0.000000
vn 0.000000 1.000000 0.000000
vn 0.000000 1.000000 0.000000
vn 0.000000 1.000000 0.000000
vn 0.000000 1.000000 0.000000
vn 0.000000 1.000000 0.000000
vn 0.000000 1.000000 0.000000
vn 0.000000 1.000000 0.000000
vn 0.000000 1.000000 0.000000
vn 0.000000 1.000000 0.000000
vn 0.000000 1.000000 0.000000
vn 0.000000 1.000000 0.000000
vn 0.000000 1.000000 0.000000
vn 0.000000 1.000000 0.000000
vn 0.000000 1.000000 0.000000
vn 0.000000 1.000000 0.000000
vn 0.000000 1.000000 0.000000
s 1
g Right_Lily_Pad
usemtl lambert4SG
f 127/316/247 128/334/248 148/314/249 147/296/250
f 128/334/248 129/333/251 149/313/252 148/314/249
f 129/333/251 130/332/253 150/312/254 149/313/252
f 130/332/253 131/331/255 151/311/256 150/312/254
f 131/331/255 132/330/257 152/310/258 151/311/256
f 132/330/257 133/329/259 153/336/260 152/310/258
f 133/335/259 134/328/261 154/308/262 153/309/260
f 134/328/261 135/327/263 155/307/264 154/308/262
f 135/327/263 136/326/265 156/306/266 155/307/264
f 136/326/265 137/325/267 157/305/268 156/306/266
f 137/325/267 138/324/269 158/304/270 157/305/268
f 138/324/269 139/323/271 159/303/272 158/304/270
f 139/323/271 140/322/273 160/302/274 159/303/272
f 140/322/273 141/321/275 161/301/276 160/302/274
f 141/321/275 142/320/277 162/300/278 161/301/276
f 142/320/277 143/319/279 163/299/280 162/300/278
f 143/319/279 144/318/281 164/298/282 163/299/280
f 144/318/281 145/317/283 165/297/284 164/298/282
f 145/317/283 146/315/285 166/295/286 165/297/284
f 146/315/285 127/316/247 147/296/250 166/295/286
s 2
f 128/254/287 127/253/288 167/293/289
f 129/257/290 128/254/287 167/293/289
f 130/259/291 129/257/290 167/293/289
f 131/261/292 130/259/291 167/293/289
f 132/263/293 131/261/292 167/293/289
f 133/265/294 132/263/293 167/293/289
f 134/267/295 133/265/294 167/293/289
f 135/269/296 134/267/295 167/293/289
f 136/271/297 135/269/296 167/293/289
f 137/273/298 136/271/297 167/293/289
f 138/275/299 137/273/298 167/293/289
f 139/277/300 138/275/299 167/293/289
f 140/279/301 139/277/300 167/293/289
f 141/281/302 140/279/301 167/293/289
f 142/283/303 141/281/302 167/293/289
f 143/285/304 142/283/303 167/293/289
f 144/287/305 143/285/304 167/293/289
f 145/289/306 144/287/305 167/293/289
f 146/291/307 145/289/306 167/293/289
f 127/253/288 146/291/307 167/293/289
s 3
f 147/256/308 148/255/309 168/294/310
f 148/255/309 149/258/311 168/294/310
f 149/258/311 150/260/312 168/294/310
f 150/260/312 151/262/313 168/294/310
f 151/262/313 152/264/314 168/294/310
f 152/264/314 153/266/315 168/294/310
f 153/266/315 154/268/316 168/294/310
f 154/268/316 155/270/317 168/294/310
f 155/270/317 156/272/318 168/294/310
f 156/272/318 157/274/319 168/294/310
f 157/274/319 158/276/320 168/294/310
f 158/276/320 159/278/321 168/294/310
f 159/278/321 160/280/322 168/294/310
f 160/280/322 161/282/323 168/294/310
f 161/282/323 162/284/324 168/294/310
f 162/284/324 163/286/325 168/294/310
f 163/286/325 164/288/326 168/294/310
f 164/288/326 165/290/327 168/294/310
f 165/290/327 166/292/328 168/294/310
f 166/292/328 147/256/308 168/294/310
g default
v 16.902115 0.018607 4.536475
v 16.618034 0.018607 4.118322
v 16.175571 0.018607 3.786474
v 15.618034 0.018607 3.573415
v 15.000000 0.018607 3.500000
v 14.381966 0.018607 3.573415
v 13.824429 0.018607 3.786474
v 13.381966 0.018607 4.118322
v 13.097886 0.018607 4.536475
v 13.000000 0.018607 5.000000
v 13.097886 0.018607 5.463526
v 13.381966 0.018607 5.881678
v 13.824430 0.018607 6.213526
v 14.381966 0.018607 6.426586
v 15.000000 0.018607 6.500000
v 15.618034 0.018607 6.426586
v 16.175571 0.018607 6.213526
v 16.618034 0.018607 5.881678
v 16.902113 0.018607 5.463525
v 15.983762 0.018607 5.000000
v 16.902115 0.218607 4.536475
v 16.618034 0.218607 4.118322
v 16.175571 0.218607 3.786474
v 15.618034 0.218607 3.573415
v 15.000000 0.218607 3.500000
v 14.381966 0.218607 3.573415
v 13.824429 0.218607 3.786474
v 13.381966 0.218607 4.118322
v 13.097886 0.218607 4.536475
v 13.000000 0.218607 5.000000
v 13.097886 0.218607 5.463526
v 13.381966 0.218607 5.881678
v 13.824430 0.218607 6.213526
v 14.381966 0.218607 6.426586
v 15.000000 0.218607 6.500000
v 15.618034 0.218607 6.426586
v 16.175571 0.218607 6.213526
v 16.618034 0.218607 5.881678
v 16.902113 0.218607 5.463525
v 15.983762 0.218607 5.000000
v 15.000000 0.018607 5.000000
v 15.000000 0.218607 5.000000
vt 0.733776 0.658755
vt 0.724543 0.645948
vt 0.718638 0.827746
vt 0.727221 0.814490
vt 0.710441 0.635975
vt 0.705049 0.838415
vt 0.692849 0.629810
vt 0.687783 0.845454
vt 0.673490 0.628057
vt 0.668532 0.848174
vt 0.654261 0.630888
vt 0.649180 0.846308
vt 0.637041 0.638026
vt 0.631621 0.840039
vt 0.623517 0.648772
vt 0.617573 0.829980
vt 0.615013 0.662075
vt 0.608413 0.817117
vt 0.612362 0.676631
vt 0.605036 0.802709
vt 0.615823 0.691016
vt 0.607772 0.788165
vt 0.625056 0.703822
vt 0.616356 0.774910
vt 0.639159 0.713796
vt 0.629945 0.764240
vt 0.656750 0.719961
vt 0.647210 0.757201
vt 0.676109 0.721714
vt 0.666461 0.754481
vt 0.695339 0.718883
vt 0.685813 0.756348
vt 0.712558 0.711744
vt 0.703373 0.762617
vt 0.726082 0.700998
vt 0.717421 0.772675
vt 0.734586 0.687696
vt 0.726581 0.785538
vt 0.705511 0.674026
vt 0.698220 0.800648
vt 0.674799 0.674885
vt 0.667497 0.801328
vt 0.540644 0.978833
vt 0.567200 0.978833
vt 0.826877 0.978833
vt 0.813826 0.978833
vt 0.799548 0.978833
vt 0.784139 0.978833
vt 0.768072 0.978833
vt 0.752005 0.978833
vt 0.736597 0.978833
vt 0.722319 0.978833
vt 0.709268 0.978833
vt 0.697039 0.978833
vt 0.684808 0.978833
vt 0.671758 0.978833
vt 0.657480 0.978833
vt 0.642071 0.978833
vt 0.626004 0.978833
vt 0.609937 0.978833
vt 0.594529 0.978833
vt 0.580251 0.978833
vt 0.853433 0.973670
vt 0.567201 0.973670
vt 0.826877 0.973670
vt 0.813826 0.973670
vt 0.799548 0.973670
vt 0.784139 0.973670
vt 0.768072 0.973670
vt 0.752005 0.973670
vt 0.736597 0.973670
vt 0.722319 0.973670
vt 0.709268 0.973670
vt 0.697039 0.973670
vt 0.684808 0.973670
vt 0.671758 0.973670
vt 0.657480 0.973670
vt 0.642071 0.973670
vt 0.626004 0.973670
vt 0.609937 0.973670
vt 0.594529 0.973670
vt 0.580251 0.973670
vt 0.540644 0.973670
vt 0.853433 0.978833
vn 0.811768 0.000000 0.583980
vn 0.718250 0.000000 -0.695785
vn 0.718250 0.000000 -0.695785
vn 0.811768 0.000000 0.583980
vn 0.478482 0.000000 -0.878098
vn 0.478482 0.000000 -0.878098
vn 0.236761 0.000000 -0.971568
vn 0.236761 0.000000 -0.971568
vn -0.000000 0.000000 -1.000000
vn -0.000000 0.000000 -1.000000
vn -0.236761 0.000000 -0.971568
vn -0.236761 0.000000 -0.971568
vn -0.478482 0.000000 -0.878098
vn -0.478482 0.000000 -0.878098
vn -0.718250 0.000000 -0.695785
vn -0.718250 0.000000 -0.695785
vn -0.917592 0.000000 -0.397524
vn -0.917592 0.000000 -0.397524
vn -1.000000 0.000000 0.000000
vn -1.000000 0.000000 0.000000
vn -0.917592 0.000000 0.397524
vn -0.917592 0.000000 0.397524
vn -0.718249 0.000000 0.695786
vn -0.718249 0.000000 0.695786
vn -0.478482 0.000000 0.878097
vn -0.478482 0.000000 0.878097
vn -0.236761 0.000000 0.971568
vn -0.236761 0.000000 0.971568
vn 0.000000 0.000000 1.000000
vn 0.000000 0.000000 1.000000
vn 0.236761 0.000000 0.971568
vn 0.236761 0.000000 0.971568
vn 0.478482 0.000000 0.878097
vn 0.478482 0.000000 0.878097
vn 0.718251 0.000000 0.695785
vn 0.718251 0.000000 0.695785
vn 0.811768 0.000000 -0.583980
vn 0.811768 0.000000 -0.583980
vn 1.000000 0.000000 0.000002
vn 1.000000 0.000000 0.000002
vn 0.000000 -1.000000 0.000000
vn 0.000000 -1.000000 0.000000
vn 0.000000 -1.000000 0.000000
vn 0.000000 -1.000000 0.000000
vn 0.000000 -1.000000 0.000000
vn 0.000000 -1.000000 0.000000
vn 0.000000 -1.000000 0.000000
vn 0.000000 -1.000000 0.000000
vn 0.000000 -1.000000 0.000000
vn 0.000000 -1.000000 0.000000
vn 0.000000 -1.000000 0.000000
vn 0.000000 -1.000000 0.000000
vn 0.000000 -1.000000 0.000000
vn 0.000000 -1.000000 0.000000
vn 0.000000 -1.000000 0.000000
vn 0.000000 -1.000000 0.000000
vn 0.000000 -1.000000 0.000000
vn 0.000000 -1.000000 0.000000
vn 0.000000 -1.000000 0.000000
vn 0.000000 -1.000000 0.000000
vn 0.000000 -1.000000 0.000000
vn 0.000000 1.000000 0.000000
vn 0.000000 1.000000 0.000000
vn 0.000000 1.000000 0.000000
vn 0.000000 1.000000 0.000000
vn 0.000000 1.000000 0.000000
vn 0.000000 1.000000 0.000000
vn 0.000000 1.000000 0.000000
vn 0.000000 1.000000 -0.000000
vn 0.000000 1.000000 -0.000000
vn 0.000000 1.000000 0.000000
vn 0.000000 1.000000 0.000000
vn 0.000000 1.000000 0.000000
vn 0.000000 1.000000 0.000000
vn 0.000000 1.000000 0.000000
vn 0.000000 1.000000 0.000000
vn 0.000000 1.000000 0.000000
vn 0.000000 1.000000 0.000000
vn 0.000000 1.000000 0.000000
vn 0.000000 1.000000 0.000000
vn 0.000000 1.000000 0.000000
vn 0.000000 1.000000 0.000000
s 1
g Right_Lily_Pad_Small
usemtl lambert4SG
f 169/400/329 170/418/330 190/398/331 189/380/332
f 170/418/330 171/417/333 191/397/334 190/398/331
f 171/417/333 172/416/335 192/396/336 191/397/334
f 172/416/335 173/415/337 193/395/338 192/396/336
f 173/415/337 174/414/339 194/394/340 193/395/338
f 174/414/339 175/413/341 195/393/342 194/394/340
f 175/413/341 176/412/343 196/392/344 195/393/342
f 176/412/343 177/411/345 197/391/346 196/392/344
f 177/411/345 178/410/347 198/390/348 197/391/346
f 178/410/347 179/409/349 199/389/350 198/390/348
f 179/409/349 180/408/351 200/388/352 199/389/350
f 180/408/351 181/407/353 201/387/354 200/388/352
f 181/407/353 182/406/355 202/386/356 201/387/354
f 182/406/355 183/405/357 203/385/358 202/386/356
f 183/405/357 184/404/359 204/384/360 203/385/358
f 184/404/359 185/403/361 205/383/362 204/384/360
f 185/403/361 186/402/363 206/382/364 205/383/362
f 186/402/363 187/401/365 207/381/366 206/382/364
f 187/401/365 188/399/367 208/420/368 207/381/366
f 188/419/367 169/400/329 189/380/332 208/379/368
s 2
f 170/338/369 169/337/370 209/377/371
f 171/341/372 170/338/369 209/377/371
f 172/343/373 171/341/372 209/377/371
f 173/345/374 172/343/373 209/377/371
f 174/347/375 173/345/374 209/377/371
f 175/349/376 174/347/375 209/377/371
f 176/351/377 175/349/376 209/377/371
f 177/353/378 176/351/377 209/377/371
f 178/355/379 177/353/378 209/377/371
f 179/357/380 178/355/379 209/377/371
f 180/359/381 179/357/380 209/377/371
f 181/361/382 180/359/381 209/377/371
f 182/363/383 181/361/382 209/377/371
f 183/365/384 182/363/383 209/377/371
f 184/367/385 183/365/384 209/377/371
f 185/369/386 184/367/385 209/377/371
f 186/371/387 185/369/386 209/377/371
f 187/373/388 186/371/387 209/377/371
f 188/375/389 187/373/388 209/377/371
f 169/337/370 188/375/389 209/377/371
s 3
f 189/340/390 190/339/391 210/378/392
f 190/339/391 191/342/393 210/378/392
f 191/342/393 192/344/394 210/378/392
f 192/344/394 193/346/395 210/378/392
f 193/346/395 194/348/396 210/378/392
f 194/348/396 195/350/397 210/378/392
f 195/350/397 196/352/398 210/378/392
f 196/352/398 197/354/399 210/378/392
f 197/354/399 198/356/400 210/378/392
f 198/356/400 199/358/401 210/378/392
f 199/358/401 200/360/402 210/378/392
f 200/360/402 201/362/403 210/378/392
f 201/362/403 202/364/404 210/378/392
f 202/364/404 203/366/405 210/378/392
f 203/366/405 204/368/406 210/378/392
f 204/368/406 205/370/407 210/378/392
f 205/370/407 206/372/408 210/378/392
f 206/372/408 207/374/409 210/378/392
f 207/374/409 208/376/410 210/378/392
f 208/376/410 189/340/390 210/378/392
g default
v -32.904672 -1.506291 -3.819339
v -32.906518 -1.506291 -3.895855
v -32.961927 -1.506291 -3.948655
v -33.038441 -1.506291 -3.946808
v -33.091241 -1.506291 -3.891401
v -33.089395 -1.506291 -3.814885
v -33.033985 -1.506291 -3.762085
v -32.957471 -1.506291 -3.763932
v -34.350213 4.331419 -3.179317
v -34.357512 4.349132 -3.253419
v -34.407469 4.331419 -3.308634
v -34.470818 4.288656 -3.312615
v -34.510454 4.245893 -3.263036
v -34.503155 4.228180 -3.188935
v -34.453199 4.245893 -3.133720
v -34.389849 4.288656 -3.129739
v -32.997956 -1.506291 -3.855370
v -34.430334 4.288656 -3.221177
v -32.996407 1.904661 -3.746693
v -33.068573 1.879167 -3.746771
v -33.122181 1.868608 -3.800369
v -33.125829 1.879167 -3.876087
v -33.077377 1.904661 -3.929569
v -33.005212 1.930154 -3.929491
v -32.951604 1.940713 -3.875893
v -32.947956 1.930154 -3.800175
v -33.236319 2.727195 -3.672500
v -33.275954 2.684432 -3.622922
v -33.339305 2.641669 -3.626903
v -33.389262 2.623955 -3.682117
v -33.396561 2.641669 -3.756219
v -33.356924 2.684432 -3.805798
v -33.293574 2.727195 -3.801817
v -33.243617 2.744908 -3.746602
v -32.856341 1.004970 -3.840738
v -32.908602 0.995850 -3.785569
v -32.984576 0.986731 -3.783961
v -33.039760 0.982953 -3.836861
v -33.041831 0.986731 -3.913277
v -32.989571 0.995850 -3.968446
v -32.913596 1.004970 -3.970054
v -32.858411 1.008747 -3.917154
vt 0.978766 0.943257
vt 0.978766 0.931522
vt 0.373293 0.180386
vt 0.368664 0.180171
vt 0.970469 0.923225
vt 0.340987 0.179993
vt 0.958735 0.923225
vt 0.345594 0.179578
vt 0.950438 0.931522
vt 0.350201 0.179159
vt 0.950438 0.943256
vt 0.354831 0.179001
vt 0.958735 0.951554
vt 0.359460 0.179218
vt 0.970469 0.951554
vt 0.364061 0.179697
vt 0.964602 0.937390
vt 0.367245 0.418114
vt 0.371873 0.418156
vt 0.964256 0.975126
vt 0.339617 0.417935
vt 0.344232 0.417952
vt 0.348834 0.417972
vt 0.353431 0.418000
vt 0.358028 0.418032
vt 0.362630 0.418071
vt 0.359139 0.236820
vt 0.363709 0.237471
vt 0.363411 0.290221
vt 0.358827 0.289643
vt 0.354494 0.236532
vt 0.354185 0.289393
vt 0.349847 0.236760
vt 0.349540 0.289583
vt 0.345270 0.237353
vt 0.344949 0.290102
vt 0.340701 0.237926
vt 0.340365 0.290614
vt 0.372893 0.238383
vt 0.372612 0.291047
vt 0.368271 0.238104
vt 0.367989 0.290792
vt 0.964256 0.960084
vt 0.974893 0.964490
vt 0.953621 0.964490
vt 0.949215 0.975125
vt 0.953620 0.985762
vt 0.964256 0.990167
vt 0.974892 0.985762
vt 0.979298 0.975125
vt 0.365002 0.020852
vt 0.369628 0.020976
vt 0.360380 0.020727
vt 0.355759 0.020657
vt 0.351138 0.020667
vt 0.346515 0.020733
vt 0.341888 0.020797
vt 0.374259 0.021044
vt 0.336355 0.180148
vt 0.336075 0.238146
vt 0.335740 0.290809
vt 0.979298 0.975125
vt 0.334989 0.417918
vt 0.337256 0.020805
vt 0.978766 0.931522
vn 0.999472 -0.019398 -0.026078
vn 0.999472 -0.019398 -0.026078
vn 0.999597 0.010001 -0.026570
vn 0.999530 0.015132 -0.026654
vn 0.691148 -0.019398 -0.722453
vn 0.691148 -0.019398 -0.722453
vn 0.691614 0.015132 -0.722109
vn 0.691596 0.010001 -0.722215
vn -0.022166 -0.008152 -0.999721
vn -0.022166 -0.008152 -0.999721
vn -0.021480 0.007424 -0.999742
vn -0.021849 -0.000934 -0.999761
vn -0.725274 0.008273 -0.688410
vn -0.725274 0.008273 -0.688410
vn -0.725796 -0.006819 -0.687876
vn -0.725540 0.001190 -0.688179
vn -0.999457 0.020098 0.026095
vn -0.999457 0.020098 0.026095
vn -0.999568 -0.012007 0.026809
vn -0.999616 -0.007394 0.026708
vn -0.691151 0.020098 0.722431
vn -0.691151 0.020098 0.722431
vn -0.691711 -0.007394 0.722136
vn -0.691754 -0.012007 0.722033
vn 0.022155 0.008273 0.999720
vn 0.022155 0.008273 0.999720
vn 0.021805 0.001190 0.999762
vn 0.021408 -0.006819 0.999748
vn 0.725267 -0.008152 0.688419
vn 0.725267 -0.008152 0.688419
vn 0.725510 -0.000934 0.688211
vn 0.725744 0.007424 0.687925
vn 0.000000 -1.000000 0.000000
vn 0.000000 -1.000000 0.000000
vn 0.000000 -1.000000 0.000000
vn 0.000000 -1.000000 0.000000
vn 0.000000 -1.000000 0.000000
vn 0.000000 -1.000000 0.000000
vn 0.000000 -1.000000 0.000000
vn 0.000000 -1.000000 0.000000
vn 0.000000 -1.000000 0.000000
vn -0.552986 0.796404 0.244840
vn -0.552989 0.796402 0.244838
vn -0.552988 0.796403 0.244838
vn -0.552986 0.796406 0.244835
vn -0.552986 0.796405 0.244837
vn -0.552989 0.796403 0.244837
vn -0.552989 0.796402 0.244838
vn -0.552988 0.796403 0.244840
vn -0.552987 0.796404 0.244838
vn 0.037810 -0.123847 0.991581
vn 0.022586 -0.053463 0.998314
vn 0.058402 -0.169624 0.983777
vn 0.091667 -0.225247 0.969980
vn -0.663989 -0.238102 0.708820
vn -0.675768 -0.183030 0.714029
vn -0.567553 -0.477888 0.670453
vn -0.546175 -0.514318 0.661188
vn -0.982897 -0.183030 0.020355
vn -0.971122 -0.238102 0.015135
vn -0.856663 -0.514318 -0.040074
vn -0.877892 -0.477888 -0.030474
vn -0.723943 -0.053463 -0.687785
vn -0.708725 -0.123847 -0.694529
vn -0.656530 -0.225247 -0.719884
vn -0.689105 -0.169624 -0.704529
vn -0.022872 0.054524 -0.998251
vn -0.038352 0.125134 -0.991398
vn -0.091621 0.225189 -0.969998
vn -0.058511 0.169928 -0.983718
vn 0.674208 0.189864 -0.713720
vn 0.661936 0.245296 -0.708287
vn 0.546671 0.513558 -0.661369
vn 0.567943 0.477302 -0.670540
vn 0.969347 0.245297 -0.013973
vn 0.981619 0.189864 -0.019407
vn 0.878219 0.477302 0.030244
vn 0.857130 0.513558 0.039829
vn 0.708225 0.125134 0.694808
vn 0.723704 0.054524 0.687953
vn 0.688989 0.169928 0.704570
vn 0.656574 0.225189 0.719862
vn 0.652700 0.231423 0.721406
vn 0.652700 0.231423 0.721406
vn 0.095371 -0.231421 0.968168
vn 0.095371 -0.231421 0.968168
vn -0.517865 -0.558729 0.647794
vn -0.517866 -0.558730 0.647794
vn -0.827716 -0.558730 -0.052030
vn -0.827716 -0.558730 -0.052030
vn -0.652698 -0.231421 -0.721408
vn -0.652698 -0.231421 -0.721408
vn -0.095368 0.231423 -0.968168
vn -0.095368 0.231423 -0.968168
vn 0.517864 0.558729 -0.647795
vn 0.517864 0.558730 -0.647795
vn 0.827716 0.558729 0.052031
vn 0.827716 0.558729 0.052031
s 1
g pasted__Cattail_Stalk_Short Left_Cattail_Short
usemtl lambert4SG
f 211/472/411 212/478/412 252/423/413 245/424/414
s 2
f 212/484/415 213/477/416 251/426/417 252/479/418
s 3
f 213/477/419 214/476/420 250/428/421 251/426/422
s 4
f 214/476/423 215/475/424 249/430/425 250/428/426
s 5
f 215/475/427 216/474/428 248/432/429 249/430/430
s 6
f 216/474/431 217/473/432 247/434/433 248/432/434
s 7
f 217/473/435 218/471/436 246/436/437 247/434/438
s 8
f 218/471/439 211/472/440 245/424/441 246/436/442
s 9
f 212/422/443 211/421/444 227/437/445
f 213/425/446 212/485/443 227/437/445
f 214/427/447 213/425/446 227/437/445
f 215/429/448 214/427/447 227/437/445
f 216/431/449 215/429/448 227/437/445
f 217/433/450 216/431/449 227/437/445
f 218/435/451 217/433/450 227/437/445
f 211/421/444 218/435/451 227/437/445
s 10
f 219/464/452 220/470/453 228/440/454
f 220/482/453 221/469/455 228/440/454
f 221/469/455 222/468/456 228/440/454
f 222/468/456 223/467/457 228/440/454
f 223/467/457 224/466/458 228/440/454
f 224/466/458 225/465/459 228/440/454
f 225/465/459 226/463/460 228/440/454
f 226/463/460 219/464/452 228/440/454
s 7
f 230/447/461 229/448/462 238/449/463 239/450/464
s 6
f 231/451/465 230/447/466 239/450/467 240/452/468
s 5
f 232/453/469 231/451/470 240/452/471 241/454/472
s 4
f 233/455/473 232/453/474 241/454/475 242/456/476
s 3
f 234/457/477 233/455/478 242/456/479 243/458/480
s 2
f 235/480/481 234/457/482 243/458/483 244/481/484
s 1
f 236/461/485 235/459/486 244/460/487 237/462/488
s 8
f 229/448/489 236/461/490 237/462/491 238/449/492
f 238/449/492 237/462/491 219/438/493 226/446/494
s 7
f 239/450/464 238/449/463 226/446/495 225/445/496
s 6
f 240/452/468 239/450/467 225/445/497 224/444/498
s 5
f 241/454/472 240/452/471 224/444/499 223/443/500
s 4
f 242/456/476 241/454/475 223/443/501 222/442/502
s 3
f 243/458/480 242/456/479 222/442/503 221/441/504
s 2
f 244/481/484 243/458/483 221/441/505 220/483/506
s 1
f 237/462/488 244/460/487 220/439/507 219/438/508
s 8
f 246/436/442 245/424/441 236/461/490 229/448/489
s 7
f 247/434/438 246/436/437 229/448/462 230/447/461
s 6
f 248/432/434 247/434/433 230/447/466 231/451/465
s 5
f 249/430/430 248/432/429 231/451/470 232/453/469
s 4
f 250/428/426 249/430/425 232/453/474 233/455/473
s 3
f 251/426/422 250/428/421 233/455/478 234/457/477
s 2
f 252/479/418 251/426/417 234/457/482 235/480/481
s 1
f 245/424/414 252/423/413 235/459/486 236/461/485
g default
v -33.202589 2.959020 -3.499339
v -33.183908 3.024862 -3.671652
v -33.258971 3.024862 -3.841188
v -33.399106 2.959020 -3.943188
v -33.550784 2.852483 -3.938690
v -33.656073 2.745948 -3.829414
v -33.674754 2.680105 -3.657098
v -33.599691 2.680105 -3.487562
v -33.459557 2.745948 -3.385565
v -33.307876 2.852483 -3.390061
v -34.086494 4.233992 -3.107985
v -34.067813 4.299834 -3.280298
v -34.142876 4.299834 -3.449835
v -34.283011 4.233992 -3.551834
v -34.434691 4.127456 -3.547335
v -34.539979 4.020920 -3.438060
v -34.558659 3.955076 -3.265744
v -34.483595 3.955076 -3.096208
v -34.343462 4.020920 -2.994211
v -34.191783 4.127456 -2.998707
v -33.429331 2.852483 -3.664377
v -34.313237 4.127456 -3.273022
vt 0.159285 0.592775
vt 0.162178 0.592775
vt 0.144808 0.592769
vt 0.147716 0.592769
vt 0.164518 0.591075
vt 0.142454 0.591059
vt 0.165412 0.588323
vt 0.141556 0.588293
vt 0.164518 0.585572
vt 0.142454 0.585527
vt 0.162178 0.583872
vt 0.144808 0.583817
vt 0.159285 0.583872
vt 0.147717 0.583817
vt 0.156944 0.585572
vt 0.150070 0.585527
vt 0.156051 0.588324
vt 0.150969 0.588293
vt 0.156944 0.591075
vt 0.150070 0.591059
vt 0.160731 0.588324
vt 0.146262 0.588293
vt 0.153703 0.650285
vt 0.159865 0.650285
vt 0.147542 0.650285
vt 0.141381 0.650285
vt 0.135220 0.650285
vt 0.129059 0.650285
vt 0.122898 0.650285
vt 0.116737 0.650285
vt 0.110575 0.650285
vt 0.104414 0.650285
vt 0.153703 0.597118
vt 0.159864 0.597118
vt 0.147542 0.597118
vt 0.141381 0.597118
vt 0.135220 0.597117
vt 0.129059 0.597117
vt 0.122898 0.597117
vt 0.116737 0.597117
vt 0.110576 0.597117
vt 0.166026 0.597118
vt 0.104414 0.597117
vt 0.166026 0.650285
vn 0.827441 0.488779 0.276472
vn 0.827441 0.488779 0.276472
vn 0.827441 0.488779 0.276472
vn 0.827441 0.488779 0.276472
vn 0.728634 0.604167 -0.322607
vn 0.728634 0.604167 -0.322607
vn 0.728634 0.604167 -0.322607
vn 0.728634 0.604167 -0.322607
vn 0.351515 0.488782 -0.798455
vn 0.351515 0.488782 -0.798455
vn 0.351515 0.488782 -0.798454
vn 0.351515 0.488782 -0.798454
vn -0.159879 0.186694 -0.969321
vn -0.159879 0.186694 -0.969321
vn -0.159879 0.186694 -0.969321
vn -0.159879 0.186694 -0.969321
vn -0.610191 -0.186695 -0.769943
vn -0.610191 -0.186695 -0.769943
vn -0.610191 -0.186695 -0.769943
vn -0.610191 -0.186695 -0.769943
vn -0.827441 -0.488781 -0.276468
vn -0.827441 -0.488781 -0.276468
vn -0.827441 -0.488781 -0.276468
vn -0.827441 -0.488781 -0.276468
vn -0.728634 -0.604167 0.322607
vn -0.728634 -0.604167 0.322607
vn -0.728634 -0.604167 0.322607
vn -0.728634 -0.604167 0.322607
vn -0.351507 -0.488779 0.798460
vn -0.351507 -0.488779 0.798460
vn -0.351507 -0.488779 0.798460
vn -0.351507 -0.488779 0.798460
vn 0.159869 -0.186702 0.969322
vn 0.159869 -0.186702 0.969322
vn 0.159869 -0.186702 0.969322
vn 0.159869 -0.186702 0.969322
vn 0.610197 0.186701 0.769937
vn 0.610197 0.186701 0.769937
vn 0.610197 0.186701 0.769937
vn 0.610197 0.186701 0.769937
vn 0.552443 -0.796856 -0.244596
vn 0.552443 -0.796856 -0.244596
vn 0.552441 -0.796858 -0.244596
vn 0.552442 -0.796856 -0.244598
vn 0.552443 -0.796856 -0.244598
vn 0.552441 -0.796858 -0.244596
vn 0.552438 -0.796860 -0.244596
vn 0.552439 -0.796859 -0.244596
vn 0.552439 -0.796859 -0.244595
vn 0.552438 -0.796860 -0.244594
vn 0.552441 -0.796858 -0.244596
vn -0.552437 0.796861 0.244594
vn -0.552437 0.796861 0.244594
vn -0.552441 0.796858 0.244596
vn -0.552436 0.796861 0.244595
vn -0.552437 0.796861 0.244595
vn -0.552441 0.796858 0.244596
vn -0.552444 0.796855 0.244598
vn -0.552444 0.796854 0.244598
vn -0.552445 0.796854 0.244597
vn -0.552444 0.796855 0.244597
vn -0.552441 0.796858 0.244596
s off
g Left_Cattail_Short pasted__Cattail_Short
usemtl lambert4SG
f 253/519/509 254/527/510 264/529/511 263/509/512
f 254/528/513 255/526/514 265/516/515 264/517/516
f 255/526/517 256/525/518 266/515/519 265/516/520
f 256/525/521 257/524/522 267/514/523 266/515/524
f 257/524/525 258/523/526 268/513/527 267/514/528
f 258/523/529 259/522/530 269/512/531 268/513/532
f 259/522/533 260/521/534 270/511/535 269/512/536
f 260/521/537 261/520/538 271/510/539 270/511/540
f 261/520/541 262/518/542 272/508/543 271/510/544
f 262/518/545 253/519/546 263/509/547 272/508/548
s 1
f 254/487/549 253/486/550 273/506/551
f 255/490/552 254/487/549 273/506/551
f 256/492/553 255/490/552 273/506/551
f 257/494/554 256/492/553 273/506/551
f 258/496/555 257/494/554 273/506/551
f 259/498/556 258/496/555 273/506/551
f 260/500/557 259/498/556 273/506/551
f 261/502/558 260/500/557 273/506/551
f 262/504/559 261/502/558 273/506/551
f 253/486/550 262/504/559 273/506/551
s 2
f 263/489/560 264/488/561 274/507/562
f 264/488/561 265/491/563 274/507/562
f 265/491/563 266/493/564 274/507/562
f 266/493/564 267/495/565 274/507/562
f 267/495/565 268/497/566 274/507/562
f 268/497/566 269/499/567 274/507/562
f 269/499/567 270/501/568 274/507/562
f 270/501/568 271/503/569 274/507/562
f 271/503/569 272/505/570 274/507/562
f 272/505/570 263/489/560 274/507/562
g default
v -29.231488 -1.309199 -4.201106
v -29.306578 -1.309199 -4.186287
v -29.349197 -1.309199 -4.122713
v -29.334378 -1.309199 -4.047625
v -29.270806 -1.309199 -4.005006
v -29.195716 -1.309199 -4.019825
v -29.153097 -1.309199 -4.083399
v -29.167916 -1.309199 -4.158487
v -28.355182 4.528511 -2.885315
v -28.426967 4.546225 -2.865533
v -28.472891 4.528511 -2.806922
v -28.466052 4.485748 -2.743816
v -28.410460 4.442985 -2.713180
v -28.338676 4.425272 -2.732962
v -28.292751 4.442985 -2.791573
v -28.299590 4.485748 -2.854679
v -29.251147 -1.309199 -4.103056
v -28.382821 4.485748 -2.799247
v -29.144313 2.101753 -4.123046
v -29.132129 2.076259 -4.051916
v -29.175840 2.065700 -3.989981
v -29.249838 2.076259 -3.973523
v -29.310775 2.101753 -4.012184
v -29.322957 2.127246 -4.083313
v -29.279246 2.137806 -4.145248
v -29.205248 2.127246 -4.161707
v -29.030439 2.924287 -3.899227
v -28.974847 2.881524 -3.868591
v -28.968008 2.838761 -3.805484
v -29.013932 2.821047 -3.746873
v -29.085717 2.838761 -3.727091
v -29.141309 2.881524 -3.757729
v -29.148148 2.924287 -3.820834
v -29.102224 2.942000 -3.879445
v -29.260787 1.202062 -4.245099
v -29.197541 1.192942 -4.202970
v -29.183049 1.183823 -4.128374
v -29.225805 1.180045 -4.065004
v -29.300758 1.183823 -4.049981
v -29.364003 1.192942 -4.092108
v -29.378496 1.202062 -4.166706
v -29.335741 1.205839 -4.230075
vt 0.979440 0.867688
vt 0.979440 0.855953
vt 0.421825 0.180438
vt 0.417196 0.180223
vt 0.971143 0.847656
vt 0.389520 0.180044
vt 0.959409 0.847656
vt 0.394127 0.179630
vt 0.951112 0.855953
vt 0.398734 0.179210
vt 0.951112 0.867687
vt 0.403364 0.179053
vt 0.959409 0.875985
vt 0.407992 0.179270
vt 0.971143 0.875985
vt 0.412594 0.179749
vt 0.965276 0.861820
vt 0.415777 0.418165
vt 0.420406 0.418207
vt 0.965299 0.899440
vt 0.388150 0.417987
vt 0.392765 0.418003
vt 0.397367 0.418024
vt 0.401964 0.418052
vt 0.406561 0.418083
vt 0.411162 0.418123
vt 0.407672 0.236871
vt 0.412241 0.237523
vt 0.411944 0.290272
vt 0.407359 0.289694
vt 0.403027 0.236583
vt 0.402717 0.289444
vt 0.398380 0.236811
vt 0.398073 0.289635
vt 0.393802 0.237404
vt 0.393482 0.290153
vt 0.389233 0.237977
vt 0.388898 0.290665
vt 0.421426 0.238434
vt 0.421144 0.291099
vt 0.416803 0.238155
vt 0.416521 0.290843
vt 0.965299 0.884398
vt 0.975935 0.888804
vt 0.954663 0.888803
vt 0.950257 0.899440
vt 0.954663 0.910076
vt 0.965299 0.914481
vt 0.975934 0.910076
vt 0.980340 0.899440
vt 0.413534 0.020903
vt 0.418161 0.021027
vt 0.408913 0.020778
vt 0.404292 0.020708
vt 0.399670 0.020719
vt 0.395048 0.020784
vt 0.390420 0.020848
vt 0.422792 0.021095
vt 0.384888 0.180199
vt 0.384608 0.238197
vt 0.384272 0.290860
vt 0.980340 0.899440
vt 0.383521 0.417969
vt 0.385789 0.020856
vt 0.979440 0.855953
vn -0.195503 -0.019398 -0.980511
vn -0.195503 -0.019398 -0.980511
vn -0.196010 0.010001 -0.980551
vn -0.196081 0.015132 -0.980471
vn -0.829372 -0.019398 -0.558360
vn -0.829372 -0.019398 -0.558360
vn -0.829112 0.015132 -0.558877
vn -0.829214 0.010001 -0.558843
vn -0.981422 -0.008152 0.191690
vn -0.981422 -0.008152 0.191690
vn -0.981558 0.007424 0.191018
vn -0.981515 -0.000934 0.191384
vn -0.555183 0.008273 0.831687
vn -0.555183 0.008273 0.831687
vn -0.554568 -0.006819 0.832111
vn -0.554910 0.001190 0.831910
vn 0.195517 0.020098 0.980494
vn 0.195517 0.020098 0.980494
vn 0.196240 -0.012007 0.980482
vn 0.196148 -0.007394 0.980546
vn 0.829351 0.020098 0.558366
vn 0.829351 0.020098 0.558366
vn 0.829156 -0.007394 0.558969
vn 0.829062 -0.012007 0.559028
vn 0.981423 0.008273 -0.191679
vn 0.981423 0.008273 -0.191679
vn 0.981523 0.001190 -0.191342
vn 0.981576 -0.006819 -0.190948
vn 0.555193 -0.008152 -0.831682
vn 0.555193 -0.008152 -0.831682
vn 0.554946 -0.000934 -0.831886
vn 0.554625 0.007424 -0.832067
vn 0.000000 -1.000000 0.000000
vn 0.000000 -1.000000 0.000000
vn 0.000000 -1.000000 0.000000
vn 0.000000 -1.000000 0.000000
vn 0.000000 -1.000000 0.000000
vn 0.000000 -1.000000 0.000000
vn 0.000000 -1.000000 0.000000
vn 0.000000 -1.000000 0.000000
vn 0.000000 -1.000000 0.000000
vn 0.335229 0.796404 0.503351
vn 0.335229 0.796402 0.503354
vn 0.335228 0.796403 0.503352
vn 0.335225 0.796406 0.503351
vn 0.335227 0.796405 0.503350
vn 0.335228 0.796403 0.503354
vn 0.335229 0.796402 0.503354
vn 0.335230 0.796403 0.503352
vn 0.335228 0.796404 0.503351
vn 0.970742 -0.123847 -0.205723
vn 0.979964 -0.053463 -0.191865
vn 0.959553 -0.169624 -0.224690
vn 0.940305 -0.225247 -0.255128
vn 0.811323 -0.238102 0.533912
vn 0.818457 -0.183030 0.544635
vn 0.757130 -0.477888 0.445396
vn 0.744368 -0.514318 0.425903
vn 0.187047 -0.183030 0.965149
vn 0.179902 -0.238102 0.954433
vn 0.106050 -0.514318 0.851017
vn 0.119118 -0.477888 0.870307
vn -0.554792 -0.053463 0.830269
vn -0.564024 -0.123847 0.816418
vn -0.597878 -0.225247 0.769289
vn -0.577213 -0.169624 0.798782
vn -0.979853 0.054524 0.192136
vn -0.970470 0.125134 0.206227
vn -0.940330 0.225189 0.255086
vn -0.959476 0.169928 0.224787
vn -0.817888 0.189864 -0.543150
vn -0.810449 0.245297 -0.531980
vn -0.744630 0.513558 -0.426361
vn -0.757282 0.477302 -0.445766
vn -0.178456 0.245297 -0.952882
vn -0.185895 0.189864 -0.964051
vn -0.119400 0.477302 -0.870590
vn -0.106371 0.513558 -0.851436
vn 0.564384 0.125134 -0.815973
vn 0.554999 0.054524 -0.830062
vn 0.577273 0.169928 -0.798674
vn 0.597849 0.225189 -0.769329
vn 0.600028 0.231423 -0.765774
vn 0.600029 0.231423 -0.765774
vn 0.937890 -0.231421 -0.258470
vn 0.937890 -0.231421 -0.258470
vn 0.726358 -0.558729 0.400281
vn 0.726358 -0.558729 0.400281
vn 0.089350 -0.558729 0.824523
vn 0.089350 -0.558729 0.824523
vn -0.600031 -0.231421 0.765772
vn -0.600031 -0.231421 0.765772
vn -0.937890 0.231423 0.258467
vn -0.937890 0.231423 0.258467
vn -0.726359 0.558730 -0.400279
vn -0.726359 0.558730 -0.400279
vn -0.089349 0.558730 -0.824523
vn -0.089349 0.558730 -0.824523
s 1
g pasted__Cattail_Stalk_Short Left_Cattail_Short1
usemtl lambert4SG
f 275/581/571 276/587/572 316/532/573 309/533/574
s 2
f 276/593/575 277/586/576 315/535/577 316/588/578
s 3
f 277/586/579 278/585/580 314/537/581 315/535/582
s 4
f 278/585/583 279/584/584 313/539/585 314/537/586
s 5
f 279/584/587 280/583/588 312/541/589 313/539/590
s 6
f 280/583/591 281/582/592 311/543/593 312/541/594
s 7
f 281/582/595 282/580/596 310/545/597 311/543/598
s 8
f 282/580/599 275/581/600 309/533/601 310/545/602
s 9
f 276/531/603 275/530/604 291/546/605
f 277/534/606 276/594/603 291/546/605
f 278/536/607 277/534/606 291/546/605
f 279/538/608 278/536/607 291/546/605
f 280/540/609 279/538/608 291/546/605
f 281/542/610 280/540/609 291/546/605
f 282/544/611 281/542/610 291/546/605
f 275/530/604 282/544/611 291/546/605
s 10
f 283/573/612 284/579/613 292/549/614
f 284/591/613 285/578/615 292/549/614
f 285/578/615 286/577/616 292/549/614
f 286/577/616 287/576/617 292/549/614
f 287/576/617 288/575/618 292/549/614
f 288/575/618 289/574/619 292/549/614
f 289/574/619 290/572/620 292/549/614
f 290/572/620 283/573/612 292/549/614
s 7
f 294/556/621 293/557/622 302/558/623 303/559/624
s 6
f 295/560/625 294/556/626 303/559/627 304/561/628
s 5
f 296/562/629 295/560/630 304/561/631 305/563/632
s 4
f 297/564/633 296/562/634 305/563/635 306/565/636
s 3
f 298/566/637 297/564/638 306/565/639 307/567/640
s 2
f 299/589/641 298/566/642 307/567/643 308/590/644
s 1
f 300/570/645 299/568/646 308/569/647 301/571/648
s 8
f 293/557/649 300/570/650 301/571/651 302/558/652
f 302/558/652 301/571/651 283/547/653 290/555/654
s 7
f 303/559/624 302/558/623 290/555/655 289/554/656
s 6
f 304/561/628 303/559/627 289/554/657 288/553/658
s 5
f 305/563/632 304/561/631 288/553/659 287/552/660
s 4
f 306/565/636 305/563/635 287/552/661 286/551/662
s 3
f 307/567/640 306/565/639 286/551/663 285/550/664
s 2
f 308/590/644 307/567/643 285/550/665 284/592/666
s 1
f 301/571/648 308/569/647 284/548/667 283/547/668
s 8
f 310/545/602 309/533/601 300/570/650 293/557/649
s 7
f 311/543/598 310/545/597 293/557/622 294/556/621
s 6
f 312/541/594 311/543/593 294/556/626 295/560/625
s 5
f 313/539/590 312/541/589 295/560/630 296/562/629
s 4
f 314/537/586 313/539/585 296/562/634 297/564/633
s 3
f 315/535/582 314/537/581 297/564/638 298/566/637
s 2
f 316/588/578 315/535/577 298/566/642 299/589/641
s 1
f 309/533/574 316/532/573 299/568/646 300/570/645
g default
v -28.865525 3.156112 -3.961885
v -29.038508 3.221955 -3.951020
v -29.192826 3.221955 -3.848245
v -29.269535 3.156112 -3.692818
v -29.239333 3.049575 -3.544109
v -29.113758 2.943040 -3.458916
v -28.940774 2.877197 -3.469782
v -28.786455 2.877197 -3.572557
v -28.709748 2.943040 -3.727983
v -28.739949 3.049575 -3.876695
v -28.329691 4.431084 -3.157319
v -28.502673 4.496926 -3.146454
v -28.656992 4.496926 -3.043679
v -28.733701 4.431084 -2.888252
v -28.703497 4.324548 -2.739541
v -28.577923 4.218012 -2.654349
v -28.404939 4.152168 -2.665216
v -28.250621 4.152168 -2.767991
v -28.173913 4.218012 -2.923416
v -28.204114 4.324548 -3.072127
v -28.989642 3.049575 -3.710401
v -28.453807 4.324548 -2.905833
vt 0.265894 0.593663
vt 0.268787 0.593663
vt 0.251417 0.593657
vt 0.254326 0.593657
vt 0.271127 0.591962
vt 0.249063 0.591947
vt 0.272021 0.589211
vt 0.248165 0.589181
vt 0.271127 0.586459
vt 0.249063 0.586414
vt 0.268787 0.584759
vt 0.251417 0.584704
vt 0.265894 0.584759
vt 0.254326 0.584704
vt 0.263554 0.586460
vt 0.256679 0.586414
vt 0.262660 0.589211
vt 0.257578 0.589180
vt 0.263554 0.591962
vt 0.256679 0.591947
vt 0.267341 0.589211
vt 0.252872 0.589181
vt 0.260313 0.651173
vt 0.266474 0.651173
vt 0.254152 0.651173
vt 0.247991 0.651173
vt 0.241829 0.651173
vt 0.235668 0.651173
vt 0.229507 0.651173
vt 0.223346 0.651173
vt 0.217185 0.651173
vt 0.211024 0.651173
vt 0.260313 0.598005
vt 0.266474 0.598005
vt 0.254152 0.598005
vt 0.247991 0.598005
vt 0.241829 0.598005
vt 0.235668 0.598005
vt 0.229507 0.598005
vt 0.223346 0.598005
vt 0.217185 0.598005
vt 0.272635 0.598005
vt 0.211024 0.598005
vt 0.272635 0.651173
vn 0.131876 0.488780 -0.862382
vn 0.131876 0.488780 -0.862382
vn 0.131876 0.488779 -0.862382
vn 0.131876 0.488779 -0.862382
vn -0.441707 0.604167 -0.663232
vn -0.441707 0.604167 -0.663232
vn -0.441707 0.604167 -0.663232
vn -0.441707 0.604167 -0.663232
vn -0.846567 0.488782 -0.210752
vn -0.846567 0.488782 -0.210752
vn -0.846567 0.488782 -0.210752
vn -0.846567 0.488782 -0.210752
vn -0.928067 0.186694 0.322236
vn -0.928067 0.186694 0.322236
vn -0.928067 0.186694 0.322236
vn -0.928067 0.186694 0.322236
vn -0.655082 -0.186695 0.732129
vn -0.655082 -0.186695 0.732129
vn -0.655082 -0.186695 0.732129
vn -0.655082 -0.186695 0.732129
vn -0.131871 -0.488781 0.862382
vn -0.131871 -0.488781 0.862382
vn -0.131871 -0.488781 0.862382
vn -0.131871 -0.488781 0.862382
vn 0.441707 -0.604167 0.663232
vn 0.441707 -0.604167 0.663232
vn 0.441707 -0.604167 0.663232
vn 0.441707 -0.604167 0.663232
vn 0.846571 -0.488779 0.210744
vn 0.846571 -0.488779 0.210744
vn 0.846571 -0.488779 0.210744
vn 0.846571 -0.488779 0.210744
vn 0.928069 -0.186702 -0.322226
vn 0.928069 -0.186702 -0.322226
vn 0.928069 -0.186702 -0.322226
vn 0.928069 -0.186702 -0.322226
vn 0.655075 0.186701 -0.732134
vn 0.655075 0.186701 -0.732134
vn 0.655075 0.186701 -0.732134
vn 0.655075 0.186701 -0.732134
vn -0.334897 -0.796856 -0.502856
vn -0.334897 -0.796856 -0.502856
vn -0.334897 -0.796858 -0.502854
vn -0.334898 -0.796856 -0.502855
vn -0.334899 -0.796856 -0.502856
vn -0.334897 -0.796858 -0.502854
vn -0.334896 -0.796860 -0.502851
vn -0.334896 -0.796859 -0.502852
vn -0.334895 -0.796859 -0.502853
vn -0.334894 -0.796860 -0.502852
vn -0.334897 -0.796858 -0.502854
vn 0.334894 0.796861 0.502851
vn 0.334894 0.796861 0.502851
vn 0.334897 0.796858 0.502854
vn 0.334895 0.796861 0.502850
vn 0.334895 0.796861 0.502850
vn 0.334897 0.796858 0.502854
vn 0.334899 0.796855 0.502857
vn 0.334899 0.796854 0.502857
vn 0.334899 0.796854 0.502858
vn 0.334898 0.796855 0.502858
vn 0.334897 0.796858 0.502854
s off
g Left_Cattail_Short1 pasted__Cattail_Short
usemtl lambert4SG
f 317/628/669 318/636/670 328/638/671 327/618/672
f 318/637/673 319/635/674 329/625/675 328/626/676
f 319/635/677 320/634/678 330/624/679 329/625/680
f 320/634/681 321/633/682 331/623/683 330/624/684
f 321/633/685 322/632/686 332/622/687 331/623/688
f 322/632/689 323/631/690 333/621/691 332/622/692
f 323/631/693 324/630/694 334/620/695 333/621/696
f 324/630/697 325/629/698 335/619/699 334/620/700
f 325/629/701 326/627/702 336/617/703 335/619/704
f 326/627/705 317/628/706 327/618/707 336/617/708
s 1
f 318/596/709 317/595/710 337/615/711
f 319/599/712 318/596/709 337/615/711
f 320/601/713 319/599/712 337/615/711
f 321/603/714 320/601/713 337/615/711
f 322/605/715 321/603/714 337/615/711
f 323/607/716 322/605/715 337/615/711
f 324/609/717 323/607/716 337/615/711
f 325/611/718 324/609/717 337/615/711
f 326/613/719 325/611/718 337/615/711
f 317/595/710 326/613/719 337/615/711
s 2
f 327/598/720 328/597/721 338/616/722
f 328/597/721 329/600/723 338/616/722
f 329/600/723 330/602/724 338/616/722
f 330/602/724 331/604/725 338/616/722
f 331/604/725 332/606/726 338/616/722
f 332/606/726 333/608/727 338/616/722
f 333/608/727 334/610/728 338/616/722
f 334/610/728 335/612/729 338/616/722
f 335/612/729 336/614/730 338/616/722
f 336/614/730 327/598/720 338/616/722
g default
v -29.656509 -1.418845 -3.253021
v -29.590223 -1.418845 -3.291286
v -29.570408 -1.418845 -3.365215
v -29.608673 -1.418845 -3.431499
v -29.682599 -1.418845 -3.451315
v -29.748885 -1.418845 -3.413050
v -29.768701 -1.418845 -3.339121
v -29.730436 -1.418845 -3.272837
v -31.801497 5.265923 -4.899164
v -31.748293 5.292268 -4.947469
v -31.715395 5.265923 -5.011357
v -31.722072 5.202319 -5.053400
v -31.764413 5.138715 -5.048976
v -31.817617 5.112369 -5.000670
v -31.850515 5.138715 -4.936782
v -31.843836 5.202319 -4.894738
v -29.669554 -1.418845 -3.352168
v -31.782954 5.202319 -4.974069
v -30.335294 4.285627 -3.773946
v -30.381675 4.224759 -3.772622
v -30.392394 4.163892 -3.817766
v -30.361169 4.138680 -3.882938
v -30.306292 4.163892 -3.929960
v -30.259912 4.224759 -3.931284
v -30.249192 4.285627 -3.886139
v -30.280417 4.310839 -3.820967
v -29.836900 3.466618 -3.391459
v -29.899770 3.424467 -3.402790
v -29.926978 3.382316 -3.460589
v -29.902583 3.364856 -3.531003
v -29.840876 3.382316 -3.572783
v -29.778007 3.424467 -3.561452
v -29.750798 3.466618 -3.503653
v -29.775193 3.484078 -3.433239
v -29.659286 2.586495 -3.255152
v -29.730436 2.564527 -3.272837
v -29.765924 2.542558 -3.336990
v -29.744960 2.533458 -3.410037
v -29.679823 2.542558 -3.449184
v -29.608673 2.564527 -3.431499
v -29.573184 2.586495 -3.367346
v -29.594149 2.595595 -3.294299
vt 0.980282 0.603048
vt 0.980282 0.591374
vt 0.579114 0.317219
vt 0.574828 0.316707
vt 0.972028 0.583120
vt 0.549597 0.316605
vt 0.960355 0.583120
vt 0.553759 0.315421
vt 0.952101 0.591374
vt 0.557926 0.314226
vt 0.952101 0.603047
vt 0.562220 0.313745
vt 0.960355 0.611301
vt 0.566511 0.314261
vt 0.972028 0.611301
vt 0.570672 0.315489
vt 0.966191 0.597211
vt 0.574331 0.607784
vt 0.578634 0.607900
vt 0.965927 0.634770
vt 0.548726 0.607680
vt 0.553009 0.607491
vt 0.557272 0.607308
vt 0.561530 0.607246
vt 0.565787 0.607342
vt 0.570049 0.607560
vt 0.570412 0.453489
vt 0.574606 0.454300
vt 0.566211 0.452660
vt 0.561894 0.452332
vt 0.557576 0.452624
vt 0.553370 0.453420
vt 0.549173 0.454197
vt 0.578897 0.454633
vt 0.570541 0.380414
vt 0.574705 0.381467
vt 0.566373 0.379315
vt 0.562067 0.378864
vt 0.557757 0.379280
vt 0.553585 0.380345
vt 0.549417 0.381364
vt 0.578993 0.381901
vt 0.980890 0.634770
vt 0.976507 0.645350
vt 0.976507 0.624190
vt 0.965927 0.619808
vt 0.955347 0.624191
vt 0.950965 0.634770
vt 0.955347 0.645350
vt 0.965927 0.649732
vt 0.571505 0.021135
vt 0.575814 0.021153
vt 0.567205 0.021113
vt 0.562908 0.021093
vt 0.558610 0.021078
vt 0.554310 0.021065
vt 0.550001 0.021048
vt 0.580125 0.021175
vt 0.545309 0.317081
vt 0.545126 0.381763
vt 0.544880 0.454495
vt 0.965927 0.649732
vt 0.544423 0.607761
vt 0.545690 0.021036
vt 0.980282 0.591374
vn 0.507478 0.000977 0.861664
vn 0.507478 0.000977 0.861664
vn 0.506422 0.034648 0.861590
vn 0.505665 0.051730 0.861178
vn 0.963612 0.000977 0.267305
vn 0.963612 0.000977 0.267305
vn 0.962673 0.051730 0.265679
vn 0.963266 0.034648 0.266303
vn 0.870471 0.000171 -0.492219
vn 0.870471 0.000171 -0.492219
vn 0.869401 0.026812 -0.493380
vn 0.870306 0.005530 -0.492481
vn 0.250238 0.000172 -0.968184
vn 0.250238 0.000172 -0.968184
vn 0.251349 -0.025192 -0.967569
vn 0.250482 -0.005090 -0.968108
vn -0.507579 0.000990 -0.861604
vn -0.507580 0.000990 -0.861604
vn -0.506403 -0.044831 -0.861131
vn -0.506891 -0.030321 -0.861477
vn -0.963580 0.000990 -0.267418
vn -0.963580 0.000990 -0.267418
vn -0.963279 -0.030321 -0.266786
vn -0.962818 -0.044831 -0.266404
vn -0.870496 0.000172 0.492175
vn -0.870496 0.000172 0.492175
vn -0.870359 -0.005090 0.492391
vn -0.869614 -0.025192 0.493089
vn -0.250287 0.000171 0.968172
vn -0.250287 0.000171 0.968172
vn -0.250582 0.005530 0.968080
vn -0.251685 0.026812 0.967438
vn 0.000000 -1.000000 0.000000
vn 0.000000 -1.000000 0.000000
vn 0.000000 -1.000000 0.000000
vn 0.000000 -1.000000 0.000000
vn 0.000000 -1.000000 0.000000
vn 0.000000 -1.000000 0.000000
vn 0.000000 -1.000000 0.000000
vn 0.000000 -1.000000 0.000000
vn 0.000000 -1.000000 0.000000
vn -0.713585 0.436912 -0.547635
vn -0.713583 0.436922 -0.547630
vn -0.713582 0.436926 -0.547628
vn -0.713589 0.436912 -0.547630
vn -0.713583 0.436922 -0.547630
vn -0.713579 0.436934 -0.547626
vn -0.713580 0.436932 -0.547626
vn -0.713578 0.436934 -0.547626
vn -0.713583 0.436922 -0.547630
vn -0.407837 0.327268 0.852387
vn -0.352114 0.277134 0.893987
vn -0.420059 0.338305 0.842081
vn -0.420059 0.338305 0.842081
vn -0.717732 -0.327363 0.614568
vn -0.772624 -0.276854 0.571318
vn -0.704751 -0.338306 0.623599
vn -0.704751 -0.338306 0.623599
vn -0.649433 -0.760313 -0.012680
vn -0.679672 -0.732632 -0.036000
vn -0.576262 -0.816296 0.039787
vn -0.576262 -0.816296 0.039787
vn -0.210596 -0.732632 -0.647225
vn -0.180247 -0.760313 -0.624047
vn -0.110638 -0.816296 -0.566939
vn -0.110638 -0.816296 -0.566939
vn 0.352004 -0.276854 -0.894117
vn 0.407983 -0.327363 -0.852281
vn 0.420064 -0.338306 -0.842078
vn 0.420064 -0.338306 -0.842078
vn 0.772470 0.277134 -0.571390
vn 0.717872 0.327268 -0.614455
vn 0.704755 0.338305 -0.623595
vn 0.704755 0.338305 -0.623595
vn 0.680411 0.731905 0.036821
vn 0.650491 0.759391 0.013641
vn 0.576286 0.816280 -0.039771
vn 0.576286 0.816280 -0.039771
vn 0.181449 0.759391 0.624821
vn 0.211580 0.731905 0.647726
vn 0.110659 0.816280 0.566959
vn 0.110659 0.816280 0.566959
vn -0.302921 0.220039 0.927266
vn -0.264464 0.121099 0.956762
vn -0.818429 -0.218440 0.531467
vn -0.856568 -0.119013 0.502123
vn -0.876367 -0.438724 -0.198752
vn -0.903198 -0.369024 -0.219213
vn -0.445396 -0.369024 -0.815748
vn -0.418690 -0.438724 -0.795123
vn 0.263450 -0.119013 -0.957303
vn 0.301661 -0.218440 -0.928054
vn 0.855783 0.121099 -0.502962
vn 0.817342 0.220038 -0.532480
vn 0.899264 0.380894 0.215044
vn 0.871768 0.449796 0.194173
vn 0.413077 0.449796 0.791865
vn 0.440351 0.380894 0.813026
s 1
g pasted__pCylinder9 Left_Cattail_Medium
usemtl lambert4SG
f 339/690/731 340/696/732 380/641/733 373/642/734
s 2
f 340/702/735 341/695/736 379/644/737 380/697/738
s 3
f 341/695/739 342/694/740 378/646/741 379/644/742
s 4
f 342/694/743 343/693/744 377/648/745 378/646/746
s 5
f 343/693/747 344/692/748 376/650/749 377/648/750
s 6
f 344/692/751 345/691/752 375/652/753 376/650/754
s 7
f 345/691/755 346/689/756 374/654/757 375/652/758
s 8
f 346/689/759 339/690/760 373/642/761 374/654/762
s 9
f 340/640/763 339/639/764 355/655/765
f 341/643/766 340/703/763 355/655/765
f 342/645/767 341/643/766 355/655/765
f 343/647/768 342/645/767 355/655/765
f 344/649/769 343/647/768 355/655/765
f 345/651/770 344/649/769 355/655/765
f 346/653/771 345/651/770 355/655/765
f 339/639/764 346/653/771 355/655/765
s 10
f 347/682/772 348/688/773 356/658/774
f 348/700/773 349/687/775 356/658/774
f 349/687/775 350/686/776 356/658/774
f 350/686/776 351/685/777 356/658/774
f 351/685/777 352/684/778 356/658/774
f 352/684/778 353/683/779 356/658/774
f 353/683/779 354/681/780 356/658/774
f 354/681/780 347/682/772 356/658/774
s 8
f 358/665/781 357/666/782 347/656/783 354/664/784
s 7
f 359/667/785 358/665/786 354/664/787 353/663/788
s 6
f 360/668/789 359/667/790 353/663/791 352/662/792
s 5
f 361/669/793 360/668/794 352/662/795 351/661/796
s 4
f 362/670/797 361/669/798 351/661/799 350/660/800
s 3
f 363/671/801 362/670/802 350/660/803 349/659/804
s 2
f 364/699/805 363/671/806 349/659/807 348/701/808
s 1
f 357/666/809 364/672/810 348/657/811 347/656/812
s 8
f 366/673/813 365/674/814 357/666/782 358/665/781
s 7
f 367/675/815 366/673/816 358/665/786 359/667/785
s 6
f 368/676/817 367/675/818 359/667/790 360/668/789
s 5
f 369/677/819 368/676/820 360/668/794 361/669/793
s 4
f 370/678/821 369/677/822 361/669/798 362/670/797
s 3
f 371/679/823 370/678/824 362/670/802 363/671/801
s 2
f 372/698/825 371/679/826 363/671/806 364/699/805
s 1
f 365/674/827 372/680/828 364/672/810 357/666/809
s 8
f 374/654/762 373/642/761 365/674/814 366/673/813
s 7
f 375/652/758 374/654/757 366/673/816 367/675/815
s 6
f 376/650/754 375/652/753 367/675/818 368/676/817
s 5
f 377/648/750 376/650/749 368/676/820 369/677/819
s 4
f 378/646/746 377/648/745 369/677/822 370/678/821
s 3
f 379/644/742 378/646/741 370/678/824 371/679/823
s 2
f 380/697/738 379/644/737 371/679/826 372/698/825
s 1
f 373/642/734 380/641/733 372/680/828 365/674/827
g default
v -30.588501 4.509620 -3.751464
v -30.455838 4.605334 -3.838731
v -30.342957 4.605334 -3.985819
v -30.292977 4.509620 -4.136543
v -30.324989 4.354752 -4.233332
v -30.426765 4.199885 -4.239217
v -30.559430 4.104171 -4.151948
v -30.672311 4.104171 -4.004860
v -30.722289 4.199885 -3.854138
v -30.690278 4.354752 -3.757347
v -31.703271 5.274726 -4.606979
v -31.570607 5.370439 -4.694246
v -31.457726 5.370439 -4.841334
v -31.407746 5.274726 -4.992059
v -31.439758 5.119857 -5.088847
v -31.541533 4.964990 -5.094732
v -31.674198 4.869276 -5.007463
v -31.787079 4.869277 -4.860375
v -31.837057 4.964990 -4.709652
v -31.805047 5.119857 -4.612862
v -30.507633 4.354752 -3.995340
v -31.622402 5.119857 -4.850855
vt 0.159005 0.511892
vt 0.161903 0.511892
vt 0.143462 0.511440
vt 0.146345 0.511440
vt 0.164247 0.510189
vt 0.141129 0.509746
vt 0.165142 0.507433
vt 0.140238 0.507004
vt 0.164247 0.504677
vt 0.141129 0.504262
vt 0.161903 0.502974
vt 0.143462 0.502567
vt 0.159005 0.502974
vt 0.146345 0.502567
vt 0.156661 0.504677
vt 0.148677 0.504262
vt 0.155765 0.507433
vt 0.149568 0.507004
vt 0.156661 0.510189
vt 0.148677 0.509746
vt 0.160454 0.507433
vt 0.144903 0.507004
vt 0.155505 0.570274
vt 0.161657 0.570274
vt 0.149353 0.570275
vt 0.143202 0.570275
vt 0.137050 0.570274
vt 0.130898 0.570274
vt 0.124746 0.570274
vt 0.118594 0.570275
vt 0.112442 0.570274
vt 0.106290 0.570275
vt 0.155505 0.517186
vt 0.161657 0.517186
vt 0.149353 0.517186
vt 0.143202 0.517186
vt 0.137049 0.517186
vt 0.130898 0.517186
vt 0.124746 0.517186
vt 0.118594 0.517186
vt 0.112442 0.517186
vt 0.167809 0.517186
vt 0.106290 0.517186
vt 0.167809 0.570274
vn -0.050955 0.710520 0.701830
vn -0.050955 0.710520 0.701830
vn -0.050955 0.710520 0.701830
vn -0.050955 0.710520 0.701830
vn 0.379354 0.878256 0.291130
vn 0.379354 0.878256 0.291130
vn 0.379354 0.878256 0.291130
vn 0.379354 0.878256 0.291130
vn 0.664757 0.710524 -0.230768
vn 0.664757 0.710524 -0.230768
vn 0.664757 0.710524 -0.230768
vn 0.664757 0.710524 -0.230768
vn 0.696244 0.271391 -0.664523
vn 0.696244 0.271391 -0.664523
vn 0.696244 0.271391 -0.664523
vn 0.696244 0.271391 -0.664523
vn 0.461795 -0.271391 -0.844448
vn 0.461795 -0.271391 -0.844448
vn 0.461795 -0.271391 -0.844448
vn 0.461795 -0.271391 -0.844448
vn 0.050950 -0.710523 -0.701827
vn 0.050950 -0.710523 -0.701827
vn 0.050950 -0.710523 -0.701827
vn 0.050950 -0.710523 -0.701827
vn -0.379355 -0.878256 -0.291130
vn -0.379355 -0.878256 -0.291130
vn -0.379355 -0.878256 -0.291130
vn -0.379355 -0.878256 -0.291130
vn -0.664759 -0.710520 0.230774
vn -0.664759 -0.710520 0.230774
vn -0.664759 -0.710520 0.230774
vn -0.664759 -0.710520 0.230774
vn -0.696247 -0.271401 0.664517
vn -0.696247 -0.271401 0.664517
vn -0.696247 -0.271401 0.664517
vn -0.696247 -0.271401 0.664517
vn -0.461789 0.271401 0.844448
vn -0.461789 0.271400 0.844448
vn -0.461789 0.271400 0.844448
vn -0.461789 0.271400 0.844448
vn 0.696732 -0.478188 0.534697
vn 0.696732 -0.478189 0.534696
vn 0.696730 -0.478191 0.534697
vn 0.696731 -0.478188 0.534699
vn 0.696730 -0.478189 0.534698
vn 0.696730 -0.478193 0.534696
vn 0.696730 -0.478193 0.534695
vn 0.696730 -0.478193 0.534695
vn 0.696729 -0.478193 0.534697
vn 0.696729 -0.478194 0.534696
vn 0.696730 -0.478193 0.534696
vn -0.696730 0.478189 -0.534699
vn -0.696729 0.478191 -0.534698
vn -0.696730 0.478191 -0.534697
vn -0.696731 0.478191 -0.534695
vn -0.696732 0.478189 -0.534696
vn -0.696731 0.478189 -0.534697
vn -0.696730 0.478191 -0.534697
vn -0.696729 0.478191 -0.534698
vn -0.696729 0.478193 -0.534697
vn -0.696730 0.478192 -0.534695
vn -0.696731 0.478189 -0.534697
s off
g Left_Cattail_Medium pasted__pCylinder10
usemtl lambert4SG
f 381/737/829 382/745/830 392/747/831 391/727/832
f 382/746/833 383/744/834 393/734/835 392/735/836
f 383/744/837 384/743/838 394/733/839 393/734/840
f 384/743/841 385/742/842 395/732/843 394/733/844
f 385/742/845 386/741/846 396/731/847 395/732/848
f 386/741/849 387/740/850 397/730/851 396/731/852
f 387/740/853 388/739/854 398/729/855 397/730/856
f 388/739/857 389/738/858 399/728/859 398/729/860
f 389/738/861 390/736/862 400/726/863 399/728/864
f 390/736/865 381/737/866 391/727/867 400/726/868
s 1
f 382/705/869 381/704/870 401/724/871
f 383/708/872 382/705/869 401/724/871
f 384/710/873 383/708/872 401/724/871
f 385/712/874 384/710/873 401/724/871
f 386/714/875 385/712/874 401/724/871
f 387/716/876 386/714/875 401/724/871
f 388/718/877 387/716/876 401/724/871
f 389/720/878 388/718/877 401/724/871
f 390/722/879 389/720/878 401/724/871
f 381/704/870 390/722/879 401/724/871
s 2
f 391/707/880 392/706/881 402/725/882
f 392/706/881 393/709/883 402/725/882
f 393/709/883 394/711/884 402/725/882
f 394/711/884 395/713/885 402/725/882
f 395/713/885 396/715/886 402/725/882
f 396/715/886 397/717/887 402/725/882
f 397/717/887 398/719/888 402/725/882
f 398/719/888 399/721/889 402/725/882
f 399/721/889 400/723/890 402/725/882
f 400/723/890 391/707/880 402/725/882
g default
v -31.949977 -1.673240 -2.691979
v -32.016817 -1.673240 -2.654690
v -32.037714 -1.673240 -2.581059
v -32.000425 -1.673240 -2.514221
v -31.926796 -1.673240 -2.493325
v -31.859957 -1.673240 -2.530614
v -31.839060 -1.673240 -2.604245
v -31.876349 -1.673240 -2.671082
v -29.829344 5.011527 -1.014580
v -29.883250 5.037873 -0.967060
v -29.917080 5.011527 -0.903660
v -29.911020 4.947923 -0.861524
v -29.868618 4.884319 -0.865327
v -29.814713 4.857974 -0.912848
v -29.780882 4.884319 -0.976247
v -29.786944 4.947923 -1.018385
v -31.938387 -1.673240 -2.592652
v -29.848982 4.947923 -0.939954
v -31.278900 4.031232 -2.161164
v -31.232504 3.970364 -2.161808
v -31.222448 3.909497 -2.116511
v -31.254625 3.884284 -2.051803
v -31.310185 3.909497 -2.005591
v -31.356580 3.970364 -2.004947
v -31.366636 4.031232 -2.050244
v -31.334460 4.056444 -2.114952
v -31.771636 3.212223 -2.550912
v -31.708938 3.170072 -2.538662
v -31.682580 3.127920 -2.480470
v -31.708004 3.110461 -2.410421
v -31.770316 3.127920 -2.369550
v -31.833013 3.170072 -2.381801
v -31.859372 3.212223 -2.439993
v -31.833948 3.229683 -2.510041
v -31.947233 2.332100 -2.689808
v -31.876349 2.310131 -2.671082
v -31.841805 2.288163 -2.606416
v -31.863838 2.279063 -2.533684
v -31.929541 2.288163 -2.495496
v -32.000425 2.310131 -2.514221
v -32.034969 2.332100 -2.578888
v -32.012936 2.341200 -2.651620
vt 0.980758 0.526866
vt 0.980758 0.515192
vt 0.626784 0.316791
vt 0.622499 0.316279
vt 0.972504 0.506938
vt 0.597268 0.316177
vt 0.960831 0.506938
vt 0.601430 0.314993
vt 0.952576 0.515192
vt 0.605596 0.313798
vt 0.952576 0.526865
vt 0.609890 0.313318
vt 0.960831 0.535120
vt 0.614182 0.313833
vt 0.972504 0.535119
vt 0.618343 0.315062
vt 0.966667 0.521029
vt 0.622001 0.607357
vt 0.626304 0.607472
vt 0.966505 0.559248
vt 0.596397 0.607253
vt 0.600680 0.607063
vt 0.604943 0.606880
vt 0.609200 0.606818
vt 0.613458 0.606915
vt 0.617720 0.607132
vt 0.618083 0.453061
vt 0.622276 0.453873
vt 0.613881 0.452232
vt 0.609565 0.451905
vt 0.605246 0.452197
vt 0.601041 0.452992
vt 0.596843 0.453769
vt 0.626568 0.454206
vt 0.618212 0.379986
vt 0.622375 0.381039
vt 0.614044 0.378887
vt 0.609737 0.378436
vt 0.605428 0.378852
vt 0.601256 0.379917
vt 0.597087 0.380936
vt 0.626663 0.381473
vt 0.981467 0.559248
vt 0.977085 0.569827
vt 0.977085 0.548668
vt 0.966504 0.544285
vt 0.955924 0.548668
vt 0.951542 0.559248
vt 0.955925 0.569827
vt 0.966505 0.574210
vt 0.619176 0.020707
vt 0.623484 0.020725
vt 0.614876 0.020686
vt 0.610578 0.020666
vt 0.606280 0.020651
vt 0.601981 0.020637
vt 0.597672 0.020620
vt 0.627796 0.020748
vt 0.592980 0.316653
vt 0.592797 0.381335
vt 0.592551 0.454067
vt 0.966505 0.574210
vt 0.592094 0.607333
vt 0.593361 0.020608
vt 0.980758 0.515192
vn -0.494797 0.000977 -0.869008
vn -0.494797 0.000977 -0.869008
vn -0.493741 0.034648 -0.868919
vn -0.492991 0.051730 -0.868495
vn -0.959591 0.000977 -0.281397
vn -0.959591 0.000977 -0.281397
vn -0.958676 0.051730 -0.279758
vn -0.959260 0.034648 -0.280391
vn -0.877591 0.000171 0.479410
vn -0.877591 0.000171 0.479410
vn -0.876538 0.026812 0.480586
vn -0.877429 0.005530 0.479674
vn -0.264399 0.000172 0.964413
vn -0.264399 0.000172 0.964413
vn -0.265501 -0.025192 0.963781
vn -0.264642 -0.005090 0.964333
vn 0.494899 0.000990 0.868950
vn 0.494899 0.000990 0.868950
vn 0.493729 -0.044831 0.868459
vn 0.494212 -0.030321 0.868812
vn 0.959558 0.000990 0.281510
vn 0.959558 0.000990 0.281510
vn 0.959266 -0.030321 0.280873
vn 0.958811 -0.044831 0.280485
vn 0.877615 0.000172 -0.479366
vn 0.877615 0.000172 -0.479366
vn 0.877482 -0.005090 -0.479584
vn 0.876746 -0.025192 -0.480293
vn 0.264448 0.000171 -0.964400
vn 0.264448 0.000171 -0.964400
vn 0.264742 0.005530 -0.964303
vn 0.265835 0.026812 -0.963646
vn 0.000000 -1.000000 0.000000
vn 0.000000 -1.000000 0.000000
vn 0.000000 -1.000000 0.000000
vn 0.000000 -1.000000 0.000000
vn 0.000000 -1.000000 0.000000
vn 0.000000 -1.000000 0.000000
vn 0.000000 -1.000000 0.000000
vn 0.000000 -1.000000 0.000000
vn 0.000000 -1.000000 0.000000
vn 0.705483 0.436912 0.558034
vn 0.705481 0.436922 0.558028
vn 0.705480 0.436926 0.558027
vn 0.705487 0.436912 0.558029
vn 0.705481 0.436922 0.558028
vn 0.705477 0.436934 0.558024
vn 0.705478 0.436932 0.558024
vn 0.705477 0.436934 0.558025
vn 0.705481 0.436922 0.558028
vn 0.420285 0.327268 -0.846319
vn 0.365177 0.277134 -0.888731
vn 0.432354 0.338305 -0.835835
vn 0.432354 0.338305 -0.835835
vn 0.726661 -0.327363 -0.603984
vn 0.780914 -0.276854 -0.559934
vn 0.713813 -0.338306 -0.613204
vn 0.713813 -0.338306 -0.613204
vn 0.649177 -0.760313 0.022195
vn 0.679072 -0.732632 0.045957
vn 0.576783 -0.816296 -0.031338
vn 0.576783 -0.816296 -0.031338
vn 0.201089 -0.732632 0.650241
vn 0.171082 -0.760313 0.626622
vn 0.102318 -0.816296 0.568500
vn 0.102318 -0.816296 0.568500
vn -0.365069 -0.276854 0.888863
vn -0.420428 -0.327363 0.846211
vn -0.432359 -0.338306 0.835832
vn -0.432359 -0.338306 0.835832
vn -0.780761 0.277134 0.560009
vn -0.726799 0.327268 0.603869
vn -0.713817 0.338305 0.613200
vn -0.713817 0.338305 0.613200
vn -0.679798 0.731905 -0.046788
vn -0.650221 0.759391 -0.023172
vn -0.576807 0.816280 0.031322
vn -0.576807 0.816280 0.031322
vn -0.172273 0.759391 -0.627413
vn -0.202065 0.731905 -0.650757
vn -0.102339 0.816280 -0.568520
vn -0.102339 0.816280 -0.568520
vn 0.316477 0.220039 -0.922727
vn 0.278456 0.121099 -0.952784
vn 0.826130 -0.218440 -0.519416
vn 0.863834 -0.119013 -0.489517
vn 0.873360 -0.438724 0.211573
vn 0.899889 -0.369023 0.232426
vn 0.433394 -0.369024 0.822187
vn 0.406993 -0.438724 0.801173
vn -0.277451 -0.119013 0.953340
vn -0.315229 -0.218440 0.923534
vn -0.863061 0.121099 0.490367
vn -0.825057 0.220038 0.520446
vn -0.896016 0.380894 -0.228199
vn -0.868829 0.449796 -0.206927
vn -0.401428 0.449796 -0.797834
vn -0.428389 0.380894 -0.819392
s 1
g pasted__pCylinder9 Left_Cattail_Medium1
usemtl lambert4SG
f 403/799/891 404/805/892 444/750/893 437/751/894
s 2
f 404/811/895 405/804/896 443/753/897 444/806/898
s 3
f 405/804/899 406/803/900 442/755/901 443/753/902
s 4
f 406/803/903 407/802/904 441/757/905 442/755/906
s 5
f 407/802/907 408/801/908 440/759/909 441/757/910
s 6
f 408/801/911 409/800/912 439/761/913 440/759/914
s 7
f 409/800/915 410/798/916 438/763/917 439/761/918
s 8
f 410/798/919 403/799/920 437/751/921 438/763/922
s 9
f 404/749/923 403/748/924 419/764/925
f 405/752/926 404/812/923 419/764/925
f 406/754/927 405/752/926 419/764/925
f 407/756/928 406/754/927 419/764/925
f 408/758/929 407/756/928 419/764/925
f 409/760/930 408/758/929 419/764/925
f 410/762/931 409/760/930 419/764/925
f 403/748/924 410/762/931 419/764/925
s 10
f 411/791/932 412/797/933 420/767/934
f 412/809/933 413/796/935 420/767/934
f 413/796/935 414/795/936 420/767/934
f 414/795/936 415/794/937 420/767/934
f 415/794/937 416/793/938 420/767/934
f 416/793/938 417/792/939 420/767/934
f 417/792/939 418/790/940 420/767/934
f 418/790/940 411/791/932 420/767/934
s 8
f 422/774/941 421/775/942 411/765/943 418/773/944
s 7
f 423/776/945 422/774/946 418/773/947 417/772/948
s 6
f 424/777/949 423/776/950 417/772/951 416/771/952
s 5
f 425/778/953 424/777/954 416/771/955 415/770/956
s 4
f 426/779/957 425/778/958 415/770/959 414/769/960
s 3
f 427/780/961 426/779/962 414/769/963 413/768/964
s 2
f 428/808/965 427/780/966 413/768/967 412/810/968
s 1
f 421/775/969 428/781/970 412/766/971 411/765/972
s 8
f 430/782/973 429/783/974 421/775/942 422/774/941
s 7
f 431/784/975 430/782/976 422/774/946 423/776/945
s 6
f 432/785/977 431/784/978 423/776/950 424/777/949
s 5
f 433/786/979 432/785/980 424/777/954 425/778/953
s 4
f 434/787/981 433/786/982 425/778/958 426/779/957
s 3
f 435/788/983 434/787/984 426/779/962 427/780/961
s 2
f 436/807/985 435/788/986 427/780/966 428/808/965
s 1
f 429/783/987 436/789/988 428/781/970 421/775/969
s 8
f 438/763/922 437/751/921 429/783/974 430/782/973
s 7
f 439/761/918 438/763/917 430/782/976 431/784/975
s 6
f 440/759/914 439/761/913 431/784/978 432/785/977
s 5
f 441/757/910 440/759/909 432/785/980 433/786/979
s 4
f 442/755/906 441/757/905 433/786/982 434/787/981
s 3
f 443/753/902 442/755/901 434/787/984 435/788/983
s 2
f 444/806/898 443/753/897 435/788/986 436/807/985
s 1
f 437/751/894 444/750/893 436/789/988 429/783/987
g default
v -31.025390 4.255225 -2.179932
v -31.159318 4.350939 -2.094618
v -31.274342 4.350939 -1.949200
v -31.326526 4.255225 -1.799225
v -31.295935 4.100357 -1.701978
v -31.194257 3.945489 -1.694602
v -31.060327 3.849776 -1.779917
v -30.945303 3.849776 -1.925335
v -30.893121 3.945489 -2.075309
v -30.923711 4.100357 -2.172558
v -29.923277 5.020330 -1.308173
v -30.057206 5.116044 -1.222859
v -30.172230 5.116044 -1.077441
v -30.224413 5.020330 -0.927465
v -30.193823 4.865462 -0.830218
v -30.092145 4.710595 -0.822843
v -29.958216 4.614881 -0.908158
v -29.843191 4.614881 -1.053576
v -29.791010 4.710595 -1.203550
v -29.821599 4.865462 -1.300799
v -31.109824 4.100357 -1.937267
v -30.007712 4.865462 -1.065508
vt 0.263577 0.511604
vt 0.266474 0.511604
vt 0.248033 0.511152
vt 0.250916 0.511152
vt 0.268818 0.509901
vt 0.245701 0.509458
vt 0.269714 0.507145
vt 0.244810 0.506716
vt 0.268818 0.504389
vt 0.245700 0.503974
vt 0.266474 0.502686
vt 0.248033 0.502279
vt 0.263576 0.502686
vt 0.250916 0.502279
vt 0.261232 0.504389
vt 0.253248 0.503974
vt 0.260337 0.507145
vt 0.254139 0.506716
vt 0.261232 0.509901
vt 0.253248 0.509458
vt 0.265025 0.507145
vt 0.249474 0.506716
vt 0.260077 0.569986
vt 0.266228 0.569986
vt 0.253925 0.569986
vt 0.247773 0.569986
vt 0.241621 0.569986
vt 0.235469 0.569986
vt 0.229317 0.569986
vt 0.223165 0.569986
vt 0.217013 0.569986
vt 0.210861 0.569986
vt 0.260077 0.516898
vt 0.266228 0.516898
vt 0.253925 0.516898
vt 0.247773 0.516898
vt 0.241621 0.516898
vt 0.235469 0.516898
vt 0.229317 0.516898
vt 0.223165 0.516898
vt 0.217013 0.516898
vt 0.272380 0.516898
vt 0.210861 0.516898
vt 0.272381 0.569986
vn 0.061235 0.710520 -0.701008
vn 0.061235 0.710520 -0.701008
vn 0.061235 0.710520 -0.701008
vn 0.061235 0.710520 -0.701008
vn -0.375047 0.878256 -0.296658
vn -0.375047 0.878256 -0.296658
vn -0.375047 0.878256 -0.296658
vn -0.375047 0.878256 -0.296658
vn -0.668068 0.710524 0.221001
vn -0.668068 0.710524 0.221001
vn -0.668068 0.710524 0.221001
vn -0.668068 0.710524 0.221001
vn -0.705908 0.271391 0.654249
vn -0.705908 0.271391 0.654249
vn -0.705908 0.271391 0.654249
vn -0.705908 0.271391 0.654249
vn -0.474120 -0.271391 0.837590
vn -0.474120 -0.271391 0.837590
vn -0.474120 -0.271391 0.837590
vn -0.474120 -0.271391 0.837590
vn -0.061230 -0.710523 0.701005
vn -0.061230 -0.710523 0.701005
vn -0.061230 -0.710523 0.701005
vn -0.061230 -0.710523 0.701005
vn 0.375048 -0.878256 0.296658
vn 0.375048 -0.878256 0.296658
vn 0.375048 -0.878256 0.296658
vn 0.375048 -0.878256 0.296658
vn 0.668070 -0.710520 -0.221007
vn 0.668070 -0.710520 -0.221007
vn 0.668070 -0.710520 -0.221007
vn 0.668070 -0.710520 -0.221007
vn 0.705910 -0.271401 -0.654242
vn 0.705910 -0.271401 -0.654242
vn 0.705910 -0.271401 -0.654242
vn 0.705910 -0.271401 -0.654242
vn 0.474114 0.271401 -0.837590
vn 0.474114 0.271400 -0.837590
vn 0.474114 0.271400 -0.837590
vn 0.474114 0.271400 -0.837590
vn -0.688822 -0.478188 -0.544849
vn -0.688821 -0.478189 -0.544849
vn -0.688820 -0.478191 -0.544849
vn -0.688820 -0.478188 -0.544851
vn -0.688820 -0.478189 -0.544851
vn -0.688819 -0.478193 -0.544849
vn -0.688819 -0.478193 -0.544848
vn -0.688820 -0.478193 -0.544848
vn -0.688818 -0.478193 -0.544849
vn -0.688818 -0.478194 -0.544849
vn -0.688819 -0.478193 -0.544849
vn 0.688819 0.478189 0.544851
vn 0.688818 0.478191 0.544851
vn 0.688820 0.478191 0.544850
vn 0.688821 0.478191 0.544848
vn 0.688822 0.478189 0.544848
vn 0.688821 0.478189 0.544850
vn 0.688820 0.478191 0.544849
vn 0.688818 0.478191 0.544851
vn 0.688818 0.478193 0.544849
vn 0.688820 0.478192 0.544848
vn 0.688821 0.478189 0.544850
s off
g Left_Cattail_Medium1 pasted__pCylinder10
usemtl lambert4SG
f 445/846/989 446/854/990 456/856/991 455/836/992
f 446/855/993 447/853/994 457/843/995 456/844/996
f 447/853/997 448/852/998 458/842/999 457/843/1000
f 448/852/1001 449/851/1002 459/841/1003 458/842/1004
f 449/851/1005 450/850/1006 460/840/1007 459/841/1008
f 450/850/1009 451/849/1010 461/839/1011 460/840/1012
f 451/849/1013 452/848/1014 462/838/1015 461/839/1016
f 452/848/1017 453/847/1018 463/837/1019 462/838/1020
f 453/847/1021 454/845/1022 464/835/1023 463/837/1024
f 454/845/1025 445/846/1026 455/836/1027 464/835/1028
s 1
f 446/814/1029 445/813/1030 465/833/1031
f 447/817/1032 446/814/1029 465/833/1031
f 448/819/1033 447/817/1032 465/833/1031
f 449/821/1034 448/819/1033 465/833/1031
f 450/823/1035 449/821/1034 465/833/1031
f 451/825/1036 450/823/1035 465/833/1031
f 452/827/1037 451/825/1036 465/833/1031
f 453/829/1038 452/827/1037 465/833/1031
f 454/831/1039 453/829/1038 465/833/1031
f 445/813/1030 454/831/1039 465/833/1031
s 2
f 455/816/1040 456/815/1041 466/834/1042
f 456/815/1041 457/818/1043 466/834/1042
f 457/818/1043 458/820/1044 466/834/1042
f 458/820/1044 459/822/1045 466/834/1042
f 459/822/1045 460/824/1046 466/834/1042
f 460/824/1046 461/826/1047 466/834/1042
f 461/826/1047 462/828/1048 466/834/1042
f 462/828/1048 463/830/1049 466/834/1042
f 463/830/1049 464/832/1050 466/834/1042
f 464/832/1050 455/816/1040 466/834/1042
g default
v -28.700956 -1.166223 -4.703366
v -28.753158 -1.166223 -4.647392
v -28.750492 -1.166223 -4.570900
v -28.694519 -1.166223 -4.518701
v -28.618029 -1.166223 -4.521366
v -28.565827 -1.166223 -4.577340
v -28.568493 -1.166223 -4.653831
v -28.624466 -1.166223 -4.706031
v -26.641527 6.598932 -3.933242
v -26.686240 6.619043 -3.874467
v -26.691063 6.598932 -3.800776
v -26.653170 6.550380 -3.755338
v -26.594760 6.501829 -3.764764
v -26.550047 6.481719 -3.823538
v -26.545224 6.501829 -3.897229
v -26.583118 6.550380 -3.942668
v -28.659492 -1.166223 -4.612366
v -26.618144 6.550380 -3.849003
v -27.883582 4.974293 -4.322214
v -27.928815 4.993798 -4.263634
v -27.988482 5.040888 -4.254678
v -28.027630 5.087979 -4.300586
v -28.023328 5.107484 -4.374472
v -27.978095 5.087979 -4.433052
v -27.918429 5.040888 -4.442008
v -27.879280 4.993798 -4.396100
v -28.408940 3.772184 -4.518672
v -28.458975 3.783594 -4.461888
v -28.530234 3.811135 -4.457266
v -28.580976 3.838677 -4.507510
v -28.581475 3.850086 -4.583191
v -28.531440 3.838677 -4.639975
v -28.460181 3.811135 -4.644597
v -28.409439 3.783593 -4.594353
v -28.567010 2.410643 -4.577782
v -28.618865 2.415283 -4.521678
v -28.694519 2.426484 -4.518701
v -28.749655 2.437685 -4.570588
v -28.751975 2.442325 -4.646950
v -28.700120 2.437685 -4.703053
v -28.624466 2.426484 -4.706031
v -28.569329 2.415283 -4.654144
vt 0.974306 0.247497
vt 0.962532 0.247497
vt 0.782939 0.321887
vt 0.779020 0.321526
vt 0.954207 0.255822
vt 0.755591 0.320909
vt 0.954208 0.267596
vt 0.759494 0.320388
vt 0.962533 0.275921
vt 0.763397 0.319864
vt 0.974306 0.275921
vt 0.767321 0.319707
vt 0.982631 0.267595
vt 0.771240 0.320070
vt 0.982632 0.255822
vt 0.775130 0.320799
vt 0.968420 0.261709
vt 0.774915 0.711337
vt 0.778837 0.711456
vt 0.968132 0.301937
vt 0.751511 0.710721
vt 0.755422 0.710807
vt 0.759320 0.710897
vt 0.763213 0.710997
vt 0.767107 0.711102
vt 0.771005 0.711217
vt 0.761057 0.541812
vt 0.764991 0.541633
vt 0.757181 0.542419
vt 0.753313 0.543019
vt 0.780548 0.544021
vt 0.776635 0.543632
vt 0.772780 0.542830
vt 0.768920 0.542018
vt 0.762206 0.432473
vt 0.766140 0.432285
vt 0.758335 0.433090
vt 0.754468 0.433690
vt 0.781688 0.434692
vt 0.777775 0.434303
vt 0.773923 0.433500
vt 0.770066 0.432680
vt 0.968132 0.317083
vt 0.957421 0.312648
vt 0.978843 0.312647
vt 0.983278 0.301937
vt 0.978842 0.291226
vt 0.968132 0.286790
vt 0.957422 0.291226
vt 0.952985 0.301937
vt 0.778214 0.029260
vt 0.782140 0.029363
vt 0.774293 0.029157
vt 0.770373 0.029053
vt 0.766452 0.028951
vt 0.762531 0.028848
vt 0.758605 0.028744
vt 0.786067 0.029467
vt 0.751666 0.321065
vt 0.750549 0.433873
vt 0.749393 0.543201
vt 0.952985 0.301937
vt 0.747589 0.710634
vt 0.754678 0.028641
vt 0.962532 0.247497
vn -0.732837 0.000276 -0.680404
vn -0.732837 0.000276 -0.680404
vn -0.732794 0.027323 -0.679902
vn -0.732607 0.039071 -0.679529
vn -0.999468 0.000276 0.032607
vn -0.999468 0.000276 0.032607
vn -0.998721 0.039071 0.032098
vn -0.999106 0.027323 0.032258
vn -0.683663 0.000048 0.729798
vn -0.683663 0.000048 0.729798
vn -0.684004 0.019642 0.729214
vn -0.683770 0.004839 0.729681
vn 0.037068 0.000048 0.999313
vn 0.037068 0.000048 0.999313
vn 0.037774 -0.019123 0.999103
vn 0.037243 -0.004681 0.999295
vn 0.732849 0.000278 0.680391
vn 0.732849 0.000278 0.680391
vn 0.732773 -0.036642 0.679486
vn 0.732900 -0.025638 0.679853
vn 0.999469 0.000278 -0.032591
vn 0.999469 0.000278 -0.032591
vn 0.999154 -0.025638 -0.032150
vn 0.998817 -0.036642 -0.031957
vn 0.683668 0.000048 -0.729793
vn 0.683668 0.000048 -0.729793
vn 0.683789 -0.004681 -0.729665
vn 0.684063 -0.019123 -0.729172
vn -0.037061 0.000048 -0.999313
vn -0.037061 0.000048 -0.999313
vn -0.037219 0.004839 -0.999295
vn -0.037701 0.019642 -0.999096
vn 0.000000 -1.000000 0.000000
vn 0.000000 -1.000000 0.000000
vn 0.000000 -1.000000 0.000000
vn 0.000000 -1.000000 0.000000
vn 0.000000 -1.000000 0.000000
vn 0.000000 -1.000000 0.000000
vn 0.000000 -1.000000 0.000000
vn 0.000000 -1.000000 0.000000
vn 0.000000 -1.000000 0.000000
vn 0.643124 0.727015 0.240499
vn 0.643123 0.727018 0.240496
vn 0.643123 0.727017 0.240497
vn 0.643126 0.727015 0.240494
vn 0.643124 0.727016 0.240497
vn 0.643122 0.727018 0.240496
vn 0.643122 0.727018 0.240498
vn 0.643121 0.727018 0.240497
vn 0.643124 0.727016 0.240497
vn 0.578908 -0.522698 0.625821
vn 0.548639 -0.566181 0.615169
vn 0.495125 -0.634388 0.593635
vn 0.495125 -0.634388 0.593635
vn -0.008588 -0.188402 0.982055
vn -0.055192 -0.252245 0.966088
vn -0.062972 -0.262791 0.962796
vn -0.062972 -0.262791 0.962796
vn -0.637770 0.188663 0.746763
vn -0.592314 0.252168 0.765229
vn -0.584218 0.262788 0.767875
vn -0.584218 0.262788 0.767875
vn -0.847777 0.522274 0.092212
vn -0.818233 0.565406 0.103973
vn -0.763170 0.634364 0.123102
vn -0.763170 0.634364 0.123102
vn -0.549245 0.565406 -0.615342
vn -0.579257 0.522274 -0.625852
vn -0.495141 0.634364 -0.593648
vn -0.495141 0.634364 -0.593648
vn 0.055121 0.252168 -0.966112
vn 0.008703 0.188663 -0.982003
vn 0.062967 0.262788 -0.962797
vn 0.062967 0.262788 -0.962797
vn 0.592245 -0.252245 -0.765257
vn 0.637891 -0.188402 -0.746727
vn 0.584214 -0.262791 -0.767877
vn 0.584214 -0.262791 -0.767877
vn 0.817663 -0.566181 -0.104240
vn 0.847494 -0.522698 -0.092417
vn 0.763150 -0.634388 -0.123103
vn 0.763150 -0.634388 -0.123103
vn 0.708239 -0.221395 0.670360
vn 0.691129 -0.285739 0.663848
vn 0.034717 -0.064258 0.997329
vn 0.012612 -0.147963 0.988912
vn -0.680388 0.065025 0.729961
vn -0.658001 0.148784 0.738172
vn -0.973139 0.226381 0.041868
vn -0.955563 0.290804 0.048301
vn -0.689408 0.290804 -0.663438
vn -0.706892 0.226381 -0.670116
vn -0.012201 0.148784 -0.988794
vn -0.034483 0.065025 -0.997288
vn 0.658388 -0.147963 -0.737992
vn 0.680592 -0.064258 -0.729839
vn 0.957131 -0.285739 -0.047480
vn 0.974315 -0.221395 -0.041168
s 1
g pasted__pCylinder7 Left_Cattail_Tall
usemtl lambert4SG
f 467/908/1051 468/914/1052 505/859/1053 506/860/1054
s 2
f 468/920/1055 469/913/1056 504/862/1057 505/915/1058
s 3
f 469/913/1059 470/912/1060 503/864/1061 504/862/1062
s 4
f 470/912/1063 471/911/1064 502/866/1065 503/864/1066
s 5
f 471/911/1067 472/910/1068 501/868/1069 502/866/1070
s 6
f 472/910/1071 473/909/1072 508/870/1073 501/868/1074
s 7
f 473/909/1075 474/907/1076 507/872/1077 508/870/1078
s 8
f 474/907/1079 467/908/1080 506/860/1081 507/872/1082
s 9
f 468/858/1083 467/857/1084 483/873/1085
f 469/861/1086 468/921/1083 483/873/1085
f 470/863/1087 469/861/1086 483/873/1085
f 471/865/1088 470/863/1087 483/873/1085
f 472/867/1089 471/865/1088 483/873/1085
f 473/869/1090 472/867/1089 483/873/1085
f 474/871/1091 473/869/1090 483/873/1085
f 467/857/1084 474/871/1091 483/873/1085
s 10
f 475/900/1092 476/906/1093 484/876/1094
f 476/918/1093 477/905/1095 484/876/1094
f 477/905/1095 478/904/1096 484/876/1094
f 478/904/1096 479/903/1097 484/876/1094
f 479/903/1097 480/902/1098 484/876/1094
f 480/902/1098 481/901/1099 484/876/1094
f 481/901/1099 482/899/1100 484/876/1094
f 482/899/1100 475/900/1092 484/876/1094
s 5
f 486/883/1101 485/884/1102 480/880/1103 479/879/1104
s 4
f 487/885/1105 486/883/1106 479/879/1107 478/878/1108
s 3
f 488/886/1109 487/885/1110 478/878/1111 477/877/1112
s 2
f 489/917/1113 488/886/1114 477/877/1115 476/919/1116
s 1
f 490/888/1117 489/887/1118 476/875/1119 475/874/1120
s 8
f 491/889/1121 490/888/1122 475/874/1123 482/882/1124
s 7
f 492/890/1125 491/889/1126 482/882/1127 481/881/1128
s 6
f 485/884/1129 492/890/1130 481/881/1131 480/880/1132
s 5
f 494/891/1133 493/892/1134 485/884/1102 486/883/1101
s 4
f 495/893/1135 494/891/1136 486/883/1106 487/885/1105
s 3
f 496/894/1137 495/893/1138 487/885/1110 488/886/1109
s 2
f 497/916/1139 496/894/1140 488/886/1114 489/917/1113
s 1
f 498/896/1141 497/895/1142 489/887/1118 490/888/1117
s 8
f 499/897/1143 498/896/1144 490/888/1122 491/889/1121
s 7
f 500/898/1145 499/897/1146 491/889/1126 492/890/1125
s 6
f 493/892/1147 500/898/1148 492/890/1130 485/884/1129
s 5
f 502/866/1070 501/868/1069 493/892/1134 494/891/1133
s 4
f 503/864/1066 502/866/1065 494/891/1136 495/893/1135
s 3
f 504/862/1062 503/864/1061 495/893/1138 496/894/1137
s 2
f 505/915/1058 504/862/1057 496/894/1140 497/916/1139
s 1
f 506/860/1054 505/859/1053 497/895/1142 498/896/1141
s 8
f 507/872/1082 506/860/1081 498/896/1144 499/897/1143
s 7
f 508/870/1078 507/872/1077 499/897/1146 500/898/1145
s 6
f 501/868/1074 508/870/1073 500/898/1148 493/892/1147
g default
v -27.801474 5.368617 -4.550628
v -27.928702 5.442902 -4.438063
v -27.993644 5.442902 -4.264398
v -27.971494 5.368617 -4.095970
v -27.870711 5.248421 -3.997113
v -27.729792 5.128225 -4.005586
v -27.602563 5.053940 -4.118153
v -27.537621 5.053940 -4.291818
v -27.559773 5.128225 -4.460244
v -27.660555 5.248421 -4.559103
v -26.779951 6.539330 -4.168629
v -26.907180 6.613615 -4.056064
v -26.972122 6.613615 -3.882399
v -26.949971 6.539330 -3.713971
v -26.849188 6.419134 -3.615115
v -26.708270 6.298938 -3.623587
v -26.581041 6.224653 -3.736154
v -26.516099 6.224654 -3.909819
v -26.538250 6.298938 -4.078245
v -26.639032 6.419134 -4.177104
v -27.765633 5.248421 -4.278107
v -26.744110 6.419134 -3.896108
vt 0.157412 0.427597
vt 0.160309 0.427597
vt 0.148854 0.423114
vt 0.148016 0.420336
vt 0.162653 0.425894
vt 0.147899 0.425855
vt 0.163548 0.423139
vt 0.145515 0.427511
vt 0.162653 0.420383
vt 0.142614 0.427450
vt 0.160309 0.418680
vt 0.140303 0.425695
vt 0.157412 0.418680
vt 0.139464 0.422916
vt 0.155068 0.420383
vt 0.140419 0.420175
vt 0.154172 0.423139
vt 0.142803 0.418519
vt 0.155068 0.425894
vt 0.145704 0.418581
vt 0.158861 0.423139
vt 0.144159 0.423015
vt 0.154108 0.485688
vt 0.160307 0.485688
vt 0.147909 0.485688
vt 0.141710 0.485688
vt 0.135511 0.485688
vt 0.129312 0.485688
vt 0.123112 0.485688
vt 0.116913 0.485688
vt 0.110714 0.485688
vt 0.104515 0.485688
vt 0.154108 0.432192
vt 0.160307 0.432192
vt 0.147909 0.432192
vt 0.141710 0.432192
vt 0.135511 0.432192
vt 0.129311 0.432192
vt 0.123112 0.432192
vt 0.116913 0.432192
vt 0.110714 0.432192
vt 0.166506 0.432192
vt 0.104515 0.432192
vt 0.166506 0.485688
vn -0.348572 0.551448 -0.757893
vn -0.348572 0.551448 -0.757893
vn -0.348572 0.551448 -0.757893
vn -0.348572 0.551448 -0.757893
vn -0.685344 0.681631 -0.256285
vn -0.685344 0.681631 -0.256285
vn -0.685344 0.681631 -0.256285
vn -0.685344 0.681631 -0.256285
vn -0.760334 0.551451 0.343211
vn -0.760334 0.551451 0.343211
vn -0.760334 0.551451 0.343211
vn -0.760334 0.551451 0.343211
vn -0.544898 0.210632 0.811616
vn -0.544898 0.210632 0.811616
vn -0.544898 0.210632 0.811616
vn -0.544898 0.210632 0.811616
vn -0.121340 -0.210632 0.970006
vn -0.121340 -0.210632 0.970006
vn -0.121340 -0.210632 0.970006
vn -0.121340 -0.210632 0.970006
vn 0.348576 -0.551451 0.757889
vn 0.348576 -0.551451 0.757889
vn 0.348576 -0.551451 0.757889
vn 0.348576 -0.551451 0.757889
vn 0.685345 -0.681631 0.256284
vn 0.685345 -0.681631 0.256284
vn 0.685345 -0.681631 0.256284
vn 0.685345 -0.681631 0.256284
vn 0.760333 -0.551448 -0.343218
vn 0.760333 -0.551448 -0.343218
vn 0.760333 -0.551448 -0.343218
vn 0.760333 -0.551448 -0.343218
vn 0.544905 -0.210640 -0.811610
vn 0.544905 -0.210640 -0.811610
vn 0.544905 -0.210640 -0.811610
vn 0.544905 -0.210640 -0.811610
vn 0.121331 0.210639 -0.970005
vn 0.121331 0.210639 -0.970005
vn 0.121331 0.210639 -0.970005
vn 0.121331 0.210639 -0.970005
vn -0.638451 -0.731696 -0.238749
vn -0.638451 -0.731696 -0.238749
vn -0.638451 -0.731696 -0.238749
vn -0.638451 -0.731696 -0.238749
vn -0.638451 -0.731696 -0.238749
vn -0.638451 -0.731697 -0.238749
vn -0.638450 -0.731697 -0.238748
vn -0.638451 -0.731697 -0.238748
vn -0.638450 -0.731697 -0.238749
vn -0.638450 -0.731697 -0.238749
vn -0.638451 -0.731697 -0.238749
vn 0.638450 0.731697 0.238750
vn 0.638449 0.731698 0.238750
vn 0.638451 0.731696 0.238749
vn 0.638450 0.731698 0.238747
vn 0.638451 0.731697 0.238748
vn 0.638451 0.731696 0.238749
vn 0.638453 0.731695 0.238748
vn 0.638453 0.731694 0.238751
vn 0.638451 0.731695 0.238751
vn 0.638451 0.731696 0.238749
vn 0.638451 0.731696 0.238749
s off
g Left_Cattail_Tall pasted__pCylinder8
usemtl lambert4SG
f 509/955/1149 510/963/1150 520/965/1151 519/945/1152
f 510/964/1153 511/962/1154 521/952/1155 520/953/1156
f 511/962/1157 512/961/1158 522/951/1159 521/952/1160
f 512/961/1161 513/960/1162 523/950/1163 522/951/1164
f 513/960/1165 514/959/1166 524/949/1167 523/950/1168
f 514/959/1169 515/958/1170 525/948/1171 524/949/1172
f 515/958/1173 516/957/1174 526/947/1175 525/948/1176
f 516/957/1177 517/956/1178 527/946/1179 526/947/1180
f 517/956/1181 518/954/1182 528/944/1183 527/946/1184
f 518/954/1185 509/955/1186 519/945/1187 528/944/1188
s 1
f 510/923/1189 509/922/1190 529/942/1191
f 511/926/1192 510/923/1189 529/942/1191
f 512/928/1193 511/926/1192 529/942/1191
f 513/930/1194 512/928/1193 529/942/1191
f 514/932/1195 513/930/1194 529/942/1191
f 515/934/1196 514/932/1195 529/942/1191
f 516/936/1197 515/934/1196 529/942/1191
f 517/938/1198 516/936/1197 529/942/1191
f 518/940/1199 517/938/1198 529/942/1191
f 509/922/1190 518/940/1199 529/942/1191
s 2
f 519/925/1200 520/924/1201 530/943/1202
f 520/924/1201 521/927/1203 530/943/1202
f 521/927/1203 522/929/1204 530/943/1202
f 522/929/1204 523/931/1205 530/943/1202
f 523/931/1205 524/933/1206 530/943/1202
f 524/933/1206 525/935/1207 530/943/1202
f 525/935/1207 526/937/1208 530/943/1202
f 526/937/1208 527/939/1209 530/943/1202
f 527/939/1209 528/941/1210 530/943/1202
f 528/941/1210 519/925/1200 530/943/1202
g default
v -31.241757 -1.382133 -3.704827
v -31.253158 -1.382133 -3.780511
v -31.314737 -1.382133 -3.825967
v -31.390419 -1.382133 -3.814565
v -31.435874 -1.382133 -3.752989
v -31.424472 -1.382133 -3.677304
v -31.362894 -1.382133 -3.631849
v -31.287212 -1.382133 -3.643251
v -33.125107 6.383022 -2.570220
v -33.143357 6.403133 -2.641779
v -33.198086 6.383022 -2.691360
v -33.257234 6.334471 -2.689919
v -33.286156 6.285919 -2.638304
v -33.267905 6.265809 -2.566746
v -33.213176 6.285919 -2.517164
v -33.154028 6.334471 -2.518605
v -31.338815 -1.382133 -3.728908
v -33.205631 6.334471 -2.604262
v -32.048386 4.758383 -3.301434
v -32.066161 4.777888 -3.373278
v -32.036090 4.824979 -3.425586
v -31.975794 4.872070 -3.427719
v -31.920588 4.891575 -3.378424
v -31.902814 4.872070 -3.306579
v -31.932884 4.824979 -3.254272
v -31.993181 4.777888 -3.252138
v -31.567946 3.556274 -3.590870
v -31.581329 3.567684 -3.665361
v -31.540657 3.595226 -3.724055
v -31.469759 3.622767 -3.732575
v -31.410162 3.634177 -3.685925
v -31.396779 3.622767 -3.611435
v -31.437451 3.595226 -3.552741
v -31.508349 3.567684 -3.544221
v -31.423391 2.194733 -3.677956
v -31.435109 2.199373 -3.753449
v -31.390419 2.210574 -3.814565
v -31.315501 2.221775 -3.825506
v -31.254240 2.226415 -3.779859
v -31.242522 2.221775 -3.704366
v -31.287212 2.210574 -3.643251
v -31.362130 2.199373 -3.632309
vt 0.976134 0.166882
vt 0.964360 0.166882
vt 0.830973 0.319979
vt 0.827053 0.319618
vt 0.956035 0.175207
vt 0.803625 0.319001
vt 0.956036 0.186981
vt 0.807527 0.318480
vt 0.964361 0.195306
vt 0.811431 0.317956
vt 0.976134 0.195306
vt 0.815355 0.317799
vt 0.984459 0.186981
vt 0.819273 0.318162
vt 0.984460 0.175207
vt 0.823164 0.318891
vt 0.970248 0.181094
vt 0.822949 0.709429
vt 0.826871 0.709548
vt 0.969960 0.222443
vt 0.799545 0.708813
vt 0.803455 0.708899
vt 0.807353 0.708989
vt 0.811247 0.709089
vt 0.815141 0.709194
vt 0.819038 0.709309
vt 0.809090 0.539904
vt 0.813025 0.539725
vt 0.805215 0.540511
vt 0.801346 0.541111
vt 0.828581 0.542113
vt 0.824668 0.541724
vt 0.820814 0.540922
vt 0.816954 0.540110
vt 0.810240 0.430565
vt 0.814173 0.430377
vt 0.806369 0.431182
vt 0.802502 0.431782
vt 0.829722 0.432784
vt 0.825808 0.432395
vt 0.821956 0.431592
vt 0.818100 0.430772
vt 0.969960 0.237590
vt 0.959249 0.233154
vt 0.980671 0.233153
vt 0.985106 0.222443
vt 0.980670 0.211732
vt 0.969960 0.207296
vt 0.959250 0.211732
vt 0.954813 0.222443
vt 0.826248 0.027352
vt 0.830174 0.027455
vt 0.822327 0.027249
vt 0.818407 0.027145
vt 0.814486 0.027043
vt 0.810565 0.026940
vt 0.806639 0.026835
vt 0.834101 0.027558
vt 0.799700 0.319157
vt 0.798583 0.431965
vt 0.797427 0.541293
vt 0.954813 0.222443
vt 0.795622 0.708726
vt 0.802712 0.026733
vt 0.964360 0.166882
vn 0.988508 0.000276 -0.151167
vn 0.988508 0.000276 -0.151167
vn 0.988088 0.027323 -0.151444
vn 0.987680 0.039071 -0.151530
vn 0.595687 0.000276 -0.803216
vn 0.595687 0.000276 -0.803216
vn 0.595621 0.039071 -0.802315
vn 0.595736 0.027323 -0.802715
vn -0.146761 0.000048 -0.989172
vn -0.146761 0.000048 -0.989172
vn -0.146091 0.019642 -0.989076
vn -0.146602 0.004839 -0.989184
vn -0.805867 0.000048 -0.592096
vn -0.805867 0.000048 -0.592096
vn -0.806142 -0.019123 -0.591413
vn -0.805962 -0.004681 -0.591948
vn -0.988506 0.000278 0.151184
vn -0.988506 0.000278 0.151184
vn -0.987749 -0.036642 0.151687
vn -0.988116 -0.025638 0.151559
vn -0.595701 0.000278 0.803206
vn -0.595701 0.000278 0.803206
vn -0.595850 -0.025638 0.802686
vn -0.595792 -0.036642 0.802302
vn 0.146754 0.000048 0.989173
vn 0.146754 0.000048 0.989173
vn 0.146578 -0.004681 0.989188
vn 0.146022 -0.019123 0.989097
vn 0.805863 0.000048 0.592102
vn 0.805863 0.000048 0.592102
vn 0.805947 0.004839 0.591967
vn 0.806091 0.019642 0.591466
vn 0.000000 -1.000000 0.000000
vn 0.000000 -1.000000 0.000000
vn 0.000000 -1.000000 0.000000
vn 0.000000 -1.000000 0.000000
vn 0.000000 -1.000000 0.000000
vn 0.000000 -1.000000 0.000000
vn 0.000000 -1.000000 0.000000
vn 0.000000 -1.000000 0.000000
vn 0.000000 -1.000000 0.000000
vn -0.588140 0.727015 0.354316
vn -0.588136 0.727018 0.354317
vn -0.588137 0.727017 0.354317
vn -0.588137 0.727015 0.354321
vn -0.588138 0.727016 0.354318
vn -0.588136 0.727018 0.354317
vn -0.588137 0.727018 0.354316
vn -0.588136 0.727018 0.354316
vn -0.588138 0.727016 0.354318
vn -0.850073 -0.522698 0.064511
vn -0.822915 -0.566181 0.047420
vn -0.772784 -0.634388 0.018883
vn -0.772784 -0.634388 0.018883
vn -0.763970 -0.188402 -0.617134
vn -0.722495 -0.252245 -0.643719
vn -0.715080 -0.262791 -0.647767
vn -0.715080 -0.262791 -0.647767
vn -0.188575 0.188663 -0.963766
vn -0.231294 0.252168 -0.939635
vn -0.238399 0.262788 -0.934937
vn -0.238399 0.262788 -0.934937
vn 0.454710 0.522274 -0.721435
vn 0.427133 0.565406 -0.705602
vn 0.377923 0.634364 -0.674356
vn 0.377923 0.634364 -0.674356
vn 0.823427 0.565406 -0.047787
vn 0.850315 0.522274 -0.064764
vn 0.772803 0.634364 -0.018888
vn 0.772803 0.634364 -0.018888
vn 0.722558 0.252168 0.643678
vn 0.763858 0.188663 0.617193
vn 0.715084 0.262788 0.647763
vn 0.715084 0.262788 0.647763
vn 0.231360 -0.252245 0.939598
vn 0.188472 -0.188402 0.963838
vn 0.238404 -0.262791 0.934936
vn 0.238404 -0.262791 0.934936
vn -0.426570 -0.566181 0.705320
vn -0.454373 -0.522698 0.721340
vn -0.377910 -0.634388 0.674341
vn -0.377910 -0.634388 0.674341
vn -0.965350 -0.221395 0.138140
vn -0.949615 -0.285739 0.128784
vn -0.802852 -0.064258 -0.592705
vn -0.782519 -0.147963 -0.604790
vn -0.148924 0.065025 -0.986708
vn -0.169271 0.148784 -0.974274
vn 0.572067 0.226381 -0.788347
vn 0.556103 0.290804 -0.778577
vn 0.948224 0.290804 -0.127691
vn 0.964323 0.226381 -0.137236
vn 0.782171 0.148784 0.605039
vn 0.802674 0.065025 0.592863
vn 0.168889 -0.147963 0.974466
vn 0.148701 -0.064258 0.986792
vn -0.557721 -0.285739 0.779295
vn -0.573347 -0.221395 0.788833
s 1
g pasted__Cattail_Stalk_Tall Left_Cattail_Tall1
usemtl lambert4SG
f 531/1017/1211 532/1023/1212 569/968/1213 570/969/1214
s 2
f 532/1029/1215 533/1022/1216 568/971/1217 569/1024/1218
s 3
f 533/1022/1219 534/1021/1220 567/973/1221 568/971/1222
s 4
f 534/1021/1223 535/1020/1224 566/975/1225 567/973/1226
s 5
f 535/1020/1227 536/1019/1228 565/977/1229 566/975/1230
s 6
f 536/1019/1231 537/1018/1232 572/979/1233 565/977/1234
s 7
f 537/1018/1235 538/1016/1236 571/981/1237 572/979/1238
s 8
f 538/1016/1239 531/1017/1240 570/969/1241 571/981/1242
s 9
f 532/967/1243 531/966/1244 547/982/1245
f 533/970/1246 532/1030/1243 547/982/1245
f 534/972/1247 533/970/1246 547/982/1245
f 535/974/1248 534/972/1247 547/982/1245
f 536/976/1249 535/974/1248 547/982/1245
f 537/978/1250 536/976/1249 547/982/1245
f 538/980/1251 537/978/1250 547/982/1245
f 531/966/1244 538/980/1251 547/982/1245
s 10
f 539/1009/1252 540/1015/1253 548/985/1254
f 540/1027/1253 541/1014/1255 548/985/1254
f 541/1014/1255 542/1013/1256 548/985/1254
f 542/1013/1256 543/1012/1257 548/985/1254
f 543/1012/1257 544/1011/1258 548/985/1254
f 544/1011/1258 545/1010/1259 548/985/1254
f 545/1010/1259 546/1008/1260 548/985/1254
f 546/1008/1260 539/1009/1252 548/985/1254
s 5
f 550/992/1261 549/993/1262 544/989/1263 543/988/1264
s 4
f 551/994/1265 550/992/1266 543/988/1267 542/987/1268
s 3
f 552/995/1269 551/994/1270 542/987/1271 541/986/1272
s 2
f 553/1026/1273 552/995/1274 541/986/1275 540/1028/1276
s 1
f 554/997/1277 553/996/1278 540/984/1279 539/983/1280
s 8
f 555/998/1281 554/997/1282 539/983/1283 546/991/1284
s 7
f 556/999/1285 555/998/1286 546/991/1287 545/990/1288
s 6
f 549/993/1289 556/999/1290 545/990/1291 544/989/1292
s 5
f 558/1000/1293 557/1001/1294 549/993/1262 550/992/1261
s 4
f 559/1002/1295 558/1000/1296 550/992/1266 551/994/1265
s 3
f 560/1003/1297 559/1002/1298 551/994/1270 552/995/1269
s 2
f 561/1025/1299 560/1003/1300 552/995/1274 553/1026/1273
s 1
f 562/1005/1301 561/1004/1302 553/996/1278 554/997/1277
s 8
f 563/1006/1303 562/1005/1304 554/997/1282 555/998/1281
s 7
f 564/1007/1305 563/1006/1306 555/998/1286 556/999/1285
s 6
f 557/1001/1307 564/1007/1308 556/999/1290 549/993/1289
s 5
f 566/975/1230 565/977/1229 557/1001/1294 558/1000/1293
s 4
f 567/973/1226 566/975/1225 558/1000/1296 559/1002/1295
s 3
f 568/971/1222 567/973/1221 559/1002/1298 560/1003/1297
s 2
f 569/1024/1218 568/971/1217 560/1003/1300 561/1025/1299
s 1
f 570/969/1214 569/968/1213 561/1004/1302 562/1005/1301
s 8
f 571/981/1242 570/969/1241 562/1005/1304 563/1006/1303
s 7
f 572/979/1238 571/981/1237 563/1006/1306 564/1007/1305
s 6
f 565/977/1234 572/979/1233 564/1007/1308 557/1001/1307
g default
v -31.920490 5.152707 -3.095139
v -31.929589 5.226992 -3.264772
v -32.025267 5.226992 -3.423588
v -32.170976 5.152707 -3.510925
v -32.311059 5.032511 -3.493420
v -32.392012 4.912315 -3.377764
v -32.382911 4.838030 -3.208129
v -32.287233 4.838030 -3.049313
v -32.141526 4.912315 -2.961978
v -32.001441 5.032511 -2.979481
v -32.854673 6.323420 -2.532349
v -32.863772 6.397705 -2.701982
v -32.959450 6.397705 -2.860799
v -33.105159 6.323420 -2.948135
v -33.245243 6.203224 -2.930630
v -33.326195 6.083029 -2.814974
v -33.317094 6.008743 -2.645340
v -33.221417 6.008744 -2.486523
v -33.075709 6.083029 -2.399188
v -32.935625 6.203224 -2.416691
v -32.156250 5.032511 -3.236452
v -33.090434 6.203224 -2.673661
vt 0.264933 0.427434
vt 0.267830 0.427434
vt 0.256375 0.422951
vt 0.255538 0.420172
vt 0.270175 0.425730
vt 0.255420 0.425692
vt 0.271070 0.422975
vt 0.253037 0.427348
vt 0.270175 0.420220
vt 0.250135 0.427286
vt 0.267831 0.418517
vt 0.247823 0.425531
vt 0.264933 0.418517
vt 0.246985 0.422752
vt 0.262589 0.420220
vt 0.247940 0.420011
vt 0.261694 0.422975
vt 0.250324 0.418356
vt 0.262589 0.425731
vt 0.253226 0.418417
vt 0.266382 0.422975
vt 0.251680 0.422851
vt 0.261629 0.485525
vt 0.267828 0.485525
vt 0.255430 0.485525
vt 0.249231 0.485525
vt 0.243032 0.485525
vt 0.236833 0.485525
vt 0.230633 0.485525
vt 0.224434 0.485525
vt 0.218235 0.485525
vt 0.212036 0.485525
vt 0.261629 0.432029
vt 0.267828 0.432029
vt 0.255430 0.432029
vt 0.249231 0.432029
vt 0.243032 0.432029
vt 0.236833 0.432029
vt 0.230633 0.432029
vt 0.224434 0.432029
vt 0.218235 0.432029
vt 0.274027 0.432029
vt 0.212036 0.432029
vt 0.274027 0.485525
vn 0.810366 0.551448 0.198018
vn 0.810366 0.551448 0.198018
vn 0.810366 0.551448 0.198018
vn 0.810366 0.551448 0.198018
vn 0.626748 0.681631 -0.377578
vn 0.626748 0.681631 -0.377578
vn 0.626748 0.681631 -0.377578
vn 0.626748 0.681631 -0.377578
vn 0.203734 0.551451 -0.808946
vn 0.203734 0.551451 -0.808946
vn 0.203734 0.551451 -0.808946
vn 0.203734 0.551451 -0.808946
vn -0.297104 0.210632 -0.931323
vn -0.297104 0.210632 -0.931323
vn -0.297104 0.210632 -0.931323
vn -0.297104 0.210632 -0.931323
vn -0.684449 -0.210632 -0.697971
vn -0.684449 -0.210632 -0.697971
vn -0.684449 -0.210632 -0.697971
vn -0.684449 -0.210632 -0.697971
vn -0.810366 -0.551451 -0.198012
vn -0.810366 -0.551451 -0.198012
vn -0.810366 -0.551451 -0.198012
vn -0.810366 -0.551451 -0.198012
vn -0.626748 -0.681631 0.377579
vn -0.626748 -0.681631 0.377579
vn -0.626748 -0.681631 0.377579
vn -0.626748 -0.681631 0.377579
vn -0.203728 -0.551448 0.808950
vn -0.203728 -0.551448 0.808950
vn -0.203728 -0.551448 0.808950
vn -0.203728 -0.551448 0.808950
vn 0.297095 -0.210640 0.931325
vn 0.297095 -0.210640 0.931325
vn 0.297095 -0.210640 0.931325
vn 0.297095 -0.210640 0.931325
vn 0.684454 0.210639 0.697964
vn 0.684454 0.210639 0.697964
vn 0.684454 0.210639 0.697964
vn 0.684454 0.210639 0.697964
vn 0.583864 -0.731696 -0.351744
vn 0.583864 -0.731696 -0.351744
vn 0.583864 -0.731696 -0.351743
vn 0.583864 -0.731696 -0.351744
vn 0.583864 -0.731696 -0.351744
vn 0.583864 -0.731697 -0.351743
vn 0.583863 -0.731697 -0.351743
vn 0.583863 -0.731697 -0.351743
vn 0.583864 -0.731697 -0.351743
vn 0.583864 -0.731697 -0.351743
vn 0.583864 -0.731697 -0.351743
vn -0.583864 0.731697 0.351742
vn -0.583863 0.731698 0.351741
vn -0.583864 0.731696 0.351743
vn -0.583862 0.731698 0.351744
vn -0.583863 0.731697 0.351744
vn -0.583864 0.731696 0.351744
vn -0.583865 0.731695 0.351745
vn -0.583867 0.731694 0.351744
vn -0.583866 0.731695 0.351742
vn -0.583864 0.731696 0.351744
vn -0.583864 0.731696 0.351744
s off
g Left_Cattail_Tall1 pasted__Cattail_Tall
usemtl lambert4SG
f 573/1064/1309 574/1072/1310 584/1074/1311 583/1054/1312
f 574/1073/1313 575/1071/1314 585/1061/1315 584/1062/1316
f 575/1071/1317 576/1070/1318 586/1060/1319 585/1061/1320
f 576/1070/1321 577/1069/1322 587/1059/1323 586/1060/1324
f 577/1069/1325 578/1068/1326 588/1058/1327 587/1059/1328
f 578/1068/1329 579/1067/1330 589/1057/1331 588/1058/1332
f 579/1067/1333 580/1066/1334 590/1056/1335 589/1057/1336
f 580/1066/1337 581/1065/1338 591/1055/1339 590/1056/1340
f 581/1065/1341 582/1063/1342 592/1053/1343 591/1055/1344
f 582/1063/1345 573/1064/1346 583/1054/1347 592/1053/1348
s 1
f 574/1032/1349 573/1031/1350 593/1051/1351
f 575/1035/1352 574/1032/1349 593/1051/1351
f 576/1037/1353 575/1035/1352 593/1051/1351
f 577/1039/1354 576/1037/1353 593/1051/1351
f 578/1041/1355 577/1039/1354 593/1051/1351
f 579/1043/1356 578/1041/1355 593/1051/1351
f 580/1045/1357 579/1043/1356 593/1051/1351
f 581/1047/1358 580/1045/1357 593/1051/1351
f 582/1049/1359 581/1047/1358 593/1051/1351
f 573/1031/1350 582/1049/1359 593/1051/1351
s 2
f 583/1034/1360 584/1033/1361 594/1052/1362
f 584/1033/1361 585/1036/1363 594/1052/1362
f 585/1036/1363 586/1038/1364 594/1052/1362
f 586/1038/1364 587/1040/1365 594/1052/1362
f 587/1040/1365 588/1042/1366 594/1052/1362
f 588/1042/1366 589/1044/1367 594/1052/1362
f 589/1044/1367 590/1046/1368 594/1052/1362
f 590/1046/1368 591/1048/1369 594/1052/1362
f 591/1048/1369 592/1050/1370 594/1052/1362
f 592/1050/1370 583/1034/1360 594/1052/1362
g default
v 24.361245 -1.494670 -4.959440
v 24.388244 -1.494670 -5.031059
v 24.356695 -1.494670 -5.100792
v 24.285078 -1.494670 -5.127789
v 24.215346 -1.494670 -5.096241
v 24.188348 -1.494670 -5.024623
v 24.219897 -1.494670 -4.954890
v 24.291513 -1.494670 -4.927893
v 22.781172 4.343040 -4.908574
v 22.802211 4.360753 -4.980000
v 22.776622 4.343040 -5.049925
v 22.719395 4.300277 -5.077386
v 22.664052 4.257514 -5.046301
v 22.643013 4.239801 -4.974875
v 22.668602 4.257514 -4.904950
v 22.725830 4.300277 -4.877489
v 24.288296 -1.494670 -5.027841
v 22.722612 4.300277 -4.977438
v 24.248954 1.916281 -4.926523
v 24.182090 1.890788 -4.953673
v 24.152510 1.880228 -5.023470
v 24.177540 1.890788 -5.095024
v 24.242519 1.916281 -5.126419
v 24.309382 1.941775 -5.099269
v 24.338962 1.952334 -5.029472
v 24.313932 1.941775 -4.957917
v 23.998733 2.738816 -4.947770
v 23.943391 2.696052 -4.916686
v 23.886162 2.653289 -4.944146
v 23.860572 2.635576 -5.014071
v 23.881611 2.653289 -5.085498
v 23.936955 2.696052 -5.116582
v 23.994183 2.738816 -5.089122
v 24.019772 2.756529 -5.019196
v 24.414074 1.016590 -4.961141
v 24.344931 1.007471 -4.929612
v 24.273905 0.998351 -4.956629
v 24.242601 0.994574 -5.026370
v 24.269354 0.998351 -5.097980
v 24.338496 1.007471 -5.129509
v 24.409524 1.016590 -5.102492
v 24.440828 1.020368 -5.032751
vt 0.979955 0.789838
vt 0.979955 0.778103
vt 0.472726 0.182280
vt 0.468097 0.182065
vt 0.971657 0.769806
vt 0.440420 0.181886
vt 0.959923 0.769806
vt 0.445028 0.181472
vt 0.951626 0.778103
vt 0.449635 0.181052
vt 0.951626 0.789837
vt 0.454265 0.180895
vt 0.959923 0.798135
vt 0.458893 0.181112
vt 0.971657 0.798135
vt 0.463495 0.181591
vt 0.965790 0.783970
vt 0.466678 0.420007
vt 0.471307 0.420049
vt 0.965954 0.823113
vt 0.439051 0.419829
vt 0.443666 0.419846
vt 0.448268 0.419866
vt 0.452865 0.419894
vt 0.457462 0.419925
vt 0.462063 0.419964
vt 0.458572 0.238714
vt 0.463143 0.239365
vt 0.462845 0.292115
vt 0.458260 0.291537
vt 0.453928 0.238425
vt 0.453618 0.291286
vt 0.449281 0.238653
vt 0.448974 0.291477
vt 0.444703 0.239246
vt 0.444383 0.291996
vt 0.440134 0.239819
vt 0.439799 0.292507
vt 0.472327 0.240276
vt 0.472045 0.292941
vt 0.467704 0.239997
vt 0.467422 0.292685
vt 0.965954 0.808071
vt 0.976590 0.812477
vt 0.955318 0.812476
vt 0.950912 0.823112
vt 0.955318 0.833749
vt 0.965954 0.838154
vt 0.976590 0.833749
vt 0.980996 0.823112
vt 0.464436 0.022745
vt 0.469062 0.022869
vt 0.459814 0.022620
vt 0.455193 0.022551
vt 0.450571 0.022561
vt 0.445949 0.022626
vt 0.441321 0.022690
vt 0.473693 0.022937
vt 0.435789 0.182042
vt 0.435509 0.240039
vt 0.435173 0.292703
vt 0.980996 0.823112
vt 0.434422 0.419812
vt 0.436689 0.022699
vt 0.979955 0.778103
vn 0.936232 -0.019398 0.350847
vn 0.936232 -0.019398 0.350847
vn 0.936533 0.010001 0.350437
vn 0.936502 0.015132 0.350335
vn 0.911727 -0.019398 -0.410338
vn 0.911727 -0.019398 -0.410338
vn 0.912030 0.015132 -0.409844
vn 0.912054 0.010001 -0.409948
vn 0.354567 -0.008152 -0.934995
vn 0.354567 -0.008152 -0.934995
vn 0.355210 0.007424 -0.934757
vn 0.354876 -0.000934 -0.934913
vn -0.413979 0.008273 -0.910249
vn -0.413979 0.008273 -0.910249
vn -0.414664 -0.006819 -0.909949
vn -0.414312 0.001190 -0.910134
vn -0.936225 0.020098 -0.350826
vn -0.936225 0.020098 -0.350826
vn -0.936596 -0.012007 -0.350206
vn -0.936602 -0.007394 -0.350317
vn -0.911722 0.020098 0.410316
vn -0.911722 0.020098 0.410316
vn -0.912131 -0.007394 0.409832
vn -0.912132 -0.012007 0.409721
vn -0.354577 0.008273 0.934990
vn -0.354577 0.008273 0.934990
vn -0.354916 0.001190 0.934897
vn -0.355279 -0.006819 0.934735
vn 0.413970 -0.008152 0.910254
vn 0.413970 -0.008152 0.910254
vn 0.414273 -0.000934 0.910152
vn 0.414597 0.007424 0.909975
vn 0.000000 -1.000000 0.000000
vn 0.000000 -1.000000 0.000000
vn 0.000000 -1.000000 0.000000
vn 0.000000 -1.000000 0.000000
vn 0.000000 -1.000000 0.000000
vn 0.000000 -1.000000 0.000000
vn 0.000000 -1.000000 0.000000
vn 0.000000 -1.000000 0.000000
vn 0.000000 -1.000000 0.000000
vn -0.604452 0.796404 0.019460
vn -0.604454 0.796402 0.019458
vn -0.604453 0.796403 0.019458
vn -0.604450 0.796406 0.019457
vn -0.604450 0.796405 0.019459
vn -0.604454 0.796403 0.019457
vn -0.604454 0.796402 0.019458
vn -0.604453 0.796403 0.019460
vn -0.604452 0.796404 0.019459
vn -0.337012 -0.123847 0.933319
vn -0.353649 -0.053463 0.933849
vn -0.314996 -0.169624 0.933812
vn -0.278985 -0.225247 0.933505
vn -0.881438 -0.238102 0.407891
vn -0.894311 -0.183030 0.408299
vn -0.777652 -0.477888 0.408511
vn -0.754359 -0.514318 0.407945
vn -0.918720 -0.183030 -0.349933
vn -0.905848 -0.238102 -0.350353
vn -0.779035 -0.514318 -0.358581
vn -0.802316 -0.477888 -0.357648
vn -0.412981 -0.053463 -0.909169
vn -0.396343 -0.123847 -0.909711
vn -0.338448 -0.225247 -0.913628
vn -0.374405 -0.169624 -0.911619
vn 0.353361 0.054524 -0.933897
vn 0.336441 0.125134 -0.933354
vn 0.279034 0.225189 -0.933504
vn 0.314873 0.169928 -0.933798
vn 0.892748 0.189864 -0.408598
vn 0.879335 0.245296 -0.408167
vn 0.754887 0.513558 -0.407927
vn 0.778046 0.477302 -0.408446
vn 0.903767 0.245296 0.350764
vn 0.917180 0.189864 0.350332
vn 0.802705 0.477302 0.357557
vn 0.779561 0.513558 0.358529
vn 0.395776 0.125134 0.909782
vn 0.412696 0.054524 0.909236
vn 0.374281 0.169928 0.911613
vn 0.338497 0.225189 0.913624
vn 0.334327 0.231423 0.913602
vn 0.334327 0.231423 0.913602
vn -0.274871 -0.231421 0.933215
vn -0.274871 -0.231421 0.933215
vn -0.723092 -0.558729 0.406151
vn -0.723092 -0.558730 0.406151
vn -0.747718 -0.558729 -0.358802
vn -0.747718 -0.558729 -0.358802
vn -0.334325 -0.231421 -0.913604
vn -0.334325 -0.231421 -0.913603
vn 0.274874 0.231423 -0.933214
vn 0.274874 0.231423 -0.933214
vn 0.723091 0.558729 -0.406153
vn 0.723091 0.558729 -0.406153
vn 0.747717 0.558729 0.358804
vn 0.747717 0.558729 0.358804
s 1
g pasted__Cattail_Stalk_Short Right_Cattail_Short
usemtl lambert4SG
f 595/1126/1371 596/1132/1372 636/1077/1373 629/1078/1374
s 2
f 596/1138/1375 597/1131/1376 635/1080/1377 636/1133/1378
s 3
f 597/1131/1379 598/1130/1380 634/1082/1381 635/1080/1382
s 4
f 598/1130/1383 599/1129/1384 633/1084/1385 634/1082/1386
s 5
f 599/1129/1387 600/1128/1388 632/1086/1389 633/1084/1390
s 6
f 600/1128/1391 601/1127/1392 631/1088/1393 632/1086/1394
s 7
f 601/1127/1395 602/1125/1396 630/1090/1397 631/1088/1398
s 8
f 602/1125/1399 595/1126/1400 629/1078/1401 630/1090/1402
s 9
f 596/1076/1403 595/1075/1404 611/1091/1405
f 597/1079/1406 596/1139/1403 611/1091/1405
f 598/1081/1407 597/1079/1406 611/1091/1405
f 599/1083/1408 598/1081/1407 611/1091/1405
f 600/1085/1409 599/1083/1408 611/1091/1405
f 601/1087/1410 600/1085/1409 611/1091/1405
f 602/1089/1411 601/1087/1410 611/1091/1405
f 595/1075/1404 602/1089/1411 611/1091/1405
s 10
f 603/1118/1412 604/1124/1413 612/1094/1414
f 604/1136/1413 605/1123/1415 612/1094/1414
f 605/1123/1415 606/1122/1416 612/1094/1414
f 606/1122/1416 607/1121/1417 612/1094/1414
f 607/1121/1417 608/1120/1418 612/1094/1414
f 608/1120/1418 609/1119/1419 612/1094/1414
f 609/1119/1419 610/1117/1420 612/1094/1414
f 610/1117/1420 603/1118/1412 612/1094/1414
s 7
f 614/1101/1421 613/1102/1422 622/1103/1423 623/1104/1424
s 6
f 615/1105/1425 614/1101/1426 623/1104/1427 624/1106/1428
s 5
f 616/1107/1429 615/1105/1430 624/1106/1431 625/1108/1432
s 4
f 617/1109/1433 616/1107/1434 625/1108/1435 626/1110/1436
s 3
f 618/1111/1437 617/1109/1438 626/1110/1439 627/1112/1440
s 2
f 619/1134/1441 618/1111/1442 627/1112/1443 628/1135/1444
s 1
f 620/1115/1445 619/1113/1446 628/1114/1447 621/1116/1448
s 8
f 613/1102/1449 620/1115/1450 621/1116/1451 622/1103/1452
f 622/1103/1452 621/1116/1451 603/1092/1453 610/1100/1454
s 7
f 623/1104/1424 622/1103/1423 610/1100/1455 609/1099/1456
s 6
f 624/1106/1428 623/1104/1427 609/1099/1457 608/1098/1458
s 5
f 625/1108/1432 624/1106/1431 608/1098/1459 607/1097/1460
s 4
f 626/1110/1436 625/1108/1435 607/1097/1461 606/1096/1462
s 3
f 627/1112/1440 626/1110/1439 606/1096/1463 605/1095/1464
s 2
f 628/1135/1444 627/1112/1443 605/1095/1465 604/1137/1466
s 1
f 621/1116/1448 628/1114/1447 604/1093/1467 603/1092/1468
s 8
f 630/1090/1402 629/1078/1401 620/1115/1450 613/1102/1449
s 7
f 631/1088/1398 630/1090/1397 613/1102/1422 614/1101/1421
s 6
f 632/1086/1394 631/1088/1393 614/1101/1426 615/1105/1425
s 5
f 633/1084/1390 632/1086/1389 615/1105/1430 616/1107/1429
s 4
f 634/1082/1386 633/1084/1385 616/1107/1434 617/1109/1433
s 3
f 635/1080/1382 634/1082/1381 617/1109/1438 618/1111/1437
s 2
f 636/1133/1378 635/1080/1377 618/1111/1442 619/1134/1441
s 1
f 629/1078/1374 636/1077/1373 619/1113/1446 620/1115/1445
g default
v 23.965025 2.970640 -4.774604
v 24.046996 3.036483 -4.927319
v 24.041030 3.036483 -5.112633
v 23.949406 2.970640 -5.259761
v 23.807122 2.864104 -5.312504
v 23.668524 2.757569 -5.250719
v 23.586552 2.691725 -5.098002
v 23.592518 2.691725 -4.912688
v 23.684142 2.757569 -4.765562
v 23.826427 2.864104 -4.712817
v 22.998858 4.245613 -4.743501
v 23.080829 4.311455 -4.896215
v 23.074864 4.311455 -5.081530
v 22.983240 4.245613 -5.228658
v 22.840953 4.139077 -5.281401
v 22.702356 4.032540 -5.219615
v 22.620386 3.966697 -5.066899
v 22.626351 3.966697 -4.881584
v 22.717975 4.032540 -4.734459
v 22.860259 4.139077 -4.681713
v 23.816775 2.864104 -5.012661
v 22.850606 4.139077 -4.981558
vt 0.384883 0.606202
vt 0.387776 0.606202
vt 0.370406 0.606196
vt 0.373315 0.606196
vt 0.390116 0.604501
vt 0.368053 0.604486
vt 0.391010 0.601750
vt 0.367154 0.601720
vt 0.390116 0.598999
vt 0.368053 0.598953
vt 0.387776 0.597298
vt 0.370406 0.597243
vt 0.384883 0.597298
vt 0.373315 0.597243
vt 0.382543 0.598999
vt 0.375669 0.598953
vt 0.381649 0.601750
vt 0.376568 0.601720
vt 0.382543 0.604501
vt 0.375669 0.604486
vt 0.386330 0.601750
vt 0.371861 0.601720
vt 0.379302 0.663712
vt 0.385463 0.663712
vt 0.373141 0.663712
vt 0.366979 0.663712
vt 0.360818 0.663712
vt 0.354657 0.663712
vt 0.348496 0.663712
vt 0.342335 0.663712
vt 0.336174 0.663712
vt 0.330013 0.663712
vt 0.379302 0.610544
vt 0.385463 0.610545
vt 0.373141 0.610545
vt 0.366979 0.610544
vt 0.360818 0.610544
vt 0.354657 0.610544
vt 0.348496 0.610544
vt 0.342335 0.610544
vt 0.336174 0.610544
vt 0.391624 0.610544
vt 0.330013 0.610544
vt 0.391624 0.663712
vn 0.663248 0.488780 0.566743
vn 0.663248 0.488780 0.566743
vn 0.663248 0.488779 0.566742
vn 0.663248 0.488779 0.566742
vn 0.796445 0.604167 -0.025640
vn 0.796445 0.604167 -0.025640
vn 0.796445 0.604167 -0.025640
vn 0.796445 0.604167 -0.025640
vn 0.625426 0.488782 -0.608222
vn 0.625426 0.488782 -0.608222
vn 0.625426 0.488782 -0.608222
vn 0.625426 0.488782 -0.608222
vn 0.215509 0.186694 -0.958489
vn 0.215509 0.186694 -0.958489
vn 0.215509 0.186694 -0.958489
vn 0.215509 0.186694 -0.958489
vn -0.276712 -0.186695 -0.942643
vn -0.276712 -0.186695 -0.942643
vn -0.276712 -0.186695 -0.942643
vn -0.276712 -0.186695 -0.942643
vn -0.663250 -0.488781 -0.566739
vn -0.663250 -0.488781 -0.566739
vn -0.663250 -0.488781 -0.566739
vn -0.663250 -0.488781 -0.566739
vn -0.796445 -0.604167 0.025640
vn -0.796445 -0.604167 0.025640
vn -0.796445 -0.604167 0.025640
vn -0.796445 -0.604167 0.025640
vn -0.625421 -0.488779 0.608230
vn -0.625421 -0.488779 0.608230
vn -0.625421 -0.488779 0.608230
vn -0.625421 -0.488779 0.608230
vn -0.215519 -0.186702 0.958485
vn -0.215519 -0.186702 0.958485
vn -0.215519 -0.186702 0.958485
vn -0.215519 -0.186702 0.958485
vn 0.276720 0.186701 0.942639
vn 0.276720 0.186701 0.942639
vn 0.276720 0.186701 0.942639
vn 0.276720 0.186701 0.942639
vn 0.603856 -0.796856 -0.019439
vn 0.603857 -0.796856 -0.019439
vn 0.603854 -0.796858 -0.019440
vn 0.603856 -0.796856 -0.019440
vn 0.603857 -0.796856 -0.019440
vn 0.603854 -0.796858 -0.019440
vn 0.603852 -0.796860 -0.019440
vn 0.603852 -0.796859 -0.019440
vn 0.603852 -0.796859 -0.019439
vn 0.603852 -0.796860 -0.019439
vn 0.603854 -0.796858 -0.019440
vn -0.603850 0.796861 0.019439
vn -0.603850 0.796861 0.019439
vn -0.603854 0.796858 0.019440
vn -0.603850 0.796861 0.019440
vn -0.603850 0.796861 0.019440
vn -0.603854 0.796858 0.019440
vn -0.603858 0.796855 0.019440
vn -0.603859 0.796854 0.019440
vn -0.603859 0.796854 0.019439
vn -0.603858 0.796855 0.019439
vn -0.603854 0.796858 0.019440
s off
g Right_Cattail_Short pasted__Cattail_Short
usemtl lambert4SG
f 637/1173/1469 638/1181/1470 648/1183/1471 647/1163/1472
f 638/1182/1473 639/1180/1474 649/1170/1475 648/1171/1476
f 639/1180/1477 640/1179/1478 650/1169/1479 649/1170/1480
f 640/1179/1481 641/1178/1482 651/1168/1483 650/1169/1484
f 641/1178/1485 642/1177/1486 652/1167/1487 651/1168/1488
f 642/1177/1489 643/1176/1490 653/1166/1491 652/1167/1492
f 643/1176/1493 644/1175/1494 654/1165/1495 653/1166/1496
f 644/1175/1497 645/1174/1498 655/1164/1499 654/1165/1500
f 645/1174/1501 646/1172/1502 656/1162/1503 655/1164/1504
f 646/1172/1505 637/1173/1506 647/1163/1507 656/1162/1508
s 1
f 638/1141/1509 637/1140/1510 657/1160/1511
f 639/1144/1512 638/1141/1509 657/1160/1511
f 640/1146/1513 639/1144/1512 657/1160/1511
f 641/1148/1514 640/1146/1513 657/1160/1511
f 642/1150/1515 641/1148/1514 657/1160/1511
f 643/1152/1516 642/1150/1515 657/1160/1511
f 644/1154/1517 643/1152/1516 657/1160/1511
f 645/1156/1518 644/1154/1517 657/1160/1511
f 646/1158/1519 645/1156/1518 657/1160/1511
f 637/1140/1510 646/1158/1519 657/1160/1511
s 2
f 647/1143/1520 648/1142/1521 658/1161/1522
f 648/1142/1521 649/1145/1523 658/1161/1522
f 649/1145/1523 650/1147/1524 658/1161/1522
f 650/1147/1524 651/1149/1525 658/1161/1522
f 651/1149/1525 652/1151/1526 658/1161/1522
f 652/1151/1526 653/1153/1527 658/1161/1522
f 653/1153/1527 654/1155/1528 658/1161/1522
f 654/1155/1528 655/1157/1529 658/1161/1522
f 655/1157/1529 656/1159/1530 658/1161/1522
f 656/1159/1530 647/1143/1520 658/1161/1522
g default
v 27.284995 -1.235045 -2.896255
v 27.213688 -1.235045 -2.924063
v 27.143602 -1.235045 -2.893306
v 27.115795 -1.235045 -2.821999
v 27.146551 -1.235045 -2.751915
v 27.217859 -1.235045 -2.724107
v 27.287945 -1.235045 -2.754865
v 27.315752 -1.235045 -2.826171
v 27.317967 4.602665 -1.315708
v 27.246784 4.620379 -1.337554
v 27.176574 4.602665 -1.312758
v 27.148467 4.559902 -1.255845
v 27.178923 4.517139 -1.200154
v 27.250106 4.499426 -1.178308
v 27.320316 4.517139 -1.203104
v 27.348423 4.559902 -1.260017
v 27.215773 -1.235045 -2.824085
v 27.248445 4.559902 -1.257931
v 27.316640 2.175907 -2.783599
v 27.288734 2.150413 -2.717046
v 27.218607 2.139854 -2.688258
v 27.147340 2.150413 -2.714097
v 27.116683 2.175907 -2.779428
v 27.144589 2.201400 -2.845979
v 27.214716 2.211960 -2.874767
v 27.285983 2.201400 -2.848928
v 27.292560 2.998441 -2.533634
v 27.323016 2.955678 -2.477943
v 27.294909 2.912915 -2.421029
v 27.224699 2.895201 -2.396233
v 27.153515 2.912915 -2.418080
v 27.123059 2.955678 -2.473772
v 27.151166 2.998441 -2.530685
v 27.221377 3.016154 -2.555481
v 27.283893 1.276216 -2.949100
v 27.314637 1.267096 -2.879605
v 27.286818 1.257977 -2.808889
v 27.216727 1.254199 -2.778377
v 27.145424 1.257977 -2.805939
v 27.114680 1.267096 -2.875433
v 27.142499 1.276216 -2.946151
v 27.212590 1.279993 -2.976663
vt 0.979635 0.710967
vt 0.979635 0.699233
vt 0.523830 0.181782
vt 0.519201 0.181567
vt 0.971338 0.690935
vt 0.491524 0.181389
vt 0.959604 0.690936
vt 0.496131 0.180974
vt 0.951307 0.699232
vt 0.500738 0.180554
vt 0.951307 0.710967
vt 0.505369 0.180397
vt 0.959604 0.719265
vt 0.509997 0.180614
vt 0.971338 0.719264
vt 0.514599 0.181093
vt 0.965471 0.705100
vt 0.517782 0.419510
vt 0.522411 0.419552
vt 0.965880 0.743656
vt 0.490155 0.419331
vt 0.494770 0.419349
vt 0.499372 0.419369
vt 0.503969 0.419397
vt 0.508565 0.419428
vt 0.513167 0.419467
vt 0.509676 0.238216
vt 0.514246 0.238867
vt 0.513949 0.291617
vt 0.509364 0.291039
vt 0.505032 0.237928
vt 0.504722 0.290789
vt 0.500384 0.238156
vt 0.500077 0.290979
vt 0.495807 0.238749
vt 0.495486 0.291498
vt 0.491238 0.239322
vt 0.490903 0.292010
vt 0.523431 0.239779
vt 0.523149 0.292443
vt 0.518808 0.239500
vt 0.518526 0.292188
vt 0.965880 0.728614
vt 0.976516 0.733020
vt 0.955245 0.733019
vt 0.950839 0.743656
vt 0.955244 0.754292
vt 0.965880 0.758698
vt 0.976516 0.754292
vt 0.980922 0.743656
vt 0.515539 0.022248
vt 0.520165 0.022372
vt 0.510918 0.022123
vt 0.506297 0.022053
vt 0.501675 0.022063
vt 0.497052 0.022129
vt 0.492425 0.022193
vt 0.524797 0.022440
vt 0.486893 0.181544
vt 0.486613 0.239541
vt 0.486277 0.292205
vt 0.980922 0.743656
vt 0.485526 0.419314
vt 0.487793 0.022201
vt 0.979635 0.699233
vn 0.361426 -0.019398 -0.932199
vn 0.361426 -0.019398 -0.932199
vn 0.361019 0.010001 -0.932505
vn 0.360917 0.015132 -0.932475
vn -0.399988 -0.019398 -0.916315
vn -0.399988 -0.019398 -0.916315
vn -0.399491 0.015132 -0.916612
vn -0.399595 0.010001 -0.916637
vn -0.930920 -0.008152 -0.365131
vn -0.930920 -0.008152 -0.365131
vn -0.930675 0.007424 -0.365772
vn -0.930835 -0.000934 -0.365439
vn -0.914878 0.008273 0.403646
vn -0.914878 0.008273 0.403646
vn -0.914586 -0.006819 0.404334
vn -0.914767 0.001190 0.403980
vn -0.361405 0.020098 0.932192
vn -0.361404 0.020098 0.932192
vn -0.360788 -0.012007 0.932570
vn -0.360900 -0.007394 0.932575
vn 0.399966 0.020098 0.916309
vn 0.399966 0.020098 0.916309
vn 0.399478 -0.007394 0.916713
vn 0.399366 -0.012007 0.916713
vn 0.930916 0.008273 0.365141
vn 0.930916 0.008273 0.365141
vn 0.930819 0.001190 0.365479
vn 0.930653 -0.006819 0.365840
vn 0.914883 -0.008152 -0.403636
vn 0.914883 -0.008152 -0.403636
vn 0.914785 -0.000934 -0.403940
vn 0.914611 0.007424 -0.404266
vn 0.000000 -1.000000 0.000000
vn 0.000000 -1.000000 0.000000
vn 0.000000 -1.000000 0.000000
vn 0.000000 -1.000000 0.000000
vn 0.000000 -1.000000 0.000000
vn 0.000000 -1.000000 0.000000
vn 0.000000 -1.000000 0.000000
vn 0.000000 -1.000000 0.000000
vn 0.000000 -1.000000 0.000000
vn 0.012615 0.796404 0.604633
vn 0.012613 0.796402 0.604635
vn 0.012613 0.796403 0.604634
vn 0.012611 0.796406 0.604631
vn 0.012613 0.796405 0.604632
vn 0.012612 0.796403 0.604635
vn 0.012613 0.796402 0.604635
vn 0.012614 0.796403 0.604635
vn 0.012613 0.796404 0.604633
vn 0.929443 -0.123847 0.347558
vn 0.929785 -0.053463 0.364201
vn 0.930186 -0.169624 0.325549
vn 0.930286 -0.225247 0.289537
vn 0.397884 -0.238102 0.886000
vn 0.398146 -0.183030 0.898877
vn 0.399680 -0.477888 0.782227
vn 0.399377 -0.514318 0.758930
vn -0.360313 -0.183030 0.914699
vn -0.360588 -0.238102 0.901822
vn -0.367379 -0.514318 0.774925
vn -0.366710 -0.477888 0.798215
vn -0.913787 -0.053463 0.402660
vn -0.914140 -0.123847 0.386017
vn -0.917402 -0.225247 0.328082
vn -0.915800 -0.169624 0.364059
vn -0.929836 0.054524 -0.363913
vn -0.929484 0.125134 -0.346988
vn -0.930285 0.225189 -0.289586
vn -0.930173 0.169928 -0.325426
vn -0.398463 0.189864 -0.897317
vn -0.398184 0.245296 -0.883900
vn -0.399353 0.513558 -0.759457
vn -0.399610 0.477302 -0.782621
vn 0.360975 0.245297 -0.899737
vn 0.360695 0.189864 -0.913154
vn 0.366623 0.477302 -0.798605
vn 0.367333 0.513558 -0.775451
vn 0.914205 0.125134 -0.385449
vn 0.913850 0.054524 -0.402374
vn 0.915792 0.169928 -0.363935
vn 0.917399 0.225189 -0.328130
vn 0.917329 0.231423 -0.323961
vn 0.917329 0.231423 -0.323961
vn 0.930043 -0.231421 0.285420
vn 0.930043 -0.231421 0.285420
vn 0.397938 -0.558729 0.727645
vn 0.397938 -0.558730 0.727645
vn -0.367246 -0.558730 0.743607
vn -0.367246 -0.558730 0.743607
vn -0.917330 -0.231421 0.323959
vn -0.917331 -0.231421 0.323959
vn -0.930042 0.231423 -0.285423
vn -0.930042 0.231423 -0.285423
vn -0.397939 0.558729 -0.727644
vn -0.397939 0.558730 -0.727644
vn 0.367247 0.558730 -0.743607
vn 0.367247 0.558729 -0.743607
s 1
g pasted__Cattail_Stalk_Short Right_Cattail_Short1
usemtl lambert4SG
f 659/1235/1531 660/1241/1532 700/1186/1533 693/1187/1534
s 2
f 660/1247/1535 661/1240/1536 699/1189/1537 700/1242/1538
s 3
f 661/1240/1539 662/1239/1540 698/1191/1541 699/1189/1542
s 4
f 662/1239/1543 663/1238/1544 697/1193/1545 698/1191/1546
s 5
f 663/1238/1547 664/1237/1548 696/1195/1549 697/1193/1550
s 6
f 664/1237/1551 665/1236/1552 695/1197/1553 696/1195/1554
s 7
f 665/1236/1555 666/1234/1556 694/1199/1557 695/1197/1558
s 8
f 666/1234/1559 659/1235/1560 693/1187/1561 694/1199/1562
s 9
f 660/1185/1563 659/1184/1564 675/1200/1565
f 661/1188/1566 660/1248/1563 675/1200/1565
f 662/1190/1567 661/1188/1566 675/1200/1565
f 663/1192/1568 662/1190/1567 675/1200/1565
f 664/1194/1569 663/1192/1568 675/1200/1565
f 665/1196/1570 664/1194/1569 675/1200/1565
f 666/1198/1571 665/1196/1570 675/1200/1565
f 659/1184/1564 666/1198/1571 675/1200/1565
s 10
f 667/1227/1572 668/1233/1573 676/1203/1574
f 668/1245/1573 669/1232/1575 676/1203/1574
f 669/1232/1575 670/1231/1576 676/1203/1574
f 670/1231/1576 671/1230/1577 676/1203/1574
f 671/1230/1577 672/1229/1578 676/1203/1574
f 672/1229/1578 673/1228/1579 676/1203/1574
f 673/1228/1579 674/1226/1580 676/1203/1574
f 674/1226/1580 667/1227/1572 676/1203/1574
s 7
f 678/1210/1581 677/1211/1582 686/1212/1583 687/1213/1584
s 6
f 679/1214/1585 678/1210/1586 687/1213/1587 688/1215/1588
s 5
f 680/1216/1589 679/1214/1590 688/1215/1591 689/1217/1592
s 4
f 681/1218/1593 680/1216/1594 689/1217/1595 690/1219/1596
s 3
f 682/1220/1597 681/1218/1598 690/1219/1599 691/1221/1600
s 2
f 683/1243/1601 682/1220/1602 691/1221/1603 692/1244/1604
s 1
f 684/1224/1605 683/1222/1606 692/1223/1607 685/1225/1608
s 8
f 677/1211/1609 684/1224/1610 685/1225/1611 686/1212/1612
f 686/1212/1612 685/1225/1611 667/1201/1613 674/1209/1614
s 7
f 687/1213/1584 686/1212/1583 674/1209/1615 673/1208/1616
s 6
f 688/1215/1588 687/1213/1587 673/1208/1617 672/1207/1618
s 5
f 689/1217/1592 688/1215/1591 672/1207/1619 671/1206/1620
s 4
f 690/1219/1596 689/1217/1595 671/1206/1621 670/1205/1622
s 3
f 691/1221/1600 690/1219/1599 670/1205/1623 669/1204/1624
s 2
f 692/1244/1604 691/1221/1603 669/1204/1625 668/1246/1626
s 1
f 685/1225/1608 692/1223/1607 668/1202/1627 667/1201/1628
s 8
f 694/1199/1562 693/1187/1561 684/1224/1610 677/1211/1609
s 7
f 695/1197/1558 694/1199/1557 677/1211/1582 678/1210/1581
s 6
f 696/1195/1554 695/1197/1553 678/1210/1586 679/1214/1585
s 5
f 697/1193/1550 696/1195/1549 679/1214/1590 680/1216/1589
s 4
f 698/1191/1546 697/1193/1545 680/1216/1594 681/1218/1593
s 3
f 699/1189/1542 698/1191/1541 681/1218/1598 682/1220/1597
s 2
f 700/1242/1538 699/1189/1537 682/1220/1602 683/1243/1601
s 1
f 693/1187/1534 700/1186/1533 683/1222/1606 684/1224/1605
g default
v 27.465333 3.230266 -2.497967
v 27.313557 3.296109 -2.581662
v 27.128187 3.296109 -2.577795
v 26.980031 3.230266 -2.487843
v 26.925680 3.123729 -2.346165
v 26.985892 3.017194 -2.206876
v 27.137671 2.951351 -2.123181
v 27.323041 2.951351 -2.127048
v 27.471195 3.017194 -2.217000
v 27.525547 3.123729 -2.358679
v 27.485495 4.505238 -1.531510
v 27.333718 4.571080 -1.615206
v 27.148348 4.571080 -1.611339
v 27.000192 4.505238 -1.521386
v 26.945842 4.398702 -1.379707
v 27.006054 4.292166 -1.240419
v 27.157832 4.226322 -1.156724
v 27.343202 4.226322 -1.160591
v 27.491356 4.292166 -1.250543
v 27.545709 4.398702 -1.392221
v 27.225613 3.123729 -2.352422
v 27.245774 4.398702 -1.385964
vt 0.488563 0.606771
vt 0.491456 0.606771
vt 0.474087 0.606765
vt 0.476995 0.606765
vt 0.493797 0.605071
vt 0.471733 0.605055
vt 0.494690 0.602319
vt 0.470834 0.602289
vt 0.493797 0.599568
vt 0.471733 0.599522
vt 0.491456 0.597868
vt 0.474087 0.597813
vt 0.488563 0.597868
vt 0.476995 0.597813
vt 0.486223 0.599568
vt 0.479349 0.599522
vt 0.485329 0.602319
vt 0.480247 0.602289
vt 0.486223 0.605071
vt 0.479349 0.605055
vt 0.490010 0.602319
vt 0.475541 0.602289
vt 0.482982 0.664281
vt 0.489143 0.664281
vt 0.476821 0.664281
vt 0.470660 0.664281
vt 0.464499 0.664281
vt 0.458337 0.664281
vt 0.452176 0.664281
vt 0.446015 0.664281
vt 0.439854 0.664281
vt 0.433693 0.664281
vt 0.482982 0.611113
vt 0.489143 0.611113
vt 0.476821 0.611113
vt 0.470660 0.611113
vt 0.464499 0.611113
vt 0.458337 0.611113
vt 0.452176 0.611113
vt 0.446015 0.611113
vt 0.439854 0.611113
vt 0.495304 0.611113
vt 0.433693 0.611113
vt 0.495304 0.664281
vn 0.574216 0.488780 -0.656788
vn 0.574216 0.488780 -0.656788
vn 0.574216 0.488779 -0.656788
vn 0.574216 0.488779 -0.656788
vn -0.016620 0.604167 -0.796684
vn -0.016620 0.604167 -0.796684
vn -0.016620 0.604167 -0.796684
vn -0.016620 0.604167 -0.796684
vn -0.601101 0.488782 -0.632273
vn -0.601101 0.488782 -0.632273
vn -0.601101 0.488782 -0.632273
vn -0.601101 0.488782 -0.632273
vn -0.955987 0.186694 -0.226348
vn -0.955987 0.186694 -0.226348
vn -0.955987 0.186694 -0.226348
vn -0.955987 0.186694 -0.226348
vn -0.945716 -0.186695 0.266021
vn -0.945716 -0.186695 0.266021
vn -0.945716 -0.186695 0.266021
vn -0.945716 -0.186695 0.266021
vn -0.574212 -0.488781 0.656790
vn -0.574212 -0.488781 0.656790
vn -0.574212 -0.488781 0.656790
vn -0.574212 -0.488781 0.656790
vn 0.016620 -0.604167 0.796684
vn 0.016620 -0.604167 0.796684
vn 0.016620 -0.604167 0.796684
vn 0.016620 -0.604167 0.796684
vn 0.601109 -0.488779 0.632268
vn 0.601109 -0.488779 0.632268
vn 0.601109 -0.488779 0.632268
vn 0.601109 -0.488779 0.632268
vn 0.955984 -0.186702 0.226358
vn 0.955984 -0.186702 0.226358
vn 0.955984 -0.186702 0.226358
vn 0.955984 -0.186702 0.226358
vn 0.945712 0.186701 -0.266029
vn 0.945712 0.186701 -0.266029
vn 0.945712 0.186701 -0.266029
vn 0.945712 0.186701 -0.266029
vn -0.012600 -0.796856 -0.604037
vn -0.012600 -0.796856 -0.604038
vn -0.012601 -0.796858 -0.604036
vn -0.012602 -0.796856 -0.604038
vn -0.012602 -0.796856 -0.604038
vn -0.012601 -0.796858 -0.604036
vn -0.012602 -0.796860 -0.604033
vn -0.012602 -0.796859 -0.604034
vn -0.012600 -0.796859 -0.604034
vn -0.012600 -0.796860 -0.604033
vn -0.012601 -0.796858 -0.604036
vn 0.012600 0.796861 0.604032
vn 0.012600 0.796861 0.604031
vn 0.012601 0.796858 0.604036
vn 0.012601 0.796861 0.604031
vn 0.012601 0.796861 0.604032
vn 0.012601 0.796858 0.604036
vn 0.012601 0.796855 0.604039
vn 0.012601 0.796854 0.604040
vn 0.012600 0.796854 0.604040
vn 0.012600 0.796855 0.604039
vn 0.012601 0.796858 0.604036
s off
g Right_Cattail_Short1 pasted__Cattail_Short
usemtl lambert4SG
f 701/1282/1629 702/1290/1630 712/1292/1631 711/1272/1632
f 702/1291/1633 703/1289/1634 713/1279/1635 712/1280/1636
f 703/1289/1637 704/1288/1638 714/1278/1639 713/1279/1640
f 704/1288/1641 705/1287/1642 715/1277/1643 714/1278/1644
f 705/1287/1645 706/1286/1646 716/1276/1647 715/1277/1648
f 706/1286/1649 707/1285/1650 717/1275/1651 716/1276/1652
f 707/1285/1653 708/1284/1654 718/1274/1655 717/1275/1656
f 708/1284/1657 709/1283/1658 719/1273/1659 718/1274/1660
f 709/1283/1661 710/1281/1662 720/1271/1663 719/1273/1664
f 710/1281/1665 701/1282/1666 711/1272/1667 720/1271/1668
s 1
f 702/1250/1669 701/1249/1670 721/1269/1671
f 703/1253/1672 702/1250/1669 721/1269/1671
f 704/1255/1673 703/1253/1672 721/1269/1671
f 705/1257/1674 704/1255/1673 721/1269/1671
f 706/1259/1675 705/1257/1674 721/1269/1671
f 707/1261/1676 706/1259/1675 721/1269/1671
f 708/1263/1677 707/1261/1676 721/1269/1671
f 709/1265/1678 708/1263/1677 721/1269/1671
f 710/1267/1679 709/1265/1678 721/1269/1671
f 701/1249/1670 710/1267/1679 721/1269/1671
s 2
f 711/1252/1680 712/1251/1681 722/1270/1682
f 712/1251/1681 713/1254/1683 722/1270/1682
f 713/1254/1683 714/1256/1684 722/1270/1682
f 714/1256/1684 715/1258/1685 722/1270/1682
f 715/1258/1685 716/1260/1686 722/1270/1682
f 716/1260/1686 717/1262/1687 722/1270/1682
f 717/1262/1687 718/1264/1688 722/1270/1682
f 718/1264/1688 719/1266/1689 722/1270/1682
f 719/1266/1689 720/1268/1690 722/1270/1682
f 720/1268/1690 711/1252/1680 722/1270/1682
g default
v 24.916094 -1.790215 -3.676074
v 24.839884 -1.790215 -3.668990
v 24.791004 -1.790215 -3.610094
v 24.798088 -1.790215 -3.533887
v 24.856982 -1.790215 -3.485007
v 24.933192 -1.790215 -3.492090
v 24.982073 -1.790215 -3.550987
v 24.974988 -1.790215 -3.627194
v 26.177538 4.894553 -1.284523
v 26.109022 4.920899 -1.262854
v 26.052447 4.894553 -1.218544
v 26.040955 4.830949 -1.177554
v 26.081275 4.767345 -1.163890
v 26.149790 4.740999 -1.185561
v 26.206365 4.767345 -1.229870
v 26.217856 4.830949 -1.270862
v 24.886538 -1.790215 -3.580540
v 26.129406 4.830949 -1.224208
v 25.315280 3.914257 -2.919264
v 25.357975 3.853390 -2.901096
v 25.348859 3.792522 -2.855601
v 25.293269 3.767310 -2.809426
v 25.223769 3.792522 -2.789621
v 25.181075 3.853390 -2.807789
v 25.190189 3.914257 -2.853284
v 25.245780 3.939470 -2.899460
v 25.022179 3.095249 -3.474948
v 25.074572 3.053097 -3.438395
v 25.075154 3.010946 -3.374515
v 25.023580 2.993486 -3.320725
v 24.950063 3.010946 -3.308536
v 24.897672 3.053097 -3.345088
v 24.897089 3.095249 -3.408969
v 24.948663 3.112709 -3.462758
v 24.917727 2.215126 -3.672979
v 24.974988 2.193157 -3.627194
v 24.980440 2.171188 -3.554082
v 24.930883 2.162089 -3.496467
v 24.855350 2.171188 -3.488102
v 24.798088 2.193157 -3.533887
v 24.792637 2.215126 -3.606999
v 24.842193 2.224225 -3.664614
vt 0.980349 0.452520
vt 0.980349 0.440847
vt 0.678077 0.317723
vt 0.673792 0.317212
vt 0.972095 0.432592
vt 0.648560 0.317109
vt 0.960422 0.432592
vt 0.652722 0.315926
vt 0.952167 0.440846
vt 0.656889 0.314731
vt 0.952167 0.452519
vt 0.661183 0.314250
vt 0.960422 0.460774
vt 0.665474 0.314766
vt 0.972095 0.460774
vt 0.669636 0.315994
vt 0.966258 0.446683
vt 0.673294 0.608289
vt 0.677597 0.608405
vt 0.966703 0.482899
vt 0.647690 0.608185
vt 0.651972 0.607996
vt 0.656235 0.607813
vt 0.660493 0.607751
vt 0.664750 0.607847
vt 0.669013 0.608065
vt 0.669376 0.453994
vt 0.673569 0.454805
vt 0.665174 0.453164
vt 0.660857 0.452837
vt 0.656539 0.453129
vt 0.652333 0.453925
vt 0.648136 0.454702
vt 0.677860 0.455138
vt 0.669504 0.380918
vt 0.673668 0.381972
vt 0.665337 0.379819
vt 0.661030 0.379369
vt 0.656721 0.379785
vt 0.652548 0.380849
vt 0.648380 0.381869
vt 0.677956 0.382406
vt 0.981665 0.482899
vt 0.977283 0.493479
vt 0.977283 0.472320
vt 0.966702 0.467937
vt 0.956122 0.472320
vt 0.951741 0.482900
vt 0.956123 0.493479
vt 0.966703 0.497862
vt 0.670468 0.021640
vt 0.674777 0.021658
vt 0.666168 0.021618
vt 0.661871 0.021598
vt 0.657573 0.021583
vt 0.653273 0.021570
vt 0.648965 0.021553
vt 0.679088 0.021680
vt 0.644273 0.317586
vt 0.644090 0.382268
vt 0.643843 0.455000
vt 0.966703 0.497862
vt 0.643386 0.608266
vt 0.644653 0.021540
vt 0.980349 0.440847
vn -0.101226 0.000977 -0.994863
vn -0.101226 0.000977 -0.994863
vn -0.100297 0.034648 -0.994354
vn -0.099781 0.051730 -0.993664
vn -0.763906 0.000977 -0.645327
vn -0.763906 0.000977 -0.645327
vn -0.763732 0.051730 -0.643457
vn -0.764011 0.034648 -0.644273
vn -0.996493 0.000171 0.083683
vn -0.996492 0.000171 0.083683
vn -0.996004 0.026812 0.085184
vn -0.996451 0.005530 0.083990
vn -0.631729 0.000172 0.775189
vn -0.631729 0.000172 0.775189
vn -0.632482 -0.025192 0.774165
vn -0.631919 -0.005090 0.775018
vn 0.101343 0.000990 0.994851
vn 0.101343 0.000990 0.994851
vn 0.100471 -0.044831 0.993929
vn 0.100770 -0.030321 0.994448
vn 0.763830 0.000990 0.645416
vn 0.763830 0.000990 0.645416
vn 0.763820 -0.030321 0.644716
vn 0.763561 -0.044831 0.644177
vn 0.996497 0.000172 -0.083633
vn 0.996497 0.000172 -0.083633
vn 0.996462 -0.005090 -0.083886
vn 0.996077 -0.025192 -0.084831
vn 0.631768 0.000171 -0.775157
vn 0.631769 0.000171 -0.775157
vn 0.631999 0.005530 -0.774950
vn 0.632732 0.026812 -0.773906
vn 0.000000 -1.000000 0.000000
vn 0.000000 -1.000000 0.000000
vn 0.000000 -1.000000 0.000000
vn 0.000000 -1.000000 0.000000
vn 0.000000 -1.000000 0.000000
vn 0.000000 -1.000000 0.000000
vn 0.000000 -1.000000 0.000000
vn 0.000000 -1.000000 0.000000
vn 0.000000 -1.000000 0.000000
vn 0.419650 0.436912 0.795614
vn 0.419650 0.436922 0.795608
vn 0.419650 0.436926 0.795606
vn 0.419656 0.436912 0.795611
vn 0.419650 0.436922 0.795609
vn 0.419648 0.436934 0.795603
vn 0.419650 0.436932 0.795603
vn 0.419648 0.436934 0.795603
vn 0.419650 0.436922 0.795609
vn 0.726563 0.327268 -0.604153
vn 0.693307 0.277134 -0.665224
vn 0.733363 0.338305 -0.589684
vn 0.733363 0.338305 -0.589685
vn 0.908811 -0.327363 -0.258642
vn 0.940623 -0.276854 -0.196418
vn 0.900788 -0.338306 -0.272269
vn 0.900788 -0.338306 -0.272269
vn 0.584785 -0.760313 0.282756
vn 0.602521 -0.732632 0.316575
vn 0.540213 -0.816296 0.204525
vn 0.540213 -0.816296 0.204525
vn -0.078963 -0.732632 0.676029
vn -0.096859 -0.760313 0.642294
vn -0.136255 -0.816296 0.561334
vn -0.136255 -0.816296 0.561334
vn -0.693261 -0.276854 0.665388
vn -0.726651 -0.327363 0.603997
vn -0.733367 -0.338306 0.589680
vn -0.733367 -0.338306 0.589680
vn -0.940513 0.277134 0.196548
vn -0.908891 0.327268 0.258481
vn -0.900790 0.338305 0.272263
vn -0.900790 0.338305 0.272263
vn -0.602849 0.731905 -0.317629
vn -0.585344 0.759391 -0.284071
vn -0.540229 0.816280 -0.204549
vn -0.540229 0.816280 -0.204549
vn 0.096089 0.759391 -0.643499
vn 0.078279 0.731905 -0.676895
vn 0.136244 0.816280 -0.561360
vn 0.136244 0.816280 -0.561360
vn 0.662508 0.220039 -0.716007
vn 0.639885 0.121099 -0.758869
vn 0.965599 -0.218440 -0.141079
vn 0.987996 -0.119013 -0.098489
vn 0.713266 -0.438724 0.546601
vn 0.729099 -0.369024 0.576399
vn 0.063994 -0.369024 0.927214
vn 0.048343 -0.438724 0.897321
vn -0.639190 -0.119013 0.759784
vn -0.661693 -0.218440 0.717249
vn -0.987633 0.121099 0.099579
vn -0.965034 0.220038 0.142454
vn -0.727266 0.380894 -0.570968
vn -0.711000 0.449796 -0.540520
vn -0.044603 0.449796 -0.892017
vn -0.060547 0.380894 -0.922634
s 1
g pasted__Cattail_Stalk_Medium Right_Cattail_Medium
usemtl lambert4SG
f 723/1344/1691 724/1350/1692 764/1295/1693 757/1296/1694
s 2
f 724/1356/1695 725/1349/1696 763/1298/1697 764/1351/1698
s 3
f 725/1349/1699 726/1348/1700 762/1300/1701 763/1298/1702
s 4
f 726/1348/1703 727/1347/1704 761/1302/1705 762/1300/1706
s 5
f 727/1347/1707 728/1346/1708 760/1304/1709 761/1302/1710
s 6
f 728/1346/1711 729/1345/1712 759/1306/1713 760/1304/1714
s 7
f 729/1345/1715 730/1343/1716 758/1308/1717 759/1306/1718
s 8
f 730/1343/1719 723/1344/1720 757/1296/1721 758/1308/1722
s 9
f 724/1294/1723 723/1293/1724 739/1309/1725
f 725/1297/1726 724/1357/1723 739/1309/1725
f 726/1299/1727 725/1297/1726 739/1309/1725
f 727/1301/1728 726/1299/1727 739/1309/1725
f 728/1303/1729 727/1301/1728 739/1309/1725
f 729/1305/1730 728/1303/1729 739/1309/1725
f 730/1307/1731 729/1305/1730 739/1309/1725
f 723/1293/1724 730/1307/1731 739/1309/1725
s 10
f 731/1336/1732 732/1342/1733 740/1312/1734
f 732/1354/1733 733/1341/1735 740/1312/1734
f 733/1341/1735 734/1340/1736 740/1312/1734
f 734/1340/1736 735/1339/1737 740/1312/1734
f 735/1339/1737 736/1338/1738 740/1312/1734
f 736/1338/1738 737/1337/1739 740/1312/1734
f 737/1337/1739 738/1335/1740 740/1312/1734
f 738/1335/1740 731/1336/1732 740/1312/1734
s 8
f 742/1319/1741 741/1320/1742 731/1310/1743 738/1318/1744
s 7
f 743/1321/1745 742/1319/1746 738/1318/1747 737/1317/1748
s 6
f 744/1322/1749 743/1321/1750 737/1317/1751 736/1316/1752
s 5
f 745/1323/1753 744/1322/1754 736/1316/1755 735/1315/1756
s 4
f 746/1324/1757 745/1323/1758 735/1315/1759 734/1314/1760
s 3
f 747/1325/1761 746/1324/1762 734/1314/1763 733/1313/1764
s 2
f 748/1353/1765 747/1325/1766 733/1313/1767 732/1355/1768
s 1
f 741/1320/1769 748/1326/1770 732/1311/1771 731/1310/1772
s 8
f 750/1327/1773 749/1328/1774 741/1320/1742 742/1319/1741
s 7
f 751/1329/1775 750/1327/1776 742/1319/1746 743/1321/1745
s 6
f 752/1330/1777 751/1329/1778 743/1321/1750 744/1322/1749
s 5
f 753/1331/1779 752/1330/1780 744/1322/1754 745/1323/1753
s 4
f 754/1332/1781 753/1331/1782 745/1323/1758 746/1324/1757
s 3
f 755/1333/1783 754/1332/1784 746/1324/1762 747/1325/1761
s 2
f 756/1352/1785 755/1333/1786 747/1325/1766 748/1353/1765
s 1
f 749/1328/1787 756/1334/1788 748/1326/1770 741/1320/1769
s 8
f 758/1308/1722 757/1296/1721 749/1328/1774 750/1327/1773
s 7
f 759/1306/1718 758/1308/1717 750/1327/1776 751/1329/1775
s 6
f 760/1304/1714 759/1306/1713 751/1329/1778 752/1330/1777
s 5
f 761/1302/1710 760/1304/1709 752/1330/1780 753/1331/1779
s 4
f 762/1300/1706 761/1302/1705 753/1331/1782 754/1332/1781
s 3
f 763/1298/1702 762/1300/1701 754/1332/1784 755/1333/1783
s 2
f 764/1351/1698 763/1298/1697 755/1333/1786 756/1352/1785
s 1
f 757/1296/1694 764/1295/1693 756/1334/1788 749/1328/1787
g default
v 25.554735 4.138250 -2.833940
v 25.397749 4.233964 -2.810054
v 25.233754 4.233964 -2.723553
v 25.125391 4.138250 -2.607478
v 25.114055 3.983383 -2.506166
v 25.204071 3.828515 -2.458312
v 25.361059 3.732801 -2.482198
v 25.525055 3.732801 -2.568699
v 25.633415 3.828515 -2.684773
v 25.644753 3.983383 -2.786087
v 26.210319 4.903356 -1.591029
v 26.053333 4.999070 -1.567145
v 25.889337 4.999069 -1.480644
v 25.780975 4.903356 -1.364567
v 25.769638 4.748488 -1.263255
v 25.859654 4.593620 -1.215402
v 26.016642 4.497907 -1.239288
v 26.180638 4.497907 -1.325788
v 26.288998 4.593620 -1.441863
v 26.300337 4.748488 -1.543177
v 25.379403 3.983383 -2.646126
v 26.034986 4.748488 -1.403216
vt 0.383071 0.524591
vt 0.385969 0.524591
vt 0.367528 0.524140
vt 0.370411 0.524140
vt 0.388314 0.522888
vt 0.365196 0.522445
vt 0.389209 0.520132
vt 0.364305 0.519703
vt 0.388313 0.517376
vt 0.365196 0.516961
vt 0.385969 0.515673
vt 0.367528 0.515266
vt 0.383072 0.515673
vt 0.370411 0.515266
vt 0.380727 0.517376
vt 0.372743 0.516961
vt 0.379832 0.520132
vt 0.373634 0.519703
vt 0.380727 0.522888
vt 0.372743 0.522445
vt 0.384520 0.520132
vt 0.368969 0.519703
vt 0.379572 0.582973
vt 0.385724 0.582973
vt 0.373420 0.582973
vt 0.367268 0.582973
vt 0.361116 0.582973
vt 0.354964 0.582973
vt 0.348812 0.582973
vt 0.342660 0.582973
vt 0.336508 0.582973
vt 0.330356 0.582973
vt 0.379572 0.529885
vt 0.385723 0.529885
vt 0.373420 0.529885
vt 0.367268 0.529885
vt 0.361116 0.529885
vt 0.354964 0.529885
vt 0.348812 0.529885
vt 0.342660 0.529885
vt 0.336508 0.529885
vt 0.391875 0.529885
vt 0.330356 0.529885
vt 0.391875 0.582973
vn 0.339417 0.710520 -0.616407
vn 0.339417 0.710520 -0.616407
vn 0.339417 0.710520 -0.616407
vn 0.339417 0.710520 -0.616407
vn -0.223095 0.878256 -0.422960
vn -0.223095 0.878256 -0.422960
vn -0.223095 0.878256 -0.422960
vn -0.223095 0.878256 -0.422960
vn -0.700384 0.710524 -0.067958
vn -0.700384 0.710524 -0.067958
vn -0.700384 0.710524 -0.067958
vn -0.700384 0.710524 -0.067958
vn -0.910151 0.271391 0.313005
vn -0.910151 0.271391 0.313005
vn -0.910151 0.271391 0.313005
vn -0.910151 0.271391 0.313005
vn -0.772274 -0.271391 0.574404
vn -0.772274 -0.271391 0.574404
vn -0.772274 -0.271391 0.574404
vn -0.772274 -0.271391 0.574404
vn -0.339411 -0.710523 0.616406
vn -0.339411 -0.710523 0.616406
vn -0.339411 -0.710523 0.616406
vn -0.339411 -0.710523 0.616406
vn 0.223095 -0.878256 0.422960
vn 0.223095 -0.878256 0.422960
vn 0.223095 -0.878256 0.422960
vn 0.223095 -0.878256 0.422960
vn 0.700388 -0.710520 0.067953
vn 0.700388 -0.710520 0.067953
vn 0.700388 -0.710520 0.067953
vn 0.700388 -0.710520 0.067953
vn 0.910150 -0.271401 -0.312999
vn 0.910150 -0.271401 -0.312999
vn 0.910150 -0.271401 -0.312999
vn 0.910150 -0.271401 -0.312999
vn 0.772268 0.271401 -0.574407
vn 0.772268 0.271401 -0.574407
vn 0.772268 0.271400 -0.574407
vn 0.772268 0.271401 -0.574407
vn -0.409741 -0.478188 -0.776819
vn -0.409741 -0.478189 -0.776819
vn -0.409739 -0.478191 -0.776818
vn -0.409739 -0.478188 -0.776821
vn -0.409739 -0.478189 -0.776820
vn -0.409739 -0.478193 -0.776818
vn -0.409739 -0.478193 -0.776817
vn -0.409740 -0.478193 -0.776817
vn -0.409738 -0.478193 -0.776818
vn -0.409738 -0.478194 -0.776818
vn -0.409739 -0.478193 -0.776818
vn 0.409738 0.478189 0.776820
vn 0.409738 0.478191 0.776819
vn 0.409739 0.478191 0.776819
vn 0.409741 0.478191 0.776817
vn 0.409742 0.478189 0.776818
vn 0.409740 0.478189 0.776820
vn 0.409739 0.478191 0.776819
vn 0.409738 0.478191 0.776819
vn 0.409738 0.478193 0.776818
vn 0.409740 0.478192 0.776817
vn 0.409740 0.478189 0.776820
s off
g Right_Cattail_Medium pasted__Cattail_Medium
usemtl lambert4SG
f 765/1391/1789 766/1399/1790 776/1401/1791 775/1381/1792
f 766/1400/1793 767/1398/1794 777/1388/1795 776/1389/1796
f 767/1398/1797 768/1397/1798 778/1387/1799 777/1388/1800
f 768/1397/1801 769/1396/1802 779/1386/1803 778/1387/1804
f 769/1396/1805 770/1395/1806 780/1385/1807 779/1386/1808
f 770/1395/1809 771/1394/1810 781/1384/1811 780/1385/1812
f 771/1394/1813 772/1393/1814 782/1383/1815 781/1384/1816
f 772/1393/1817 773/1392/1818 783/1382/1819 782/1383/1820
f 773/1392/1821 774/1390/1822 784/1380/1823 783/1382/1824
f 774/1390/1825 765/1391/1826 775/1381/1827 784/1380/1828
s 1
f 766/1359/1829 765/1358/1830 785/1378/1831
f 767/1362/1832 766/1359/1829 785/1378/1831
f 768/1364/1833 767/1362/1832 785/1378/1831
f 769/1366/1834 768/1364/1833 785/1378/1831
f 770/1368/1835 769/1366/1834 785/1378/1831
f 771/1370/1836 770/1368/1835 785/1378/1831
f 772/1372/1837 771/1370/1836 785/1378/1831
f 773/1374/1838 772/1372/1837 785/1378/1831
f 774/1376/1839 773/1374/1838 785/1378/1831
f 765/1358/1830 774/1376/1839 785/1378/1831
s 2
f 775/1361/1840 776/1360/1841 786/1379/1842
f 776/1360/1841 777/1363/1843 786/1379/1842
f 777/1363/1843 778/1365/1844 786/1379/1842
f 778/1365/1844 779/1367/1845 786/1379/1842
f 779/1367/1845 780/1369/1846 786/1379/1842
f 780/1369/1846 781/1371/1847 786/1379/1842
f 781/1371/1847 782/1373/1848 786/1379/1842
f 782/1373/1848 783/1375/1849 786/1379/1842
f 783/1375/1849 784/1377/1850 786/1379/1842
f 784/1377/1850 775/1361/1840 786/1379/1842
g default
v 27.158518 -1.559290 -1.534370
v 27.107640 -1.559290 -1.477191
v 27.112093 -1.559290 -1.400783
v 27.169271 -1.559290 -1.349906
v 27.245677 -1.559290 -1.354358
v 27.296556 -1.559290 -1.411537
v 27.292103 -1.559290 -1.487946
v 27.234925 -1.559290 -1.538823
v 29.712522 5.125478 -0.646778
v 29.677220 5.151824 -0.584186
v 29.666097 5.125478 -0.513191
v 29.685664 5.061874 -0.475385
v 29.724462 4.998270 -0.492907
v 29.759763 4.971924 -0.555500
v 29.770888 4.998270 -0.626494
v 29.751318 5.061874 -0.664301
v 27.202098 -1.559290 -1.444364
v 29.718491 5.061874 -0.569843
v 27.966737 4.145182 -1.253490
v 28.010345 4.084315 -1.269341
v 28.034724 4.023447 -1.229863
v 28.025593 3.998235 -1.158175
v 27.988299 4.023447 -1.096275
v 27.944691 4.084315 -1.080424
v 27.920311 4.145182 -1.119903
v 27.929443 4.170395 -1.191590
v 27.373306 3.326174 -1.459725
v 27.436548 3.284022 -1.468752
v 27.480561 3.241871 -1.422451
v 27.479562 3.224411 -1.347937
v 27.434136 3.241871 -1.288863
v 27.370894 3.284022 -1.279836
v 27.326881 3.326174 -1.326138
v 27.327880 3.343634 -1.400651
v 27.161824 2.446051 -1.533221
v 27.234925 2.424082 -1.538823
v 27.288797 2.402113 -1.489094
v 27.291882 2.393014 -1.413162
v 27.242372 2.402113 -1.355507
v 27.169271 2.424082 -1.349906
v 27.115399 2.446051 -1.399634
v 27.112314 2.455150 -1.475567
vt 0.981333 0.375432
vt 0.981333 0.363758
vt 0.726897 0.317973
vt 0.722611 0.317462
vt 0.973079 0.355504
vt 0.697380 0.317359
vt 0.961406 0.355504
vt 0.701542 0.316175
vt 0.953151 0.363758
vt 0.705709 0.314980
vt 0.953151 0.375431
vt 0.710002 0.314500
vt 0.961405 0.383686
vt 0.714294 0.315015
vt 0.973078 0.383685
vt 0.718455 0.316244
vt 0.967242 0.369595
vt 0.722113 0.608539
vt 0.726417 0.608654
vt 0.967079 0.408614
vt 0.696509 0.608435
vt 0.700792 0.608245
vt 0.705055 0.608062
vt 0.709312 0.608000
vt 0.713570 0.608097
vt 0.717832 0.608315
vt 0.718195 0.454243
vt 0.722389 0.455055
vt 0.713994 0.453414
vt 0.709677 0.453087
vt 0.705359 0.453379
vt 0.701153 0.454174
vt 0.696955 0.454952
vt 0.726680 0.455388
vt 0.718324 0.381168
vt 0.722487 0.382221
vt 0.714157 0.380069
vt 0.709849 0.379619
vt 0.705541 0.380034
vt 0.701368 0.381099
vt 0.697200 0.382119
vt 0.726776 0.382655
vt 0.982041 0.408614
vt 0.977659 0.419194
vt 0.977659 0.398034
vt 0.967079 0.393652
vt 0.956499 0.398034
vt 0.952117 0.408614
vt 0.956499 0.419194
vt 0.967079 0.423576
vt 0.719288 0.021889
vt 0.723597 0.021908
vt 0.714988 0.021868
vt 0.710690 0.021848
vt 0.706393 0.021833
vt 0.702093 0.021819
vt 0.697784 0.021803
vt 0.727908 0.021930
vt 0.693092 0.317835
vt 0.692909 0.382518
vt 0.692663 0.455249
vt 0.967079 0.423576
vt 0.692206 0.608516
vt 0.693473 0.021790
vt 0.981333 0.363758
vn -0.752830 0.000977 -0.658215
vn -0.752830 0.000977 -0.658215
vn -0.751803 0.034648 -0.658477
vn -0.750956 0.051730 -0.658324
vn -0.998775 0.000977 0.049480
vn -0.998775 0.000977 0.049480
vn -0.997372 0.051730 0.050728
vn -0.998132 0.034648 0.050322
vn -0.671376 0.000171 0.741117
vn -0.671376 0.000171 0.741117
vn -0.669995 0.026812 0.741882
vn -0.671136 0.005530 0.741313
vn 0.067119 0.000172 0.997745
vn 0.067119 0.000172 0.997745
vn 0.065871 -0.025192 0.997510
vn 0.066863 -0.005090 0.997749
vn 0.752907 0.000990 0.658126
vn 0.752907 0.000990 0.658126
vn 0.751641 -0.044831 0.658047
vn 0.752213 -0.030321 0.658222
vn 0.998780 0.000990 -0.049363
vn 0.998780 0.000990 -0.049363
vn 0.998295 -0.030321 -0.049868
vn 0.997738 -0.044831 -0.050086
vn 0.671413 0.000172 -0.741083
vn 0.671413 0.000172 -0.741083
vn 0.671216 -0.005090 -0.741245
vn 0.670288 -0.025192 -0.741673
vn -0.067069 0.000171 -0.997748
vn -0.067069 0.000171 -0.997748
vn -0.066759 0.005530 -0.997754
vn -0.065511 0.026812 -0.997492
vn 0.000000 -1.000000 0.000000
vn 0.000000 -1.000000 0.000000
vn 0.000000 -1.000000 0.000000
vn 0.000000 -1.000000 0.000000
vn 0.000000 -1.000000 0.000000
vn 0.000000 -1.000000 0.000000
vn 0.000000 -1.000000 0.000000
vn 0.000000 -1.000000 0.000000
vn 0.000000 -1.000000 0.000000
vn 0.849656 0.436912 0.295284
vn 0.849652 0.436922 0.295279
vn 0.849651 0.436926 0.295278
vn 0.849658 0.436912 0.295278
vn 0.849653 0.436922 0.295280
vn 0.849647 0.436934 0.295277
vn 0.849648 0.436932 0.295276
vn 0.849647 0.436934 0.295277
vn 0.849653 0.436922 0.295280
vn 0.118912 0.327269 -0.937420
vn 0.052929 0.277134 -0.959372
vn 0.133756 0.338305 -0.931482
vn 0.133756 0.338305 -0.931482
vn 0.487897 -0.327363 -0.809191
vn 0.553610 -0.276854 -0.785409
vn 0.472733 -0.338306 -0.813678
vn 0.472733 -0.338306 -0.813678
vn 0.620435 -0.760313 -0.192313
vn 0.656476 -0.732632 -0.179692
vn 0.534472 -0.816296 -0.219091
vn 0.534472 -0.816296 -0.219091
vn 0.403553 -0.732632 0.548084
vn 0.367452 -0.760313 0.535633
vn 0.283410 -0.816296 0.503329
vn 0.283410 -0.816296 0.503329
vn -0.052784 -0.276854 0.959461
vn -0.119083 -0.327363 0.937365
vn -0.133762 -0.338306 0.931481
vn -0.133762 -0.338306 0.931481
vn -0.553441 0.277134 0.785430
vn -0.488065 0.327268 0.809128
vn -0.472739 0.338305 0.813676
vn -0.472739 0.338305 0.813676
vn -0.657436 0.731905 0.179145
vn -0.621742 0.759391 0.191733
vn -0.534500 0.816280 0.219084
vn -0.534500 0.816280 0.219084
vn -0.368837 0.759391 -0.535989
vn -0.404644 0.731905 -0.548250
vn -0.283436 0.816280 -0.503341
vn -0.283436 0.816280 -0.503341
vn -0.004236 0.220039 -0.975482
vn -0.050022 0.121099 -0.991379
vn 0.609628 -0.218440 -0.761996
vn 0.655062 -0.119013 -0.746143
vn 0.894391 -0.438724 -0.087099
vn 0.926298 -0.369024 -0.076119
vn 0.679453 -0.369024 0.634165
vn 0.647614 -0.438724 0.622991
vn 0.051154 -0.119013 0.991574
vn 0.005680 -0.218440 0.975834
vn -0.654053 0.121099 0.746692
vn -0.608277 0.220038 0.762616
vn -0.921252 0.380894 0.078838
vn -0.888585 0.449796 0.089998
vn -0.641261 0.449796 -0.621665
vn -0.673808 0.380894 -0.633169
s 1
g pasted__Cattail_Stalk_Medium Right_Cattail_Medium1
usemtl lambert4SG
f 787/1453/1851 788/1459/1852 828/1404/1853 821/1405/1854
s 2
f 788/1465/1855 789/1458/1856 827/1407/1857 828/1460/1858
s 3
f 789/1458/1859 790/1457/1860 826/1409/1861 827/1407/1862
s 4
f 790/1457/1863 791/1456/1864 825/1411/1865 826/1409/1866
s 5
f 791/1456/1867 792/1455/1868 824/1413/1869 825/1411/1870
s 6
f 792/1455/1871 793/1454/1872 823/1415/1873 824/1413/1874
s 7
f 793/1454/1875 794/1452/1876 822/1417/1877 823/1415/1878
s 8
f 794/1452/1879 787/1453/1880 821/1405/1881 822/1417/1882
s 9
f 788/1403/1883 787/1402/1884 803/1418/1885
f 789/1406/1886 788/1466/1883 803/1418/1885
f 790/1408/1887 789/1406/1886 803/1418/1885
f 791/1410/1888 790/1408/1887 803/1418/1885
f 792/1412/1889 791/1410/1888 803/1418/1885
f 793/1414/1890 792/1412/1889 803/1418/1885
f 794/1416/1891 793/1414/1890 803/1418/1885
f 787/1402/1884 794/1416/1891 803/1418/1885
s 10
f 795/1445/1892 796/1451/1893 804/1421/1894
f 796/1463/1893 797/1450/1895 804/1421/1894
f 797/1450/1895 798/1449/1896 804/1421/1894
f 798/1449/1896 799/1448/1897 804/1421/1894
f 799/1448/1897 800/1447/1898 804/1421/1894
f 800/1447/1898 801/1446/1899 804/1421/1894
f 801/1446/1899 802/1444/1900 804/1421/1894
f 802/1444/1900 795/1445/1892 804/1421/1894
s 8
f 806/1428/1901 805/1429/1902 795/1419/1903 802/1427/1904
s 7
f 807/1430/1905 806/1428/1906 802/1427/1907 801/1426/1908
s 6
f 808/1431/1909 807/1430/1910 801/1426/1911 800/1425/1912
s 5
f 809/1432/1913 808/1431/1914 800/1425/1915 799/1424/1916
s 4
f 810/1433/1917 809/1432/1918 799/1424/1919 798/1423/1920
s 3
f 811/1434/1921 810/1433/1922 798/1423/1923 797/1422/1924
s 2
f 812/1462/1925 811/1434/1926 797/1422/1927 796/1464/1928
s 1
f 805/1429/1929 812/1435/1930 796/1420/1931 795/1419/1932
s 8
f 814/1436/1933 813/1437/1934 805/1429/1902 806/1428/1901
s 7
f 815/1438/1935 814/1436/1936 806/1428/1906 807/1430/1905
s 6
f 816/1439/1937 815/1438/1938 807/1430/1910 808/1431/1909
s 5
f 817/1440/1939 816/1439/1940 808/1431/1914 809/1432/1913
s 4
f 818/1441/1941 817/1440/1942 809/1432/1918 810/1433/1917
s 3
f 819/1442/1943 818/1441/1944 810/1433/1922 811/1434/1921
s 2
f 820/1461/1945 819/1442/1946 811/1434/1926 812/1462/1925
s 1
f 813/1437/1947 820/1443/1948 812/1435/1930 805/1429/1929
s 8
f 822/1417/1882 821/1405/1881 813/1437/1934 814/1436/1933
s 7
f 823/1415/1878 822/1417/1877 814/1436/1936 815/1438/1935
s 6
f 824/1413/1874 823/1415/1873 815/1438/1938 816/1439/1937
s 5
f 825/1411/1870 824/1413/1869 816/1439/1940 817/1440/1939
s 4
f 826/1409/1866 825/1411/1865 817/1440/1942 818/1441/1941
s 3
f 827/1407/1862 826/1409/1861 818/1441/1944 819/1442/1943
s 2
f 828/1460/1858 827/1407/1857 819/1442/1946 820/1461/1945
s 1
f 821/1405/1854 828/1404/1853 820/1443/1948 813/1437/1947
g default
v 28.200008 4.369175 -1.354504
v 28.101543 4.464889 -1.229925
v 28.040678 4.464889 -1.054790
v 28.040663 4.369175 -0.895995
v 28.101505 4.214308 -0.814196
v 28.199962 4.059440 -0.840634
v 28.298429 3.963726 -0.965214
v 28.359294 3.963726 -1.140349
v 28.359308 4.059440 -1.299142
v 28.298466 4.214308 -1.380944
v 29.527348 5.134281 -0.893214
v 29.428881 5.229995 -0.768636
v 29.368016 5.229994 -0.593501
v 29.368002 5.134281 -0.434705
v 29.428843 4.979413 -0.352906
v 29.527300 4.824545 -0.379345
v 29.625767 4.728832 -0.503925
v 29.686632 4.728832 -0.679060
v 29.686645 4.824545 -0.837853
v 29.625805 4.979413 -0.919654
v 28.199985 4.214308 -1.097569
v 29.527324 4.979413 -0.636279
vt 0.489162 0.526182
vt 0.492060 0.526182
vt 0.473619 0.525730
vt 0.476501 0.525730
vt 0.494404 0.524479
vt 0.471286 0.524036
vt 0.495299 0.521723
vt 0.470395 0.521294
vt 0.494404 0.518967
vt 0.471286 0.518552
vt 0.492059 0.517264
vt 0.473619 0.516857
vt 0.489162 0.517264
vt 0.476501 0.516857
vt 0.486817 0.518967
vt 0.478834 0.518552
vt 0.485922 0.521723
vt 0.479725 0.521294
vt 0.486818 0.524479
vt 0.478834 0.524036
vt 0.490611 0.521723
vt 0.475060 0.521294
vt 0.485662 0.584564
vt 0.491814 0.584564
vt 0.479510 0.584564
vt 0.473358 0.584564
vt 0.467206 0.584564
vt 0.461055 0.584564
vt 0.454903 0.584564
vt 0.448751 0.584564
vt 0.442599 0.584564
vt 0.436447 0.584564
vt 0.485662 0.531476
vt 0.491814 0.531476
vt 0.479510 0.531476
vt 0.473358 0.531476
vt 0.467206 0.531476
vt 0.461055 0.531476
vt 0.454903 0.531476
vt 0.448751 0.531476
vt 0.442598 0.531476
vt 0.497966 0.531476
vt 0.436447 0.531476
vt 0.497966 0.584564
vn -0.172468 0.710520 -0.682214
vn -0.172468 0.710520 -0.682214
vn -0.172468 0.710520 -0.682214
vn -0.172468 0.710520 -0.682214
vn -0.451691 0.878256 -0.156975
vn -0.451691 0.878256 -0.156975
vn -0.451691 0.878256 -0.156975
vn -0.451691 0.878256 -0.156975
vn -0.558378 0.710524 0.428217
vn -0.558378 0.710524 0.428217
vn -0.558379 0.710524 0.428217
vn -0.558378 0.710524 0.428217
vn -0.451782 0.271391 0.849847
vn -0.451782 0.271391 0.849847
vn -0.451782 0.271391 0.849847
vn -0.451782 0.271391 0.849847
vn -0.172627 -0.271391 0.946861
vn -0.172627 -0.271391 0.946862
vn -0.172627 -0.271391 0.946862
vn -0.172627 -0.271391 0.946862
vn 0.172472 -0.710523 0.682209
vn 0.172472 -0.710523 0.682209
vn 0.172472 -0.710523 0.682209
vn 0.172472 -0.710523 0.682209
vn 0.451691 -0.878256 0.156975
vn 0.451691 -0.878256 0.156975
vn 0.451692 -0.878256 0.156975
vn 0.451692 -0.878256 0.156975
vn 0.558379 -0.710520 -0.428223
vn 0.558379 -0.710520 -0.428223
vn 0.558379 -0.710520 -0.428223
vn 0.558379 -0.710520 -0.428223
vn 0.451786 -0.271401 -0.849842
vn 0.451786 -0.271401 -0.849842
vn 0.451786 -0.271401 -0.849842
vn 0.451786 -0.271401 -0.849842
vn 0.172621 0.271401 -0.946860
vn 0.172621 0.271400 -0.946860
vn 0.172621 0.271400 -0.946860
vn 0.172621 0.271400 -0.946860
vn -0.829588 -0.478188 -0.288305
vn -0.829587 -0.478189 -0.288305
vn -0.829586 -0.478191 -0.288306
vn -0.829587 -0.478188 -0.288308
vn -0.829587 -0.478189 -0.288307
vn -0.829585 -0.478193 -0.288305
vn -0.829585 -0.478193 -0.288305
vn -0.829585 -0.478193 -0.288305
vn -0.829585 -0.478193 -0.288306
vn -0.829585 -0.478194 -0.288306
vn -0.829585 -0.478193 -0.288305
vn 0.829586 0.478189 0.288308
vn 0.829585 0.478191 0.288308
vn 0.829586 0.478191 0.288306
vn 0.829587 0.478191 0.288304
vn 0.829588 0.478189 0.288304
vn 0.829587 0.478189 0.288306
vn 0.829586 0.478191 0.288306
vn 0.829585 0.478191 0.288308
vn 0.829585 0.478193 0.288306
vn 0.829586 0.478192 0.288304
vn 0.829587 0.478189 0.288306
s off
g Right_Cattail_Medium1 pasted__Cattail_Medium
usemtl lambert4SG
f 829/1500/1949 830/1508/1950 840/1510/1951 839/1490/1952
f 830/1509/1953 831/1507/1954 841/1497/1955 840/1498/1956
f 831/1507/1957 832/1506/1958 842/1496/1959 841/1497/1960
f 832/1506/1961 833/1505/1962 843/1495/1963 842/1496/1964
f 833/1505/1965 834/1504/1966 844/1494/1967 843/1495/1968
f 834/1504/1969 835/1503/1970 845/1493/1971 844/1494/1972
f 835/1503/1973 836/1502/1974 846/1492/1975 845/1493/1976
f 836/1502/1977 837/1501/1978 847/1491/1979 846/1492/1980
f 837/1501/1981 838/1499/1982 848/1489/1983 847/1491/1984
f 838/1499/1985 829/1500/1986 839/1490/1987 848/1489/1988
s 1
f 830/1468/1989 829/1467/1990 849/1487/1991
f 831/1471/1992 830/1468/1989 849/1487/1991
f 832/1473/1993 831/1471/1992 849/1487/1991
f 833/1475/1994 832/1473/1993 849/1487/1991
f 834/1477/1995 833/1475/1994 849/1487/1991
f 835/1479/1996 834/1477/1995 849/1487/1991
f 836/1481/1997 835/1479/1996 849/1487/1991
f 837/1483/1998 836/1481/1997 849/1487/1991
f 838/1485/1999 837/1483/1998 849/1487/1991
f 829/1467/1990 838/1485/1999 849/1487/1991
s 2
f 839/1470/2000 840/1469/2001 850/1488/2002
f 840/1469/2001 841/1472/2003 850/1488/2002
f 841/1472/2003 842/1474/2004 850/1488/2002
f 842/1474/2004 843/1476/2005 850/1488/2002
f 843/1476/2005 844/1478/2006 850/1488/2002
f 844/1478/2006 845/1480/2007 850/1488/2002
f 845/1480/2007 846/1482/2008 850/1488/2002
f 846/1482/2008 847/1484/2009 850/1488/2002
f 847/1484/2009 848/1486/2010 850/1488/2002
f 848/1486/2010 839/1470/2000 850/1488/2002
g default
v 25.080333 -0.642835 -4.118205
v 25.076257 -0.642835 -4.194634
v 25.019332 -0.642835 -4.245797
v 24.942904 -0.642835 -4.241720
v 24.891743 -0.642835 -4.184797
v 24.895819 -0.642835 -4.108367
v 24.952744 -0.642835 -4.057205
v 25.029171 -0.642835 -4.061282
v 23.096671 7.122320 -3.169825
v 23.085382 7.142430 -3.242806
v 23.035670 7.122320 -3.297417
v 22.976658 7.073768 -3.301666
v 22.942910 7.025217 -3.253069
v 22.954200 7.005106 -3.180088
v 23.003911 7.025217 -3.125477
v 23.062924 7.073768 -3.121228
v 24.986038 -0.642835 -4.151501
v 23.019791 7.073768 -3.211447
v 24.238674 5.497680 -3.794189
v 24.227885 5.517185 -3.867410
v 24.262843 5.564276 -3.916586
v 24.323065 5.611367 -3.912915
v 24.373278 5.630872 -3.858543
v 24.384066 5.611367 -3.785323
v 24.349109 5.564276 -3.736147
v 24.288886 5.517185 -3.739818
v 24.744703 4.295572 -4.036120
v 24.738540 4.306981 -4.111552
v 24.784664 4.334523 -4.166066
v 24.856053 4.362065 -4.167734
v 24.910891 4.373474 -4.115573
v 24.917054 4.362065 -4.040141
v 24.870930 4.334523 -3.985627
v 24.799541 4.306981 -3.983959
v 24.896958 2.934031 -4.108912
v 24.892548 2.938670 -4.185182
v 24.942904 2.949871 -4.241720
v 25.018527 2.961073 -4.245412
v 25.075118 2.965712 -4.194090
v 25.079528 2.961073 -4.117820
v 25.029171 2.949871 -4.061282
v 24.953549 2.938670 -4.057590
vt 0.976406 0.087041
vt 0.964632 0.087041
vt 0.880321 0.319757
vt 0.876401 0.319395
vt 0.956307 0.095367
vt 0.852972 0.318779
vt 0.956307 0.107140
vt 0.856875 0.318257
vt 0.964633 0.115466
vt 0.860779 0.317733
vt 0.976406 0.115466
vt 0.864702 0.317577
vt 0.984731 0.107140
vt 0.868621 0.317940
vt 0.984731 0.095366
vt 0.872511 0.318669
vt 0.970519 0.101254
vt 0.872296 0.709206
vt 0.876219 0.709326
vt 0.970955 0.142042
vt 0.848892 0.708591
vt 0.852803 0.708676
vt 0.856701 0.708766
vt 0.860595 0.708866
vt 0.864488 0.708971
vt 0.868386 0.709086
vt 0.858438 0.539681
vt 0.862373 0.539502
vt 0.854563 0.540289
vt 0.850694 0.540888
vt 0.877929 0.541890
vt 0.874016 0.541501
vt 0.870162 0.540699
vt 0.866301 0.539888
vt 0.859587 0.430342
vt 0.863521 0.430154
vt 0.855716 0.430959
vt 0.851850 0.431560
vt 0.879070 0.432561
vt 0.875156 0.432173
vt 0.871304 0.431369
vt 0.867448 0.430549
vt 0.970955 0.157189
vt 0.960245 0.152753
vt 0.981666 0.152752
vt 0.986101 0.142042
vt 0.981666 0.131331
vt 0.972312 0.126895
vt 0.960245 0.131331
vt 0.955808 0.142042
vt 0.875595 0.027130
vt 0.879522 0.027232
vt 0.871674 0.027026
vt 0.867754 0.026922
vt 0.863834 0.026820
vt 0.859913 0.026717
vt 0.855986 0.026613
vt 0.883449 0.027336
vt 0.849047 0.318934
vt 0.847930 0.431742
vt 0.846775 0.541071
vt 0.955808 0.142042
vt 0.844970 0.708504
vt 0.852059 0.026510
vt 0.964632 0.087041
vn 0.998460 0.000276 -0.055479
vn 0.998460 0.000276 -0.055479
vn 0.998068 0.027323 -0.055795
vn 0.997671 0.039071 -0.055920
vn 0.670114 0.000276 -0.742258
vn 0.670114 0.000276 -0.742258
vn 0.669962 0.039071 -0.741367
vn 0.670114 0.027323 -0.741755
vn -0.051029 0.000048 -0.998697
vn -0.051029 0.000048 -0.998697
vn -0.050372 0.019642 -0.998537
vn -0.050870 0.004839 -0.998694
vn -0.745242 0.000048 -0.666794
vn -0.745242 0.000048 -0.666794
vn -0.745581 -0.019123 -0.666141
vn -0.745351 -0.004681 -0.666656
vn -0.998459 0.000278 0.055496
vn -0.998459 0.000278 0.055496
vn -0.997754 -0.036642 0.056070
vn -0.998107 -0.025638 0.055907
vn -0.670126 0.000278 0.742247
vn -0.670126 0.000278 0.742247
vn -0.670225 -0.025638 0.741715
vn -0.670131 -0.036642 0.741338
vn 0.051022 0.000048 0.998698
vn 0.051022 0.000048 0.998698
vn 0.050846 -0.004681 0.998695
vn 0.050301 -0.019123 0.998551
vn 0.745237 0.000048 0.666800
vn 0.745237 0.000048 0.666800
vn 0.745334 0.004839 0.666674
vn 0.745525 0.019642 0.666188
vn 0.000000 -1.000000 0.000000
vn 0.000000 -1.000000 0.000000
vn 0.000000 -1.000000 0.000000
vn 0.000000 -1.000000 0.000000
vn 0.000000 -1.000000 0.000000
vn 0.000000 -1.000000 0.000000
vn 0.000000 -1.000000 0.000000
vn 0.000000 -1.000000 0.000000
vn 0.000000 -1.000000 0.000000
vn -0.619465 0.727015 0.296161
vn -0.619462 0.727018 0.296162
vn -0.619463 0.727017 0.296162
vn -0.619463 0.727015 0.296165
vn -0.619463 0.727016 0.296163
vn -0.619461 0.727018 0.296162
vn -0.619463 0.727018 0.296160
vn -0.619462 0.727018 0.296160
vn -0.619463 0.727016 0.296163
vn -0.852339 -0.522698 -0.017474
vn -0.823664 -0.566181 -0.031876
vn -0.771022 -0.634388 -0.055463
vn -0.771022 -0.634388 -0.055463
vn -0.701132 -0.188402 -0.687690
vn -0.657295 -0.252245 -0.710166
vn -0.649525 -0.262791 -0.713483
vn -0.649525 -0.262791 -0.713483
vn -0.095092 0.188663 -0.977427
vn -0.139932 0.252168 -0.957513
vn -0.147455 0.262788 -0.953519
vn -0.147455 0.262788 -0.953519
vn 0.521930 0.522274 -0.674402
vn 0.492960 0.565406 -0.661292
vn 0.440974 0.634364 -0.634920
vn 0.440974 0.634364 -0.634920
vn 0.824209 0.565406 0.031560
vn 0.852603 0.522274 0.017244
vn 0.771042 0.634364 0.055461
vn 0.771042 0.634364 0.055460
vn 0.657361 0.252168 0.710132
vn 0.701016 0.188663 0.687738
vn 0.649529 0.262788 0.713480
vn 0.649529 0.262788 0.713480
vn 0.140000 -0.252245 0.957482
vn 0.094982 -0.188402 0.977488
vn 0.147460 -0.262791 0.953518
vn 0.147460 -0.262791 0.953518
vn -0.492372 -0.566181 0.661066
vn -0.521585 -0.522698 0.674340
vn -0.440960 -0.634388 0.634906
vn -0.440960 -0.634388 0.634906
vn -0.974158 -0.221395 0.044738
vn -0.957595 -0.285739 0.036937
vn -0.742182 -0.064258 -0.667110
vn -0.720782 -0.147963 -0.677185
vn -0.053419 0.065025 -0.996453
vn -0.074867 0.148784 -0.986032
vn 0.645174 0.226381 -0.729727
vn 0.628346 0.290804 -0.721536
vn 0.956106 0.290804 -0.035982
vn 0.973047 0.226381 -0.043937
vn 0.720412 0.148784 0.677400
vn 0.741990 0.065025 0.667250
vn 0.074468 -0.147963 0.986185
vn 0.053189 -0.064258 0.996515
vn -0.630024 -0.285739 0.722096
vn -0.646495 -0.221395 0.730088
s 1
g pasted__Cattail_Stalk_Tall Right_Cattail_Tall
usemtl lambert4SG
f 851/1562/2011 852/1568/2012 889/1513/2013 890/1514/2014
s 2
f 852/1574/2015 853/1567/2016 888/1516/2017 889/1569/2018
s 3
f 853/1567/2019 854/1566/2020 887/1518/2021 888/1516/2022
s 4
f 854/1566/2023 855/1565/2024 886/1520/2025 887/1518/2026
s 5
f 855/1565/2027 856/1564/2028 885/1522/2029 886/1520/2030
s 6
f 856/1564/2031 857/1563/2032 892/1524/2033 885/1522/2034
s 7
f 857/1563/2035 858/1561/2036 891/1526/2037 892/1524/2038
s 8
f 858/1561/2039 851/1562/2040 890/1514/2041 891/1526/2042
s 9
f 852/1512/2043 851/1511/2044 867/1527/2045
f 853/1515/2046 852/1575/2043 867/1527/2045
f 854/1517/2047 853/1515/2046 867/1527/2045
f 855/1519/2048 854/1517/2047 867/1527/2045
f 856/1521/2049 855/1519/2048 867/1527/2045
f 857/1523/2050 856/1521/2049 867/1527/2045
f 858/1525/2051 857/1523/2050 867/1527/2045
f 851/1511/2044 858/1525/2051 867/1527/2045
s 10
f 859/1554/2052 860/1560/2053 868/1530/2054
f 860/1572/2053 861/1559/2055 868/1530/2054
f 861/1559/2055 862/1558/2056 868/1530/2054
f 862/1558/2056 863/1557/2057 868/1530/2054
f 863/1557/2057 864/1556/2058 868/1530/2054
f 864/1556/2058 865/1555/2059 868/1530/2054
f 865/1555/2059 866/1553/2060 868/1530/2054
f 866/1553/2060 859/1554/2052 868/1530/2054
s 5
f 870/1537/2061 869/1538/2062 864/1534/2063 863/1533/2064
s 4
f 871/1539/2065 870/1537/2066 863/1533/2067 862/1532/2068
s 3
f 872/1540/2069 871/1539/2070 862/1532/2071 861/1531/2072
s 2
f 873/1571/2073 872/1540/2074 861/1531/2075 860/1573/2076
s 1
f 874/1542/2077 873/1541/2078 860/1529/2079 859/1528/2080
s 8
f 875/1543/2081 874/1542/2082 859/1528/2083 866/1536/2084
s 7
f 876/1544/2085 875/1543/2086 866/1536/2087 865/1535/2088
s 6
f 869/1538/2089 876/1544/2090 865/1535/2091 864/1534/2092
s 5
f 878/1545/2093 877/1546/2094 869/1538/2062 870/1537/2061
s 4
f 879/1547/2095 878/1545/2096 870/1537/2066 871/1539/2065
s 3
f 880/1548/2097 879/1547/2098 871/1539/2070 872/1540/2069
s 2
f 881/1570/2099 880/1548/2100 872/1540/2074 873/1571/2073
s 1
f 882/1550/2101 881/1549/2102 873/1541/2078 874/1542/2077
s 8
f 883/1551/2103 882/1550/2104 874/1542/2082 875/1543/2081
s 7
f 884/1552/2105 883/1551/2106 875/1543/2086 876/1544/2085
s 6
f 877/1546/2107 884/1552/2108 876/1544/2090 869/1538/2089
s 5
f 886/1520/2030 885/1522/2029 877/1546/2094 878/1545/2093
s 4
f 887/1518/2026 886/1520/2025 878/1545/2096 879/1547/2095
s 3
f 888/1516/2022 887/1518/2021 879/1547/2098 880/1548/2097
s 2
f 889/1569/2018 888/1516/2017 880/1548/2100 881/1570/2099
s 1
f 890/1514/2014 889/1513/2013 881/1549/2102 882/1550/2101
s 8
f 891/1526/2042 890/1514/2041 882/1550/2104 883/1551/2103
s 7
f 892/1524/2038 891/1526/2037 883/1551/2106 884/1552/2105
s 6
f 885/1522/2034 892/1524/2033 884/1552/2108 877/1546/2107
g default
v 24.346155 5.892004 -3.576560
v 24.353398 5.966289 -3.746282
v 24.273424 5.966289 -3.913557
v 24.136782 5.892004 -4.014491
v 23.995665 5.771808 -4.010529
v 23.903973 5.651613 -3.903186
v 23.896731 5.577327 -3.733462
v 23.976705 5.577327 -3.566187
v 24.113346 5.651613 -3.465255
v 24.254464 5.771808 -3.469215
v 23.362214 7.062718 -3.106142
v 23.369458 7.137002 -3.275865
v 23.289484 7.137002 -3.443140
v 23.152841 7.062718 -3.544074
v 23.011724 6.942522 -3.540111
v 22.920032 6.822326 -3.432769
v 22.912791 6.748040 -3.263045
v 22.992765 6.748041 -3.095769
v 23.129405 6.822326 -2.994837
v 23.270523 6.942522 -2.998798
v 24.125064 5.771808 -3.739873
v 23.141123 6.942522 -3.269456
vt 0.384424 0.440638
vt 0.387321 0.440638
vt 0.375866 0.436155
vt 0.375028 0.433376
vt 0.389665 0.438935
vt 0.374911 0.438896
vt 0.390561 0.436179
vt 0.372527 0.440552
vt 0.389665 0.433424
vt 0.369626 0.440490
vt 0.387321 0.431721
vt 0.367315 0.438735
vt 0.384424 0.431721
vt 0.366476 0.435956
vt 0.382080 0.433424
vt 0.367431 0.433216
vt 0.381185 0.436180
vt 0.369815 0.431560
vt 0.382080 0.438935
vt 0.372716 0.431621
vt 0.385873 0.436179
vt 0.371171 0.436056
vt 0.381120 0.498729
vt 0.387320 0.498729
vt 0.374921 0.498729
vt 0.368722 0.498729
vt 0.362523 0.498729
vt 0.356324 0.498729
vt 0.350124 0.498729
vt 0.343925 0.498729
vt 0.337726 0.498729
vt 0.331527 0.498729
vt 0.381120 0.445233
vt 0.387319 0.445233
vt 0.374921 0.445233
vt 0.368722 0.445233
vt 0.362523 0.445233
vt 0.356323 0.445233
vt 0.350124 0.445233
vt 0.343925 0.445233
vt 0.337726 0.445233
vt 0.393518 0.445233
vt 0.331527 0.445233
vt 0.393518 0.498729
vn 0.787588 0.551448 0.274972
vn 0.787588 0.551448 0.274972
vn 0.787588 0.551448 0.274972
vn 0.787588 0.551448 0.274972
vn 0.660130 0.681631 -0.315605
vn 0.660130 0.681631 -0.315605
vn 0.660130 0.681631 -0.315605
vn 0.660130 0.681631 -0.315605
vn 0.280525 0.551451 -0.785625
vn 0.280525 0.551451 -0.785625
vn 0.280525 0.551451 -0.785625
vn 0.280525 0.551451 -0.785625
vn -0.206236 0.210632 -0.955563
vn -0.206236 0.210632 -0.955563
vn -0.206236 0.210632 -0.955563
vn -0.206236 0.210632 -0.955563
vn -0.614211 -0.210632 -0.760512
vn -0.614211 -0.210632 -0.760512
vn -0.614212 -0.210632 -0.760512
vn -0.614212 -0.210632 -0.760512
vn -0.787588 -0.551451 -0.274966
vn -0.787588 -0.551451 -0.274966
vn -0.787588 -0.551451 -0.274966
vn -0.787588 -0.551451 -0.274966
vn -0.660130 -0.681631 0.315606
vn -0.660130 -0.681631 0.315606
vn -0.660130 -0.681631 0.315606
vn -0.660130 -0.681631 0.315606
vn -0.280519 -0.551448 0.785629
vn -0.280520 -0.551448 0.785629
vn -0.280519 -0.551448 0.785629
vn -0.280519 -0.551448 0.785629
vn 0.206227 -0.210640 0.955563
vn 0.206227 -0.210640 0.955563
vn 0.206227 -0.210640 0.955563
vn 0.206227 -0.210640 0.955563
vn 0.614217 0.210639 0.760505
vn 0.614217 0.210639 0.760505
vn 0.614217 0.210639 0.760505
vn 0.614217 0.210639 0.760505
vn 0.614963 -0.731696 -0.294011
vn 0.614963 -0.731696 -0.294011
vn 0.614962 -0.731696 -0.294010
vn 0.614963 -0.731696 -0.294011
vn 0.614963 -0.731696 -0.294011
vn 0.614962 -0.731697 -0.294010
vn 0.614961 -0.731697 -0.294011
vn 0.614962 -0.731697 -0.294011
vn 0.614962 -0.731697 -0.294010
vn 0.614962 -0.731697 -0.294010
vn 0.614962 -0.731697 -0.294010
vn -0.614962 0.731697 0.294009
vn -0.614961 0.731698 0.294009
vn -0.614962 0.731696 0.294010
vn -0.614960 0.731698 0.294011
vn -0.614961 0.731697 0.294011
vn -0.614963 0.731696 0.294011
vn -0.614963 0.731695 0.294012
vn -0.614965 0.731694 0.294011
vn -0.614964 0.731695 0.294009
vn -0.614963 0.731696 0.294011
vn -0.614963 0.731696 0.294011
s off
g Right_Cattail_Tall pasted__Cattail_Tall
usemtl lambert4SG
f 893/1609/2109 894/1617/2110 904/1619/2111 903/1599/2112
f 894/1618/2113 895/1616/2114 905/1606/2115 904/1607/2116
f 895/1616/2117 896/1615/2118 906/1605/2119 905/1606/2120
f 896/1615/2121 897/1614/2122 907/1604/2123 906/1605/2124
f 897/1614/2125 898/1613/2126 908/1603/2127 907/1604/2128
f 898/1613/2129 899/1612/2130 909/1602/2131 908/1603/2132
f 899/1612/2133 900/1611/2134 910/1601/2135 909/1602/2136
f 900/1611/2137 901/1610/2138 911/1600/2139 910/1601/2140
f 901/1610/2141 902/1608/2142 912/1598/2143 911/1600/2144
f 902/1608/2145 893/1609/2146 903/1599/2147 912/1598/2148
s 1
f 894/1577/2149 893/1576/2150 913/1596/2151
f 895/1580/2152 894/1577/2149 913/1596/2151
f 896/1582/2153 895/1580/2152 913/1596/2151
f 897/1584/2154 896/1582/2153 913/1596/2151
f 898/1586/2155 897/1584/2154 913/1596/2151
f 899/1588/2156 898/1586/2155 913/1596/2151
f 900/1590/2157 899/1588/2156 913/1596/2151
f 901/1592/2158 900/1590/2157 913/1596/2151
f 902/1594/2159 901/1592/2158 913/1596/2151
f 893/1576/2150 902/1594/2159 913/1596/2151
s 2
f 903/1579/2160 904/1578/2161 914/1597/2162
f 904/1578/2161 905/1581/2163 914/1597/2162
f 905/1581/2163 906/1583/2164 914/1597/2162
f 906/1583/2164 907/1585/2165 914/1597/2162
f 907/1585/2165 908/1587/2166 914/1597/2162
f 908/1587/2166 909/1589/2167 914/1597/2162
f 909/1589/2167 910/1591/2168 914/1597/2162
f 910/1591/2168 911/1593/2169 914/1597/2162
f 911/1593/2169 912/1595/2170 914/1597/2162
f 912/1595/2170 903/1579/2160 914/1597/2162
g default
v 25.867321 -0.996328 -3.047134
v 25.839109 -0.996328 -2.975985
v 25.869469 -0.996328 -2.905726
v 25.940616 -0.996328 -2.877515
v 26.010874 -0.996328 -2.907873
v 26.039086 -0.996328 -2.979022
v 26.008726 -0.996328 -3.049281
v 25.937579 -0.996328 -3.077492
v 28.065780 6.768826 -3.080521
v 28.045562 6.788937 -3.009494
v 28.067928 6.768826 -2.939113
v 28.119774 6.720275 -2.910609
v 28.170732 6.671724 -2.940674
v 28.190950 6.651613 -3.011702
v 28.168585 6.671724 -3.082083
v 28.116737 6.720275 -3.110586
v 25.939097 -0.996328 -2.977503
v 28.118256 6.720275 -3.010598
v 26.767389 5.144187 -2.990083
v 26.746616 5.163692 -2.919047
v 26.694317 5.210783 -2.888961
v 26.641129 5.257874 -2.917445
v 26.618209 5.277379 -2.987817
v 26.638982 5.257874 -3.058853
v 26.691280 5.210783 -3.088938
v 26.744468 5.163692 -3.060455
v 26.206565 3.942078 -2.981565
v 26.180665 3.953488 -2.910452
v 26.115992 3.981030 -2.880178
v 26.050428 4.008572 -2.908474
v 26.022382 4.019981 -2.978768
v 26.048281 4.008572 -3.049882
v 26.112955 3.981030 -3.080155
v 26.178518 3.953488 -3.051860
v 26.037823 2.580537 -2.979003
v 26.009981 2.585177 -2.907860
v 25.940616 2.596378 -2.877515
v 25.870361 2.607580 -2.905739
v 25.840371 2.612219 -2.976004
v 25.868214 2.607580 -3.047147
v 25.937579 2.596378 -3.077492
v 26.007834 2.585177 -3.049268
vt 0.977545 0.008380
vt 0.965771 0.008380
vt 0.928473 0.323573
vt 0.924553 0.323211
vt 0.957446 0.016705
vt 0.901124 0.322595
vt 0.957447 0.028479
vt 0.905027 0.322073
vt 0.965772 0.036804
vt 0.908931 0.321549
vt 0.977545 0.036804
vt 0.912854 0.321393
vt 0.985871 0.028479
vt 0.916773 0.321756
vt 0.985871 0.016705
vt 0.920663 0.322485
vt 0.971659 0.022592
vt 0.920448 0.713022
vt 0.924370 0.713142
vt 0.970811 0.062820
vt 0.897044 0.712407
vt 0.900955 0.712492
vt 0.904853 0.712582
vt 0.908746 0.712682
vt 0.912640 0.712787
vt 0.916538 0.712902
vt 0.906590 0.543497
vt 0.910525 0.543318
vt 0.902714 0.544105
vt 0.898846 0.544704
vt 0.926081 0.545706
vt 0.922168 0.545317
vt 0.918314 0.544515
vt 0.914453 0.543704
vt 0.907739 0.434158
vt 0.911673 0.433970
vt 0.903868 0.434775
vt 0.900002 0.435376
vt 0.927221 0.436377
vt 0.923308 0.435989
vt 0.919456 0.435185
vt 0.915600 0.434365
vt 0.970811 0.077967
vt 0.960100 0.073531
vt 0.981521 0.073530
vt 0.985957 0.062820
vt 0.981521 0.052109
vt 0.970811 0.047673
vt 0.960100 0.052109
vt 0.955664 0.062820
vt 0.923747 0.030946
vt 0.927673 0.031048
vt 0.919826 0.030842
vt 0.915906 0.030738
vt 0.911985 0.030636
vt 0.908064 0.030533
vt 0.904138 0.030429
vt 0.931601 0.031152
vt 0.897199 0.322750
vt 0.896082 0.435558
vt 0.894927 0.544887
vt 0.955664 0.062820
vt 0.893122 0.712320
vt 0.900211 0.030326
vt 0.965771 0.008380
vn -0.930406 0.000276 -0.366531
vn -0.930406 0.000276 -0.366531
vn -0.930182 0.027323 -0.366080
vn -0.929873 0.039071 -0.365800
vn -0.918846 0.000276 0.394615
vn -0.918846 0.000276 0.394615
vn -0.918336 0.039071 0.393869
vn -0.918637 0.027323 0.394157
vn -0.370673 0.000048 0.928763
vn -0.370673 0.000048 0.928763
vn -0.371204 0.019642 0.928344
vn -0.370816 0.004839 0.928694
vn 0.398712 0.000048 0.917076
vn 0.398712 0.000048 0.917076
vn 0.399293 -0.019123 0.916624
vn 0.398869 -0.004681 0.916996
vn 0.930412 0.000278 0.366515
vn 0.930412 0.000278 0.366515
vn 0.930011 -0.036642 0.365699
vn 0.930264 -0.025638 0.365995
vn 0.918853 0.000278 -0.394600
vn 0.918853 0.000278 -0.394600
vn 0.918721 -0.025638 -0.394075
vn 0.918478 -0.036642 -0.393772
vn 0.370680 0.000048 -0.928761
vn 0.370680 0.000048 -0.928761
vn 0.370839 -0.004681 -0.928685
vn 0.371274 -0.019123 -0.928326
vn -0.398706 0.000048 -0.917079
vn -0.398706 0.000048 -0.917079
vn -0.398846 0.004839 -0.917005
vn -0.399223 0.019642 -0.916644
vn 0.000000 -1.000000 0.000000
vn 0.000000 -1.000000 0.000000
vn 0.000000 -1.000000 0.000000
vn 0.000000 -1.000000 0.000000
vn 0.000000 -1.000000 0.000000
vn 0.000000 -1.000000 0.000000
vn 0.000000 -1.000000 0.000000
vn 0.000000 -1.000000 0.000000
vn 0.000000 -1.000000 0.000000
vn 0.686542 0.727015 -0.010424
vn 0.686539 0.727018 -0.010426
vn 0.686540 0.727017 -0.010426
vn 0.686542 0.727015 -0.010429
vn 0.686541 0.727016 -0.010426
vn 0.686539 0.727018 -0.010426
vn 0.686539 0.727018 -0.010425
vn 0.686539 0.727018 -0.010425
vn 0.686541 0.727016 -0.010426
vn 0.767170 -0.522698 0.371801
vn 0.735102 -0.566181 0.372913
vn 0.677420 -0.634388 0.372363
vn 0.677420 -0.634388 0.372363
vn 0.349907 -0.188402 0.917644
vn 0.300689 -0.252245 0.919760
vn 0.292244 -0.262791 0.919530
vn 0.292244 -0.262791 0.919530
vn -0.321754 0.188663 0.927836
vn -0.272695 0.252168 0.928466
vn -0.264191 0.262788 0.927979
vn -0.264191 0.262788 0.927979
vn -0.755866 0.522274 0.394838
vn -0.724067 0.565406 0.395023
vn -0.665819 0.634364 0.392768
vn -0.665819 0.634364 0.392769
vn -0.735729 0.565406 -0.372853
vn -0.767507 0.522274 -0.371703
vn -0.677439 0.634364 -0.372369
vn -0.677439 0.634364 -0.372369
vn -0.300763 0.252168 -0.919757
vn -0.349781 0.188663 -0.917638
vn -0.292249 0.262788 -0.919529
vn -0.292249 0.262788 -0.919529
vn 0.272620 -0.252245 -0.928467
vn 0.321880 -0.188402 -0.927846
vn 0.264186 -0.262791 -0.927980
vn 0.264186 -0.262791 -0.927980
vn 0.723439 -0.566181 -0.395063
vn 0.755527 -0.522699 -0.394925
vn 0.665800 -0.634388 -0.392762
vn 0.665800 -0.634388 -0.392762
vn 0.903838 -0.221395 0.366142
vn 0.885532 -0.285739 0.366314
vn 0.395800 -0.064258 0.916086
vn 0.372148 -0.147963 0.916304
vn -0.367565 0.065025 0.927722
vn -0.343724 0.148784 0.927209
vn -0.890953 0.226381 0.393643
vn -0.872241 0.290804 0.393228
vn -0.883780 0.290804 -0.366560
vn -0.902495 0.226381 -0.366407
vn -0.371722 0.148784 -0.916344
vn -0.395567 0.065025 -0.916132
vn 0.344151 -0.147963 -0.927182
vn 0.367799 -0.064258 -0.927682
vn 0.874000 -0.285739 -0.393035
vn 0.892303 -0.221395 -0.393420
s 1
g pasted__Cattail_Stalk_Tall Right_Cattail_Tall1
usemtl lambert4SG
f 915/1671/2171 916/1677/2172 953/1622/2173 954/1623/2174
s 2
f 916/1683/2175 917/1676/2176 952/1625/2177 953/1678/2178
s 3
f 917/1676/2179 918/1675/2180 951/1627/2181 952/1625/2182
s 4
f 918/1675/2183 919/1674/2184 950/1629/2185 951/1627/2186
s 5
f 919/1674/2187 920/1673/2188 949/1631/2189 950/1629/2190
s 6
f 920/1673/2191 921/1672/2192 956/1633/2193 949/1631/2194
s 7
f 921/1672/2195 922/1670/2196 955/1635/2197 956/1633/2198
s 8
f 922/1670/2199 915/1671/2200 954/1623/2201 955/1635/2202
s 9
f 916/1621/2203 915/1620/2204 931/1636/2205
f 917/1624/2206 916/1684/2203 931/1636/2205
f 918/1626/2207 917/1624/2206 931/1636/2205
f 919/1628/2208 918/1626/2207 931/1636/2205
f 920/1630/2209 919/1628/2208 931/1636/2205
f 921/1632/2210 920/1630/2209 931/1636/2205
f 922/1634/2211 921/1632/2210 931/1636/2205
f 915/1620/2204 922/1634/2211 931/1636/2205
s 10
f 923/1663/2212 924/1669/2213 932/1639/2214
f 924/1681/2213 925/1668/2215 932/1639/2214
f 925/1668/2215 926/1667/2216 932/1639/2214
f 926/1667/2216 927/1666/2217 932/1639/2214
f 927/1666/2217 928/1665/2218 932/1639/2214
f 928/1665/2218 929/1664/2219 932/1639/2214
f 929/1664/2219 930/1662/2220 932/1639/2214
f 930/1662/2220 923/1663/2212 932/1639/2214
s 5
f 934/1646/2221 933/1647/2222 928/1643/2223 927/1642/2224
s 4
f 935/1648/2225 934/1646/2226 927/1642/2227 926/1641/2228
s 3
f 936/1649/2229 935/1648/2230 926/1641/2231 925/1640/2232
s 2
f 937/1680/2233 936/1649/2234 925/1640/2235 924/1682/2236
s 1
f 938/1651/2237 937/1650/2238 924/1638/2239 923/1637/2240
s 8
f 939/1652/2241 938/1651/2242 923/1637/2243 930/1645/2244
s 7
f 940/1653/2245 939/1652/2246 930/1645/2247 929/1644/2248
s 6
f 933/1647/2249 940/1653/2250 929/1644/2251 928/1643/2252
s 5
f 942/1654/2253 941/1655/2254 933/1647/2222 934/1646/2221
s 4
f 943/1656/2255 942/1654/2256 934/1646/2226 935/1648/2225
s 3
f 944/1657/2257 943/1656/2258 935/1648/2230 936/1649/2229
s 2
f 945/1679/2259 944/1657/2260 936/1649/2234 937/1680/2233
s 1
f 946/1659/2261 945/1658/2262 937/1650/2238 938/1651/2237
s 8
f 947/1660/2263 946/1659/2264 938/1651/2242 939/1652/2241
s 7
f 948/1661/2265 947/1660/2266 939/1652/2246 940/1653/2245
s 6
f 941/1655/2267 948/1661/2268 940/1653/2250 933/1647/2249
s 5
f 950/1629/2190 949/1631/2189 941/1655/2254 942/1654/2253
s 4
f 951/1627/2186 950/1629/2185 942/1654/2256 943/1656/2255
s 3
f 952/1625/2182 951/1627/2181 943/1656/2258 944/1657/2257
s 2
f 953/1678/2178 952/1625/2177 944/1657/2260 945/1679/2259
s 1
f 954/1623/2174 953/1622/2173 945/1658/2262 946/1659/2261
s 8
f 955/1635/2202 954/1623/2201 946/1659/2264 947/1660/2263
s 7
f 956/1633/2198 955/1635/2197 947/1660/2266 948/1661/2265
s 6
f 949/1631/2194 956/1633/2193 948/1661/2268 941/1655/2267
g default
v 26.760606 5.538511 -3.232712
v 26.683152 5.612796 -3.081520
v 26.685967 5.612796 -2.896131
v 26.767977 5.538511 -2.747360
v 26.897856 5.418315 -2.692032
v 27.025995 5.298120 -2.751278
v 27.103450 5.223834 -2.902472
v 27.100634 5.223834 -3.087860
v 27.018624 5.298120 -3.236630
v 26.888745 5.418315 -3.291960
v 27.851091 6.709225 -3.249273
v 27.773636 6.783509 -3.098081
v 27.776451 6.783509 -2.912692
v 27.858462 6.709225 -2.763920
v 27.988341 6.589029 -2.708593
v 28.116480 6.468833 -2.767839
v 28.193934 6.394547 -2.919033
v 28.191119 6.394548 -3.104421
v 28.109109 6.468833 -3.253191
v 27.979230 6.589029 -3.308521
v 26.893300 5.418315 -2.991995
v 27.983786 6.589029 -3.008556
vt 0.488668 0.441592
vt 0.491566 0.441592
vt 0.480111 0.437109
vt 0.479272 0.434331
vt 0.493910 0.439889
vt 0.479155 0.439850
vt 0.494805 0.437134
vt 0.476772 0.441506
vt 0.493910 0.434379
vt 0.473870 0.441445
vt 0.491566 0.432676
vt 0.471559 0.439690
vt 0.488668 0.432676
vt 0.470721 0.436911
vt 0.486325 0.434379
vt 0.471675 0.434170
vt 0.485430 0.437134
vt 0.474059 0.432514
vt 0.486325 0.439889
vt 0.476961 0.432576
vt 0.490117 0.437134
vt 0.475415 0.437010
vt 0.485365 0.499683
vt 0.491563 0.499683
vt 0.479165 0.499683
vt 0.472966 0.499683
vt 0.466767 0.499683
vt 0.460568 0.499683
vt 0.454369 0.499683
vt 0.448170 0.499683
vt 0.441971 0.499683
vt 0.435771 0.499683
vt 0.485364 0.446187
vt 0.491563 0.446187
vt 0.479165 0.446187
vt 0.472966 0.446187
vt 0.466767 0.446187
vt 0.460567 0.446187
vt 0.454369 0.446187
vt 0.448170 0.446187
vt 0.441971 0.446187
vt 0.497763 0.446187
vt 0.435771 0.446187
vt 0.497763 0.499683
vn -0.600809 0.551448 -0.578735
vn -0.600809 0.551448 -0.578735
vn -0.600809 0.551448 -0.578735
vn -0.600809 0.551448 -0.578735
vn -0.731611 0.681631 0.011111
vn -0.731611 0.681631 0.011111
vn -0.731611 0.681631 0.011111
vn -0.731611 0.681631 0.011111
vn -0.582961 0.551451 0.596706
vn -0.582961 0.551451 0.596706
vn -0.582961 0.551451 0.596706
vn -0.582961 0.551451 0.596706
vn -0.211634 0.210632 0.954382
vn -0.211634 0.210632 0.954382
vn -0.211634 0.210632 0.954382
vn -0.211634 0.210632 0.954382
vn 0.240518 -0.210632 0.947515
vn 0.240518 -0.210632 0.947515
vn 0.240518 -0.210632 0.947515
vn 0.240518 -0.210632 0.947515
vn 0.600811 -0.551451 0.578729
vn 0.600811 -0.551451 0.578729
vn 0.600811 -0.551451 0.578729
vn 0.600811 -0.551451 0.578729
vn 0.731612 -0.681631 -0.011112
vn 0.731612 -0.681631 -0.011112
vn 0.731611 -0.681631 -0.011112
vn 0.731611 -0.681631 -0.011112
vn 0.582957 -0.551448 -0.596712
vn 0.582957 -0.551448 -0.596712
vn 0.582957 -0.551448 -0.596712
vn 0.582957 -0.551448 -0.596712
vn 0.211643 -0.210640 -0.954379
vn 0.211643 -0.210640 -0.954379
vn 0.211643 -0.210640 -0.954379
vn 0.211643 -0.210640 -0.954379
vn -0.240526 0.210639 -0.947512
vn -0.240526 0.210639 -0.947512
vn -0.240526 0.210639 -0.947512
vn -0.240526 0.210639 -0.947512
vn -0.681553 -0.731696 0.010351
vn -0.681553 -0.731696 0.010351
vn -0.681552 -0.731696 0.010351
vn -0.681553 -0.731696 0.010351
vn -0.681553 -0.731696 0.010351
vn -0.681552 -0.731697 0.010351
vn -0.681552 -0.731697 0.010351
vn -0.681552 -0.731697 0.010351
vn -0.681552 -0.731697 0.010350
vn -0.681552 -0.731697 0.010350
vn -0.681552 -0.731697 0.010351
vn 0.681551 0.731697 -0.010349
vn 0.681550 0.731698 -0.010349
vn 0.681552 0.731696 -0.010350
vn 0.681550 0.731698 -0.010352
vn 0.681551 0.731697 -0.010352
vn 0.681553 0.731696 -0.010351
vn 0.681554 0.731694 -0.010352
vn 0.681555 0.731694 -0.010350
vn 0.681553 0.731695 -0.010349
vn 0.681553 0.731696 -0.010351
vn 0.681553 0.731696 -0.010351
s off
g Right_Cattail_Tall1 pasted__Cattail_Tall
usemtl lambert4SG
f 957/1718/2269 958/1726/2270 968/1728/2271 967/1708/2272
f 958/1727/2273 959/1725/2274 969/1715/2275 968/1716/2276
f 959/1725/2277 960/1724/2278 970/1714/2279 969/1715/2280
f 960/1724/2281 961/1723/2282 971/1713/2283 970/1714/2284
f 961/1723/2285 962/1722/2286 972/1712/2287 971/1713/2288
f 962/1722/2289 963/1721/2290 973/1711/2291 972/1712/2292
f 963/1721/2293 964/1720/2294 974/1710/2295 973/1711/2296
f 964/1720/2297 965/1719/2298 975/1709/2299 974/1710/2300
f 965/1719/2301 966/1717/2302 976/1707/2303 975/1709/2304
f 966/1717/2305 957/1718/2306 967/1708/2307 976/1707/2308
s 1
f 958/1686/2309 957/1685/2310 977/1705/2311
f 959/1689/2312 958/1686/2309 977/1705/2311
f 960/1691/2313 959/1689/2312 977/1705/2311
f 961/1693/2314 960/1691/2313 977/1705/2311
f 962/1695/2315 961/1693/2314 977/1705/2311
f 963/1697/2316 962/1695/2315 977/1705/2311
f 964/1699/2317 963/1697/2316 977/1705/2311
f 965/1701/2318 964/1699/2317 977/1705/2311
f 966/1703/2319 965/1701/2318 977/1705/2311
f 957/1685/2310 966/1703/2319 977/1705/2311
s 2
f 967/1688/2320 968/1687/2321 978/1706/2322
f 968/1687/2321 969/1690/2323 978/1706/2322
f 969/1690/2323 970/1692/2324 978/1706/2322
f 970/1692/2324 971/1694/2325 978/1706/2322
f 971/1694/2325 972/1696/2326 978/1706/2322
f 972/1696/2326 973/1698/2327 978/1706/2322
f 973/1698/2327 974/1700/2328 978/1706/2322
f 974/1700/2328 975/1702/2329 978/1706/2322
f 975/1702/2329 976/1704/2330 978/1706/2322
f 976/1704/2330 967/1688/2320 978/1706/2322
g default
v -20.700000 -0.400000 19.913397
v -20.800000 -0.400000 19.913397
v -20.850000 -0.400000 20.000000
v -20.800000 -0.400000 20.086603
v -20.700000 -0.400000 20.086603
v -20.650000 -0.400000 20.000000
v -20.700000 3.600000 19.913397
v -20.800000 3.600000 19.913397
v -20.850000 3.600000 20.000000
v -20.800000 3.600000 20.086603
v -20.700000 3.600000 20.086603
v -20.650000 3.600000 20.000000
v -20.750000 -0.400000 20.000000
v -20.750000 3.600000 20.000000
vt 0.303894 0.037414
vt 0.287456 0.037414
vt 0.288272 0.376073
vt 0.304608 0.376073
vt 0.279237 0.051650
vt 0.280104 0.361925
vt 0.287456 0.065886
vt 0.288272 0.347777
vt 0.303894 0.065886
vt 0.304608 0.347777
vt 0.312113 0.051650
vt 0.312776 0.361925
vt 0.295675 0.051650
vt 0.296440 0.361925
vt 0.301173 0.312916
vt 0.306550 0.312916
vt 0.295796 0.312916
vt 0.290419 0.312916
vt 0.285042 0.312916
vt 0.279665 0.312916
vt 0.301173 0.097837
vt 0.306550 0.097837
vt 0.295796 0.097837
vt 0.290419 0.097837
vt 0.285043 0.097837
vt 0.311927 0.097837
vt 0.311927 0.312916
vt 0.288272 0.376073
vt 0.279666 0.097837
vt 0.287456 0.037414
vn 0.000000 0.000000 -1.000000
vn 0.000000 0.000000 -1.000000
vn 0.000000 0.000000 -1.000000
vn 0.000000 0.000000 -1.000000
vn -0.866026 0.000000 -0.499999
vn -0.866026 0.000000 -0.499999
vn -0.866026 0.000000 -0.499999
vn -0.866026 0.000000 -0.499999
vn -0.866026 0.000000 0.499999
vn -0.866026 0.000000 0.499999
vn -0.866026 0.000000 0.499999
vn -0.866026 0.000000 0.499999
vn 0.000000 0.000000 1.000000
vn 0.000000 0.000000 1.000000
vn 0.000000 0.000000 1.000000
vn 0.000000 0.000000 1.000000
vn 0.866026 0.000000 0.499999
vn 0.866026 0.000000 0.499999
vn 0.866026 0.000000 0.499999
vn 0.866026 0.000000 0.499999
vn 0.866026 0.000000 -0.499999
vn 0.866026 0.000000 -0.499999
vn 0.866026 0.000000 -0.499999
vn 0.866026 0.000000 -0.499999
vn 0.000000 -1.000000 0.000000
vn 0.000000 -1.000000 0.000000
vn 0.000000 -1.000000 0.000000
vn 0.000000 -1.000000 0.000000
vn 0.000000 -1.000000 0.000000
vn 0.000000 -1.000000 0.000000
vn 0.000000 -1.000000 0.000000
vn 0.000000 1.000000 0.000000
vn 0.000000 1.000000 0.000000
vn 0.000000 1.000000 0.000000
vn 0.000000 1.000000 0.000000
vn 0.000000 1.000000 0.000000
vn 0.000000 1.000000 0.000000
vn 0.000000 1.000000 0.000000
s off
g Lotus_Flower_Stalk
usemtl lambert4SG
f 979/1750/2331 980/1754/2332 986/1755/2333 985/1744/2334
f 980/1757/2335 981/1753/2336 987/1747/2337 986/1748/2338
f 981/1753/2339 982/1752/2340 988/1746/2341 987/1747/2342
f 982/1752/2343 983/1751/2344 989/1745/2345 988/1746/2346
f 983/1751/2347 984/1749/2348 990/1743/2349 989/1745/2350
f 984/1749/2351 979/1750/2352 985/1744/2353 990/1743/2354
s 1
f 980/1730/2355 979/1729/2356 991/1741/2357
f 981/1733/2358 980/1758/2355 991/1741/2357
f 982/1735/2359 981/1733/2358 991/1741/2357
f 983/1737/2360 982/1735/2359 991/1741/2357
f 984/1739/2361 983/1737/2360 991/1741/2357
f 979/1729/2356 984/1739/2361 991/1741/2357
s 2
f 985/1732/2362 986/1756/2363 992/1742/2364
f 986/1731/2363 987/1734/2365 992/1742/2364
f 987/1734/2365 988/1736/2366 992/1742/2364
f 988/1736/2366 989/1738/2367 992/1742/2364
f 989/1738/2367 990/1740/2368 992/1742/2364
f 990/1740/2368 985/1732/2362 992/1742/2364
g default
v -22.274260 -1.408676 20.872637
v -22.316064 -1.408676 20.781795
v -22.415640 -1.408676 20.772577
v -22.473409 -1.408676 20.854203
v -22.431607 -1.408676 20.945046
v -22.332029 -1.408676 20.954263
v -23.230533 2.338266 21.312707
v -23.272338 2.338266 21.221866
v -23.345462 2.273492 21.200476
v -23.376776 2.208717 21.269927
v -23.334971 2.208717 21.360769
v -23.261852 2.273492 21.382161
v -22.373834 -1.408676 20.863420
v -23.303658 2.273492 21.291317
v -22.690436 1.715286 21.119199
v -22.763558 1.650511 21.097808
v -22.805363 1.650511 21.006965
v -22.774046 1.715286 20.937515
v -22.700928 1.780060 20.958905
v -22.659120 1.780060 21.049747
v -22.413593 1.016732 20.991796
v -22.511659 0.999860 20.981885
v -22.553467 0.999860 20.891045
v -22.497203 1.016732 20.810112
v -22.399137 1.033604 20.820022
v -22.357331 1.033604 20.910866
v -22.332029 0.206134 20.954263
v -22.431607 0.206134 20.945046
v -22.473409 0.206134 20.854203
v -22.415640 0.206134 20.772577
v -22.316064 0.206134 20.781795
v -22.274260 0.206134 20.872637
vt 0.118342 0.058720
vt 0.126575 0.044719
vt 0.130375 0.183167
vt 0.123359 0.183167
vt 0.118565 0.030588
vt 0.095328 0.183419
vt 0.102323 0.030459
vt 0.102329 0.183741
vt 0.094089 0.044460
vt 0.109333 0.183757
vt 0.102099 0.058591
vt 0.116343 0.183461
vt 0.110332 0.044590
vt 0.122771 0.351918
vt 0.129771 0.352069
vt 0.109930 0.383360
vt 0.095498 0.351705
vt 0.102296 0.351622
vt 0.109084 0.351662
vt 0.115875 0.351761
vt 0.109286 0.291454
vt 0.116122 0.292911
vt 0.102126 0.291487
vt 0.095293 0.292958
vt 0.129906 0.294423
vt 0.122888 0.294315
vt 0.109203 0.240824
vt 0.116172 0.240446
vt 0.102166 0.240831
vt 0.095201 0.240458
vt 0.130146 0.240096
vt 0.123127 0.240066
vt 0.126192 0.383360
vt 0.118061 0.397443
vt 0.118061 0.369277
vt 0.101800 0.369277
vt 0.093669 0.383360
vt 0.101800 0.397443
vt 0.116630 0.070198
vt 0.123634 0.070207
vt 0.109639 0.070185
vt 0.102647 0.070164
vt 0.095644 0.070138
vt 0.130648 0.070217
vt 0.088321 0.183096
vt 0.088253 0.240079
vt 0.088532 0.294385
vt 0.088586 0.351846
vt 0.088629 0.070110
vn 0.908424 0.000000 -0.418051
vn 0.908424 0.000000 -0.418051
vn 0.907788 0.037417 -0.417758
vn 0.907788 0.037417 -0.417758
vn 0.092181 0.000000 -0.995742
vn 0.092181 0.000000 -0.995742
vn 0.091921 0.024584 -0.995463
vn 0.092085 0.009735 -0.995704
vn -0.816258 0.000000 -0.577688
vn -0.816258 0.000000 -0.577688
vn -0.815879 -0.024361 -0.577709
vn -0.816167 -0.009586 -0.577737
vn -0.908436 0.000000 0.418023
vn -0.908436 0.000000 0.418023
vn -0.907825 -0.036565 0.417753
vn -0.907825 -0.036564 0.417753
vn -0.092166 0.000000 0.995744
vn -0.092166 0.000000 0.995744
vn -0.092071 -0.009585 0.995706
vn -0.091909 -0.024359 0.995469
vn 0.816258 0.000000 0.577688
vn 0.816258 0.000000 0.577688
vn 0.816166 0.009735 0.577736
vn 0.815877 0.024585 0.577703
vn 0.000000 -1.000000 0.000000
vn 0.000000 -1.000000 0.000000
vn 0.000000 -1.000000 0.000000
vn 0.000000 -1.000000 0.000000
vn 0.000000 -1.000000 0.000000
vn 0.000000 -1.000000 0.000000
vn 0.000000 -1.000000 0.000000
vn -0.679439 0.663776 0.312674
vn -0.679439 0.663775 0.312673
vn -0.679456 0.663754 0.312682
vn -0.679456 0.663754 0.312681
vn -0.679473 0.663733 0.312689
vn -0.679473 0.663733 0.312690
vn -0.679455 0.663755 0.312682
vn 0.032416 -0.341671 0.939260
vn -0.042830 -0.252262 0.966711
vn 0.060556 -0.373979 0.925458
vn 0.060556 -0.373979 0.925458
vn -0.726833 -0.599858 0.334491
vn -0.726833 -0.599858 0.334491
vn -0.602969 -0.747952 0.277482
vn -0.602969 -0.747952 0.277482
vn -0.762107 -0.252256 -0.596289
vn -0.692313 -0.341668 -0.635583
vn -0.663527 -0.373976 -0.647977
vn -0.663527 -0.373976 -0.647977
vn 0.043366 0.252600 -0.966599
vn -0.031155 0.340473 -0.939738
vn -0.060561 0.373974 -0.925460
vn -0.060561 0.373974 -0.925460
vn 0.731357 0.593153 -0.336579
vn 0.731353 0.593160 -0.336577
vn 0.602965 0.747951 -0.277492
vn 0.602965 0.747951 -0.277492
vn 0.693497 0.340473 0.634933
vn 0.762374 0.252596 0.595802
vn 0.663525 0.373973 0.647981
vn 0.663525 0.373973 0.647981
vn -0.082456 -0.172702 0.981517
vn -0.089713 -0.079976 0.992751
vn -0.880673 -0.245268 0.405288
vn -0.880675 -0.245263 0.405288
vn -0.812383 -0.079977 -0.577614
vn -0.799126 -0.172699 -0.575823
vn 0.089340 0.081574 -0.992655
vn 0.080901 0.176896 -0.980899
vn 0.877198 0.259922 -0.403688
vn 0.877198 0.259923 -0.403688
vn 0.797650 0.176895 0.576596
vn 0.812066 0.081576 0.577835
s 1
g Lotus_Stalk_Short
usemtl lambert4SG
f 993/1798/2369 994/1802/2370 1023/1761/2371 1024/1762/2372
s 2
f 994/1807/2373 995/1801/2374 1022/1764/2375 1023/1803/2376
s 3
f 995/1801/2377 996/1800/2378 1021/1766/2379 1022/1764/2380
s 4
f 996/1800/2381 997/1799/2382 1020/1768/2383 1021/1766/2384
s 5
f 997/1799/2385 998/1797/2386 1019/1770/2387 1020/1768/2388
s 6
f 998/1797/2389 993/1798/2390 1024/1762/2391 1019/1770/2392
s 7
f 994/1760/2393 993/1759/2394 1005/1771/2395
f 995/1763/2396 994/1760/2393 1005/1771/2395
f 996/1765/2397 995/1763/2396 1005/1771/2395
f 997/1767/2398 996/1765/2397 1005/1771/2395
f 998/1769/2399 997/1767/2398 1005/1771/2395
f 993/1759/2394 998/1769/2399 1005/1771/2395
s 8
f 999/1792/2400 1000/1796/2401 1006/1774/2402
f 1000/1796/2401 1001/1795/2403 1006/1774/2402
f 1001/1795/2403 1002/1794/2404 1006/1774/2402
f 1002/1794/2404 1003/1793/2405 1006/1774/2402
f 1003/1793/2405 1004/1791/2406 1006/1774/2402
f 1004/1791/2406 999/1792/2400 1006/1774/2402
s 5
f 1008/1779/2407 1007/1780/2408 1004/1778/2409 1003/1777/2410
s 4
f 1009/1781/2411 1008/1779/2412 1003/1777/2413 1002/1776/2414
s 3
f 1010/1782/2415 1009/1781/2416 1002/1776/2417 1001/1775/2418
s 2
f 1011/1805/2419 1010/1782/2420 1001/1775/2421 1000/1806/2422
s 1
f 1012/1784/2423 1011/1783/2424 1000/1773/2425 999/1772/2426
s 6
f 1007/1780/2427 1012/1784/2428 999/1772/2429 1004/1778/2430
s 5
f 1014/1785/2431 1013/1786/2432 1007/1780/2408 1008/1779/2407
s 4
f 1015/1787/2433 1014/1785/2434 1008/1779/2412 1009/1781/2411
s 3
f 1016/1788/2435 1015/1787/2436 1009/1781/2416 1010/1782/2415
s 2
f 1017/1804/2437 1016/1788/2438 1010/1782/2420 1011/1805/2419
s 1
f 1018/1790/2439 1017/1789/2440 1011/1783/2424 1012/1784/2423
s 6
f 1013/1786/2441 1018/1790/2442 1012/1784/2428 1007/1780/2427
s 5
f 1020/1768/2388 1019/1770/2387 1013/1786/2432 1014/1785/2431
s 4
f 1021/1766/2384 1020/1768/2383 1014/1785/2434 1015/1787/2433
s 3
f 1022/1764/2380 1021/1766/2379 1015/1787/2436 1016/1788/2435
s 2
f 1023/1803/2376 1022/1764/2375 1016/1788/2438 1017/1804/2437
s 1
f 1024/1762/2372 1023/1761/2371 1017/1789/2440 1018/1790/2439
s 6
f 1019/1770/2392 1024/1762/2391 1018/1790/2442 1013/1786/2441
g default
v -19.727351 -2.072213 19.470750
v -19.757727 -2.072213 19.566027
v -19.690401 -2.072213 19.639969
v -19.592704 -2.072213 19.618636
v -19.562330 -2.072213 19.523360
v -19.629654 -2.072213 19.449415
v -18.724411 1.674730 19.790488
v -18.754785 1.674730 19.885761
v -18.715205 1.609955 19.950859
v -18.645250 1.545181 19.920681
v -18.614877 1.545181 19.825405
v -18.654457 1.609955 19.760309
v -19.660028 -2.072213 19.544690
v -18.684831 1.609955 19.855583
v -19.253757 1.051749 19.569252
v -19.214173 0.986974 19.634350
v -19.244550 0.986974 19.729625
v -19.314502 1.051749 19.759802
v -19.354084 1.116524 19.694706
v -19.323711 1.116524 19.599430
v -19.544108 0.353195 19.476687
v -19.478369 0.336323 19.550125
v -19.508744 0.336323 19.645400
v -19.604858 0.353195 19.667237
v -19.670602 0.370067 19.593802
v -19.640225 0.370067 19.498522
v -19.629654 -0.457403 19.449415
v -19.562330 -0.457403 19.523360
v -19.592704 -0.457403 19.618636
v -19.690401 -0.457403 19.639969
v -19.757727 -0.457403 19.566027
v -19.727351 -0.457403 19.470750
vt 0.181910 0.030295
vt 0.165565 0.030295
vt 0.158708 0.183119
vt 0.193849 0.183119
vt 0.157394 0.044450
vt 0.165736 0.183429
vt 0.165566 0.058604
vt 0.172759 0.183739
vt 0.181910 0.058604
vt 0.179783 0.183742
vt 0.190082 0.044449
vt 0.186813 0.183430
vt 0.173738 0.044449
vt 0.193132 0.352433
vt 0.158838 0.352331
vt 0.173369 0.383227
vt 0.165756 0.352196
vt 0.172570 0.352118
vt 0.179381 0.352164
vt 0.186200 0.352269
vt 0.179758 0.291783
vt 0.186608 0.293279
vt 0.172578 0.291779
vt 0.165718 0.293220
vt 0.158928 0.294606
vt 0.193386 0.294726
vt 0.179825 0.240994
vt 0.186812 0.240632
vt 0.172766 0.240983
vt 0.165779 0.240589
vt 0.158805 0.240190
vt 0.193782 0.240264
vt 0.189536 0.383227
vt 0.181452 0.397228
vt 0.181453 0.369226
vt 0.165285 0.369225
vt 0.157202 0.383227
vt 0.165285 0.397228
vt 0.186749 0.069822
vt 0.193773 0.069809
vt 0.179736 0.069829
vt 0.172724 0.069829
vt 0.165701 0.069823
vt 0.158666 0.069816
vt 0.151673 0.183101
vt 0.151765 0.240200
vt 0.151889 0.294678
vt 0.181452 0.397228
vt 0.151812 0.352443
vt 0.151630 0.069812
vt 0.181910 0.030295
vn -0.952751 0.000000 -0.303752
vn -0.952751 0.000000 -0.303752
vn -0.952084 0.037416 -0.303540
vn -0.952084 0.037417 -0.303540
vn -0.739416 0.000000 0.673249
vn -0.739416 0.000000 0.673249
vn -0.739035 0.024584 0.673219
vn -0.739319 0.009735 0.673286
vn 0.213340 0.000000 0.976978
vn 0.213340 0.000000 0.976978
vn 0.213048 -0.024359 0.976738
vn 0.213240 -0.009585 0.976953
vn 0.952756 0.000000 0.303737
vn 0.952756 0.000000 0.303737
vn 0.952118 -0.036564 0.303535
vn 0.952118 -0.036563 0.303535
vn 0.739439 0.000000 -0.673223
vn 0.739439 0.000000 -0.673223
vn 0.739344 -0.009586 -0.673260
vn 0.739064 -0.024362 -0.673195
vn -0.213353 0.000000 -0.976975
vn -0.213353 0.000000 -0.976975
vn -0.213251 0.009735 -0.976949
vn -0.213056 0.024584 -0.976731
vn 0.000000 -1.000000 0.000000
vn 0.000000 -1.000000 0.000000
vn 0.000000 -1.000000 0.000000
vn 0.000000 -1.000000 0.000000
vn 0.000000 -1.000000 0.000000
vn 0.000000 -1.000000 0.000000
vn 0.000000 -1.000000 0.000000
vn 0.712614 0.663750 0.227192
vn 0.712614 0.663754 0.227185
vn 0.712613 0.663755 0.227183
vn 0.712610 0.663759 0.227179
vn 0.712609 0.663762 0.227175
vn 0.712615 0.663753 0.227183
vn 0.712615 0.663750 0.227191
vn 0.609325 -0.341664 -0.715534
vn 0.683412 -0.252258 -0.685065
vn 0.579238 -0.373968 -0.724315
vn 0.579238 -0.373968 -0.724315
vn 0.762304 -0.599856 0.243033
vn 0.762299 -0.599863 0.243032
vn 0.632394 -0.747951 0.201611
vn 0.632394 -0.747951 0.201612
vn 0.160806 -0.252260 0.954205
vn 0.082764 -0.341666 0.936170
vn 0.053147 -0.373972 0.925916
vn 0.053147 -0.373972 0.925916
vn -0.683721 0.252589 0.684635
vn -0.610578 0.340469 0.715035
vn -0.579238 0.373969 0.724314
vn -0.579238 0.373969 0.724314
vn -0.767050 0.593155 -0.244543
vn -0.767050 0.593155 -0.244543
vn -0.632392 0.747952 -0.201611
vn -0.632392 0.747952 -0.201611
vn -0.084083 0.340476 -0.936486
vn -0.161329 0.252599 -0.954027
vn -0.053152 0.373978 -0.925913
vn -0.053152 0.373978 -0.925913
vn 0.722663 -0.172703 -0.669277
vn 0.735607 -0.079982 -0.672670
vn 0.923652 -0.245265 0.294470
vn 0.923651 -0.245268 0.294470
vn 0.210531 -0.079974 0.974311
vn 0.201948 -0.172701 0.964049
vn -0.735235 0.081572 0.672886
vn -0.721077 0.176890 0.669893
vn -0.920004 0.259923 -0.293312
vn -0.920006 0.259917 -0.293312
vn -0.200331 0.176896 -0.963626
vn -0.210146 0.081574 -0.974261
s 1
g Lotus_Stalk_Short1
usemtl lambert4SG
f 1025/1857/2443 1026/1851/2444 1055/1810/2445 1056/1852/2446
s 2
f 1026/1851/2447 1027/1850/2448 1054/1813/2449 1055/1810/2450
s 3
f 1027/1850/2451 1028/1849/2452 1053/1815/2453 1054/1813/2454
s 4
f 1028/1849/2455 1029/1848/2456 1052/1817/2457 1053/1815/2458
s 5
f 1029/1848/2459 1030/1846/2460 1051/1819/2461 1052/1817/2462
s 6
f 1030/1846/2463 1025/1847/2464 1056/1811/2465 1051/1819/2466
s 7
f 1026/1809/2467 1025/1858/2468 1037/1820/2469
f 1027/1812/2470 1026/1809/2467 1037/1820/2469
f 1028/1814/2471 1027/1812/2470 1037/1820/2469
f 1029/1816/2472 1028/1814/2471 1037/1820/2469
f 1030/1818/2473 1029/1816/2472 1037/1820/2469
f 1025/1808/2468 1030/1818/2473 1037/1820/2469
s 8
f 1031/1855/2474 1032/1845/2475 1038/1823/2476
f 1032/1845/2475 1033/1844/2477 1038/1823/2476
f 1033/1844/2477 1034/1843/2478 1038/1823/2476
f 1034/1843/2478 1035/1842/2479 1038/1823/2476
f 1035/1842/2479 1036/1840/2480 1038/1823/2476
f 1036/1840/2480 1031/1841/2474 1038/1823/2476
s 5
f 1040/1828/2481 1039/1829/2482 1036/1827/2483 1035/1826/2484
s 4
f 1041/1830/2485 1040/1828/2486 1035/1826/2487 1034/1825/2488
s 3
f 1042/1831/2489 1041/1830/2490 1034/1825/2491 1033/1824/2492
s 2
f 1043/1832/2493 1042/1831/2494 1033/1824/2495 1032/1822/2496
s 1
f 1044/1854/2497 1043/1832/2498 1032/1822/2499 1031/1856/2500
s 6
f 1039/1829/2501 1044/1833/2502 1031/1821/2503 1036/1827/2504
s 5
f 1046/1834/2505 1045/1835/2506 1039/1829/2482 1040/1828/2481
s 4
f 1047/1836/2507 1046/1834/2508 1040/1828/2486 1041/1830/2485
s 3
f 1048/1837/2509 1047/1836/2510 1041/1830/2490 1042/1831/2489
s 2
f 1049/1838/2511 1048/1837/2512 1042/1831/2494 1043/1832/2493
s 1
f 1050/1853/2513 1049/1838/2514 1043/1832/2498 1044/1854/2497
s 6
f 1045/1835/2515 1050/1839/2516 1044/1833/2502 1039/1829/2501
s 5
f 1052/1817/2462 1051/1819/2461 1045/1835/2506 1046/1834/2505
s 4
f 1053/1815/2458 1052/1817/2457 1046/1834/2508 1047/1836/2507
s 3
f 1054/1813/2454 1053/1815/2453 1047/1836/2510 1048/1837/2509
s 2
f 1055/1810/2450 1054/1813/2449 1048/1837/2512 1049/1838/2511
s 1
f 1056/1852/2446 1055/1810/2445 1049/1838/2514 1050/1853/2513
s 6
f 1051/1819/2466 1056/1811/2465 1050/1839/2516 1045/1835/2515
g default
v -19.263006 -0.312274 17.263110
v -19.220537 -0.312274 17.353644
v -19.120894 -0.312274 17.362131
v -19.063727 -0.312274 17.280086
v -19.106193 -0.312274 17.189551
v -19.205833 -0.312274 17.181063
v -18.309979 3.434669 16.816046
v -18.267510 3.434669 16.906580
v -18.194235 3.369894 16.927438
v -18.163429 3.305119 16.857758
v -18.205898 3.305119 16.767224
v -18.279171 3.369894 16.746369
v -19.163364 -0.312274 17.271596
v -18.236705 3.369894 16.836903
v -18.848646 2.811688 17.013507
v -18.775368 2.746913 17.034359
v -18.732899 2.746913 17.124893
v -18.763708 2.811688 17.194575
v -18.836984 2.876462 17.173720
v -18.879450 2.876462 17.083186
v -19.124549 2.113134 17.142934
v -19.026413 2.096262 17.152125
v -18.983944 2.096262 17.242659
v -19.039611 2.113134 17.324001
v -19.137749 2.130006 17.314808
v -19.180218 2.130006 17.224274
v -19.205833 1.302536 17.181063
v -19.106193 1.302536 17.189551
v -19.063727 1.302536 17.280086
v -19.120894 1.302536 17.362131
v -19.220537 1.302536 17.353644
v -19.263006 1.302536 17.263110
vt 0.232214 0.057775
vt 0.248144 0.057775
vt 0.224037 0.183719
vt 0.259145 0.183719
vt 0.256110 0.043978
vt 0.231059 0.184030
vt 0.248144 0.030183
vt 0.238075 0.184339
vt 0.232215 0.030183
vt 0.245092 0.184342
vt 0.224249 0.043978
vt 0.252115 0.184030
vt 0.240179 0.043978
vt 0.258428 0.352871
vt 0.224167 0.352769
vt 0.238905 0.383001
vt 0.231078 0.352633
vt 0.237885 0.352556
vt 0.244690 0.352602
vt 0.251502 0.352706
vt 0.245067 0.292279
vt 0.251910 0.293773
vt 0.237894 0.292275
vt 0.231041 0.293714
vt 0.224257 0.295099
vt 0.258682 0.295219
vt 0.245135 0.241539
vt 0.252115 0.241177
vt 0.238082 0.241528
vt 0.231101 0.241134
vt 0.224134 0.240736
vt 0.259078 0.240809
vt 0.255476 0.383001
vt 0.247191 0.397352
vt 0.247191 0.368649
vt 0.230619 0.368649
vt 0.222333 0.383000
vt 0.230619 0.397352
vt 0.252051 0.070531
vt 0.259069 0.070519
vt 0.245045 0.070538
vt 0.238040 0.070538
vt 0.231024 0.070532
vt 0.223995 0.070525
vt 0.217009 0.183702
vt 0.217102 0.240745
vt 0.217224 0.295171
vt 0.247191 0.397352
vt 0.217148 0.352881
vt 0.216966 0.070521
vt 0.232214 0.057775
vn -0.905338 0.000000 0.424691
vn -0.905338 0.000000 0.424691
vn -0.904704 0.037416 0.424394
vn -0.904704 0.037416 0.424394
vn -0.084872 0.000000 0.996392
vn -0.084872 0.000000 0.996392
vn -0.084618 0.024584 0.996110
vn -0.084778 0.009735 0.996352
vn 0.820474 0.000000 0.571683
vn 0.820474 0.000000 0.571683
vn 0.820097 -0.024361 0.571706
vn 0.820384 -0.009586 0.571733
vn 0.905351 0.000000 -0.424664
vn 0.905351 0.000000 -0.424664
vn 0.904744 -0.036565 -0.424384
vn 0.904744 -0.036563 -0.424384
vn 0.084881 0.000000 -0.996391
vn 0.084881 0.000000 -0.996391
vn 0.084785 -0.009585 -0.996353
vn 0.084621 -0.024360 -0.996115
vn -0.820449 0.000000 -0.571719
vn -0.820449 0.000000 -0.571719
vn -0.820359 0.009734 -0.571766
vn -0.820070 0.024584 -0.571734
vn 0.000000 -1.000000 0.000000
vn 0.000000 -1.000000 0.000000
vn 0.000000 -1.000000 0.000000
vn 0.000000 -1.000000 0.000000
vn 0.000000 -1.000000 0.000000
vn 0.000000 -1.000000 0.000000
vn 0.000000 -1.000000 0.000000
vn 0.677165 0.663741 -0.317641
vn 0.677163 0.663737 -0.317655
vn 0.677158 0.663745 -0.317646
vn 0.677156 0.663745 -0.317652
vn 0.677149 0.663754 -0.317649
vn 0.677159 0.663748 -0.317638
vn 0.677166 0.663744 -0.317632
vn -0.039306 -0.341663 -0.939000
vn 0.035735 -0.252253 -0.967001
vn -0.067340 -0.373968 -0.924993
vn -0.067340 -0.373968 -0.924994
vn 0.724367 -0.599858 -0.339798
vn 0.724366 -0.599859 -0.339798
vn 0.600923 -0.747950 -0.281891
vn 0.600923 -0.747950 -0.281891
vn 0.766457 -0.252261 0.590685
vn 0.696949 -0.341670 0.630495
vn 0.668254 -0.373976 0.643101
vn 0.668254 -0.373976 0.643101
vn -0.036297 0.252603 0.966889
vn 0.038021 0.340485 0.939481
vn 0.067321 0.373989 0.924987
vn 0.067321 0.373989 0.924987
vn -0.728877 0.593163 0.341900
vn -0.728882 0.593156 0.341903
vn -0.600924 0.747953 0.281881
vn -0.600924 0.747953 0.281881
vn -0.698131 0.340473 -0.629835
vn -0.766717 0.252600 -0.590202
vn -0.668253 0.373974 -0.643102
vn -0.668253 0.373974 -0.643102
vn 0.075250 -0.172698 -0.982096
vn 0.082436 -0.079975 -0.993382
vn 0.877689 -0.245267 -0.411712
vn 0.877688 -0.245268 -0.411712
vn 0.816599 -0.079979 0.571637
vn 0.803328 -0.172704 0.569945
vn -0.082066 0.081575 0.993283
vn -0.073720 0.176896 0.981465
vn -0.874224 0.259921 0.410088
vn -0.874224 0.259921 0.410088
vn -0.801849 0.176896 -0.570741
vn -0.816266 0.081572 -0.571888
s 1
g Lotus_Stalk_Short2
usemtl lambert4SG
f 1057/1908/2517 1058/1902/2518 1087/1861/2519 1088/1903/2520
s 2
f 1058/1902/2521 1059/1901/2522 1086/1864/2523 1087/1861/2524
s 3
f 1059/1901/2525 1060/1900/2526 1085/1866/2527 1086/1864/2528
s 4
f 1060/1900/2529 1061/1899/2530 1084/1868/2531 1085/1866/2532
s 5
f 1061/1899/2533 1062/1897/2534 1083/1870/2535 1084/1868/2536
s 6
f 1062/1897/2537 1057/1898/2538 1088/1862/2539 1083/1870/2540
s 7
f 1058/1860/2541 1057/1909/2542 1069/1871/2543
f 1059/1863/2544 1058/1860/2541 1069/1871/2543
f 1060/1865/2545 1059/1863/2544 1069/1871/2543
f 1061/1867/2546 1060/1865/2545 1069/1871/2543
f 1062/1869/2547 1061/1867/2546 1069/1871/2543
f 1057/1859/2542 1062/1869/2547 1069/1871/2543
s 8
f 1063/1906/2548 1064/1896/2549 1070/1874/2550
f 1064/1896/2549 1065/1895/2551 1070/1874/2550
f 1065/1895/2551 1066/1894/2552 1070/1874/2550
f 1066/1894/2552 1067/1893/2553 1070/1874/2550
f 1067/1893/2553 1068/1891/2554 1070/1874/2550
f 1068/1891/2554 1063/1892/2548 1070/1874/2550
s 5
f 1072/1879/2555 1071/1880/2556 1068/1878/2557 1067/1877/2558
s 4
f 1073/1881/2559 1072/1879/2560 1067/1877/2561 1066/1876/2562
s 3
f 1074/1882/2563 1073/1881/2564 1066/1876/2565 1065/1875/2566
s 2
f 1075/1883/2567 1074/1882/2568 1065/1875/2569 1064/1873/2570
s 1
f 1076/1905/2571 1075/1883/2572 1064/1873/2573 1063/1907/2574
s 6
f 1071/1880/2575 1076/1884/2576 1063/1872/2577 1068/1878/2578
s 5
f 1078/1885/2579 1077/1886/2580 1071/1880/2556 1072/1879/2555
s 4
f 1079/1887/2581 1078/1885/2582 1072/1879/2560 1073/1881/2559
s 3
f 1080/1888/2583 1079/1887/2584 1073/1881/2564 1074/1882/2563
s 2
f 1081/1889/2585 1080/1888/2586 1074/1882/2568 1075/1883/2567
s 1
f 1082/1904/2587 1081/1889/2588 1075/1883/2572 1076/1905/2571
s 6
f 1077/1886/2589 1082/1890/2590 1076/1884/2576 1071/1880/2575
s 5
f 1084/1868/2536 1083/1870/2535 1077/1886/2580 1078/1885/2579
s 4
f 1085/1866/2532 1084/1868/2531 1078/1885/2582 1079/1887/2581
s 3
f 1086/1864/2528 1085/1866/2527 1079/1887/2584 1080/1888/2583
s 2
f 1087/1861/2524 1086/1864/2523 1080/1888/2586 1081/1889/2585
s 1
f 1088/1903/2520 1087/1861/2519 1081/1889/2588 1082/1904/2587
s 6
f 1083/1870/2540 1088/1862/2539 1082/1890/2590 1077/1886/2589
g default
v -22.370670 -1.288921 18.136225
v -22.434945 -1.288921 18.059620
v -22.533429 -1.288921 18.076986
v -22.567632 -1.288921 18.170955
v -22.503352 -1.288921 18.247561
v -22.404871 -1.288921 18.230196
v -23.986579 4.331211 19.492136
v -24.050859 4.331211 19.415530
v -24.125320 4.264522 19.412742
v -24.135506 4.197834 19.486560
v -24.071231 4.197834 19.563165
v -23.996764 4.264522 19.565950
v -22.469150 -1.288921 18.153591
v -24.061045 4.264522 19.489348
v -22.901174 3.079624 18.646641
v -22.975638 3.012936 18.643855
v -23.039916 3.012936 18.567251
v -23.029733 3.079624 18.493435
v -22.955269 3.146313 18.496221
v -22.890989 3.146313 18.572827
v -22.510074 2.022441 18.318471
v -22.607944 2.010719 18.335324
v -22.672223 2.010719 18.258720
v -22.638631 2.022441 18.165262
v -22.540763 2.034163 18.148411
v -22.476485 2.034163 18.225014
v -22.404871 0.954103 18.230196
v -22.503352 0.954103 18.247561
v -22.567632 0.954103 18.170955
v -22.533429 0.954103 18.076986
v -22.434945 0.954103 18.059620
v -22.370670 0.954103 18.136225
vt 0.065457 0.063347
vt 0.065457 0.042605
vt 0.071763 0.294863
vt 0.063150 0.294863
vt 0.047492 0.032234
vt 0.028744 0.295230
vt 0.029529 0.042606
vt 0.037337 0.295659
vt 0.029530 0.063349
vt 0.045940 0.295672
vt 0.047494 0.073719
vt 0.054542 0.295265
vt 0.047493 0.052977
vt 0.062901 0.646419
vt 0.071513 0.646456
vt 0.047581 0.688624
vt 0.028820 0.646384
vt 0.037329 0.646355
vt 0.045835 0.646361
vt 0.054342 0.646381
vt 0.045826 0.485177
vt 0.054217 0.486715
vt 0.037131 0.485196
vt 0.028741 0.486748
vt 0.071180 0.488270
vt 0.062566 0.488225
vt 0.045800 0.388954
vt 0.054260 0.387791
vt 0.037163 0.388955
vt 0.028707 0.387785
vt 0.071321 0.386667
vt 0.062704 0.386646
vt 0.068562 0.688624
vt 0.058072 0.706794
vt 0.058071 0.670453
vt 0.037090 0.670454
vt 0.026600 0.688625
vt 0.037090 0.706795
vt 0.054841 0.102082
vt 0.063444 0.102089
vt 0.046250 0.102072
vt 0.037659 0.102057
vt 0.029057 0.102038
vt 0.072057 0.102096
vt 0.020144 0.294805
vt 0.020270 0.386632
vt 0.020393 0.488276
vt 0.020258 0.646432
vt 0.020443 0.102018
vn 0.766064 0.000000 -0.642764
vn 0.766064 0.000000 -0.642764
vn 0.765400 0.041531 -0.642213
vn 0.765400 0.041532 -0.642213
vn -0.173651 0.000000 -0.984807
vn -0.173651 0.000000 -0.984807
vn -0.174341 0.028085 -0.984285
vn -0.173902 0.009588 -0.984716
vn -0.939692 0.000000 -0.342021
vn -0.939692 0.000000 -0.342021
vn -0.939056 -0.028059 -0.342617
vn -0.939559 -0.009540 -0.342254
vn -0.766044 0.000000 0.642788
vn -0.766044 0.000000 0.642788
vn -0.765390 -0.041343 0.642238
vn -0.765390 -0.041343 0.642238
vn 0.173649 0.000000 0.984808
vn 0.173649 0.000000 0.984808
vn 0.173902 -0.009541 0.984717
vn 0.174347 -0.028059 0.984284
vn 0.939697 0.000000 0.342009
vn 0.939697 0.000000 0.342009
vn 0.939564 0.009588 0.342240
vn 0.939062 0.028085 0.342598
vn 0.000000 -1.000000 0.000000
vn 0.000000 -1.000000 0.000000
vn 0.000000 -1.000000 0.000000
vn 0.000000 -1.000000 0.000000
vn 0.000000 -1.000000 0.000000
vn 0.000000 -1.000000 0.000000
vn 0.000000 -1.000000 0.000000
vn -0.589886 0.637980 0.494992
vn -0.589905 0.637979 0.494970
vn -0.589896 0.637984 0.494974
vn -0.589910 0.637979 0.494964
vn -0.589908 0.637983 0.494961
vn -0.589880 0.637996 0.494977
vn -0.589873 0.637990 0.494993
vn 0.293388 -0.362310 0.884677
vn 0.228293 -0.284156 0.931202
vn 0.312321 -0.385016 0.868457
vn 0.312321 -0.385016 0.868457
vn -0.576975 -0.657813 0.484131
vn -0.576975 -0.657813 0.484131
vn -0.488727 -0.770053 0.410078
vn -0.488727 -0.770053 0.410078
vn -0.877414 -0.284166 -0.386515
vn -0.820294 -0.362319 -0.442540
vn -0.801031 -0.385027 -0.458370
vn -0.801031 -0.385027 -0.458370
vn -0.227085 0.283179 -0.931795
vn -0.292585 0.361462 -0.885291
vn -0.312320 0.385017 -0.868457
vn -0.312319 0.385017 -0.868457
vn 0.581324 0.651248 -0.487789
vn 0.581324 0.651248 -0.487789
vn 0.488721 0.770053 -0.410086
vn 0.488721 0.770053 -0.410086
vn 0.821036 0.361464 0.441863
vn 0.878208 0.283185 0.385431
vn 0.801030 0.385021 0.458377
vn 0.801030 0.385021 0.458377
vn 0.181176 -0.199370 0.963030
vn 0.176619 -0.092944 0.979881
vn -0.733848 -0.286867 0.615772
vn -0.733848 -0.286867 0.615771
vn -0.934326 -0.092944 -0.344088
vn -0.916941 -0.199375 -0.345642
vn -0.176773 0.093975 -0.979755
vn -0.181715 0.201503 -0.962484
vn 0.731731 0.295960 -0.613986
vn 0.731731 0.295960 -0.613986
vn 0.916311 0.201508 0.346075
vn 0.934179 0.093977 0.344207
s 1
g Lotus_Stalk_Tall
usemtl lambert4SG
f 1089/1949/2591 1090/1953/2592 1119/1912/2593 1120/1913/2594
s 2
f 1090/1958/2595 1091/1952/2596 1118/1915/2597 1119/1954/2598
s 3
f 1091/1952/2599 1092/1951/2600 1117/1917/2601 1118/1915/2602
s 4
f 1092/1951/2603 1093/1950/2604 1116/1919/2605 1117/1917/2606
s 5
f 1093/1950/2607 1094/1948/2608 1115/1921/2609 1116/1919/2610
s 6
f 1094/1948/2611 1089/1949/2612 1120/1913/2613 1115/1921/2614
s 7
f 1090/1911/2615 1089/1910/2616 1101/1922/2617
f 1091/1914/2618 1090/1911/2615 1101/1922/2617
f 1092/1916/2619 1091/1914/2618 1101/1922/2617
f 1093/1918/2620 1092/1916/2619 1101/1922/2617
f 1094/1920/2621 1093/1918/2620 1101/1922/2617
f 1089/1910/2616 1094/1920/2621 1101/1922/2617
s 8
f 1095/1943/2622 1096/1947/2623 1102/1925/2624
f 1096/1947/2623 1097/1946/2625 1102/1925/2624
f 1097/1946/2625 1098/1945/2626 1102/1925/2624
f 1098/1945/2626 1099/1944/2627 1102/1925/2624
f 1099/1944/2627 1100/1942/2628 1102/1925/2624
f 1100/1942/2628 1095/1943/2622 1102/1925/2624
s 5
f 1104/1930/2629 1103/1931/2630 1100/1929/2631 1099/1928/2632
s 4
f 1105/1932/2633 1104/1930/2634 1099/1928/2635 1098/1927/2636
s 3
f 1106/1933/2637 1105/1932/2638 1098/1927/2639 1097/1926/2640
s 2
f 1107/1956/2641 1106/1933/2642 1097/1926/2643 1096/1957/2644
s 1
f 1108/1935/2645 1107/1934/2646 1096/1924/2647 1095/1923/2648
s 6
f 1103/1931/2649 1108/1935/2650 1095/1923/2651 1100/1929/2652
s 5
f 1110/1936/2653 1109/1937/2654 1103/1931/2630 1104/1930/2629
s 4
f 1111/1938/2655 1110/1936/2656 1104/1930/2634 1105/1932/2633
s 3
f 1112/1939/2657 1111/1938/2658 1105/1932/2638 1106/1933/2637
s 2
f 1113/1955/2659 1112/1939/2660 1106/1933/2642 1107/1956/2641
s 1
f 1114/1941/2661 1113/1940/2662 1107/1934/2646 1108/1935/2645
s 6
f 1109/1937/2663 1114/1941/2664 1108/1935/2650 1103/1931/2649
s 5
f 1116/1919/2610 1115/1921/2609 1109/1937/2654 1110/1936/2653
s 4
f 1117/1917/2606 1116/1919/2605 1110/1936/2656 1111/1938/2655
s 3
f 1118/1915/2602 1117/1917/2601 1111/1938/2658 1112/1939/2657
s 2
f 1119/1954/2598 1118/1915/2597 1112/1939/2660 1113/1955/2659
s 1
f 1120/1913/2594 1119/1912/2593 1113/1940/2662 1114/1941/2661
s 6
f 1115/1921/2614 1120/1913/2613 1114/1941/2664 1109/1937/2663
