# This file uses centimeters as units for non-parametric coordinates.

mtllib objects.mtl
g default
v 4.676972 8.662125 19.944710
v 4.723844 8.906947 19.585213
v 5.010086 8.441465 20.398504
v 4.925236 8.695638 19.970909
v 4.624942 8.291619 20.708412
v 4.959161 8.211848 20.716406
v 4.053024 8.368656 20.811745
v 4.105253 8.469841 21.004597
v 3.788279 8.160740 20.899567
v 3.095312 8.519438 20.450912
v 3.499464 8.476248 20.593994
v 3.419073 8.282862 20.621986
v 3.476067 10.204875 19.026413
v 3.319925 10.269588 19.269295
v 2.889405 10.077387 18.981541
v 3.156091 10.246779 19.439650
v 2.975217 10.174442 19.554539
v 2.803401 10.046078 19.604307
v 2.679695 9.861894 19.591921
v 3.732829 10.246574 19.152599
v 3.551180 10.292221 19.451130
v 4.099197 9.947348 19.268003
v 3.856027 10.000372 19.644888
v 4.395902 9.702799 19.366293
v 4.119153 9.752460 19.760115
v 3.348462 10.222524 19.699196
v 3.593773 9.914007 19.945709
v 3.795829 9.671010 20.104977
v 4.354512 8.608693 20.290554
v 3.118178 10.095948 19.860935
v 3.324550 9.748672 20.147135
v 3.502099 9.498313 20.331923
v 4.003582 8.482506 20.474514
v 2.855993 9.918565 19.934275
v 3.014150 9.501925 20.263445
v 3.137127 9.267704 20.453363
v 2.650929 9.656174 19.917921
v 2.749693 9.202163 20.252352
v 2.810011 8.963500 20.425621
v 4.679024 8.836368 19.537348
v 4.938653 8.587663 19.914381
v 5.024676 8.324188 20.341795
v 4.667465 8.573709 19.883509
v 5.021305 8.070891 20.704988
v 4.674657 8.143564 20.671280
v 4.142451 8.338578 20.993135
v 4.088243 8.219318 20.776031
v 3.817664 8.030190 20.836597
v 3.513988 8.428728 20.501915
v 3.452052 8.224051 20.535561
v 3.126719 8.483735 20.352610
v 2.932172 9.936322 18.974945
v 3.350170 10.105284 19.277439
v 3.500695 10.050266 19.051649
v 3.195615 10.084530 19.434244
v 3.027361 10.011701 19.541059
v 2.871116 9.885588 19.588720
v 2.754228 9.703178 19.575994
v 3.734965 10.083474 19.142166
v 3.562372 10.128707 19.429276
v 4.073901 9.814361 19.236769
v 3.839682 9.867765 19.598078
v 4.084158 9.652061 19.699156
v 4.351314 9.621053 19.326984
v 3.368420 10.061620 19.658033
v 3.594924 9.787486 19.875105
v 4.346842 8.535721 20.210922
v 3.780313 9.580717 20.018501
v 3.149552 9.941818 19.810282
v 3.338440 9.624447 20.063396
v 4.009128 8.404919 20.389273
v 3.501454 9.414537 20.231407
v 2.914361 9.767460 19.883804
v 3.043490 9.393336 20.173187
v 3.143077 9.203903 20.338978
v 2.724365 9.507912 19.867785
v 2.790806 9.102891 20.161070
v 2.839033 8.899259 20.313953
v 4.715680 9.186990 18.077564
v 4.394380 9.306563 17.935062
v 5.225763 9.012140 18.086632
v 4.864957 9.120613 17.995274
v 5.399252 8.933580 18.379416
v 5.522973 9.116824 18.282444
v 5.423284 8.875284 18.915867
v 5.585365 8.978044 18.864819
v 5.286702 8.993752 19.283115
v 4.520633 9.373838 19.649183
v 4.830546 9.297231 19.359806
v 4.904353 9.113070 19.529774
v 3.229052 10.197767 18.492706
v 3.282339 10.359623 18.637987
v 2.883169 10.061364 19.074411
v 3.319401 10.428478 18.795071
v 3.337473 10.438123 18.967758
v 3.333436 10.390196 19.145296
v 3.312138 10.217253 19.352053
v 3.394003 10.283869 18.290865
v 3.462293 10.469604 18.475079
v 3.666037 10.066992 18.109568
v 3.747027 10.298790 18.353888
v 3.892775 9.903532 17.975826
v 3.967995 10.140966 18.248104
v 3.520640 10.559835 18.704245
v 3.810467 10.404829 18.653503
v 4.025183 10.269758 18.595903
v 4.772486 9.357855 18.485277
v 3.545456 10.571157 18.946281
v 3.838083 10.422696 18.958593
v 4.055813 10.289344 18.940664
v 4.804294 9.331811 18.887915
v 3.532017 10.512097 19.199467
v 3.832397 10.355547 19.290247
v 4.064578 10.201204 19.320799
v 3.500633 10.358541 19.438684
v 3.802798 10.162766 19.607010
v 4.041699 9.969116 19.682180
v 4.359918 9.239127 18.001396
v 4.863754 8.993221 18.019497
v 5.228749 8.882483 18.111965
v 4.696875 9.078316 18.115057
v 5.580815 8.977702 18.276894
v 5.428013 8.790857 18.386051
v 5.639340 8.839505 18.881813
v 5.444137 8.737415 18.939732
v 5.273920 8.873208 19.297531
v 4.796384 9.201746 19.347809
v 4.882235 9.008681 19.505564
v 4.479993 9.300529 19.613094
v 2.942443 9.989511 19.045143
v 3.338168 10.229019 18.669584
v 3.287506 10.083755 18.532534
v 3.373201 10.290947 18.815231
v 3.391695 10.297867 18.976986
v 3.390812 10.250669 19.142067
v 3.374928 10.146119 19.297964
v 3.423208 10.164406 18.345909
v 3.489931 10.341870 18.520899
v 3.667383 9.965117 18.174515
v 3.743887 10.188799 18.408232
v 3.943493 10.051196 18.304974
v 3.871412 9.837060 18.037132
v 3.543678 10.423240 18.733349
v 3.801011 10.286170 18.686363
v 4.738296 9.261548 18.512039
v 3.993294 10.172399 18.627735
v 3.569866 10.429908 18.958914
v 3.829079 10.298889 18.971012
v 4.766291 9.237790 18.899210
v 4.021744 10.190392 18.952023
v 3.564897 10.369209 19.194271
v 3.832496 10.226713 19.281023
v 4.034171 10.101330 19.308228
v 3.537821 10.217688 19.422173
v 3.808689 10.033689 19.586525
v 4.016356 9.869487 19.655602
v 2.991603 7.994256 17.700752
v 2.731348 8.039013 18.011019
v 3.043622 7.661927 17.162041
v 2.836792 7.810656 17.584391
v 3.416961 7.953197 17.008259
v 3.287880 7.622093 16.892454
v 3.700442 8.505060 17.097841
v 3.639922 8.562091 16.878305
v 4.004180 8.614901 17.127195
v 4.058467 9.339240 17.771215
v 3.891791 8.998306 17.493813
v 4.072444 8.949895 17.516008
v 2.458091 9.752737 18.864540
v 2.556942 9.950850 18.677860
v 2.891191 10.068223 19.109581
v 2.711760 10.073426 18.573677
v 2.904601 10.157274 18.532410
v 3.110648 10.201471 18.553867
v 3.299806 10.191667 18.624586
v 2.289321 9.636035 18.633619
v 2.415758 9.876244 18.398005
v 2.311545 9.160423 18.425362
v 2.481929 9.472480 18.133255
v 2.331964 8.774786 18.252190
v 2.526409 9.116389 17.955524
v 2.622564 10.051227 18.232351
v 2.742682 9.698117 17.938347
v 2.825976 9.405279 17.738043
v 3.271915 8.300249 17.478867
v 2.877876 10.173667 18.167307
v 3.042297 9.859515 17.852583
v 3.148451 9.588806 17.636566
v 3.586293 8.553055 17.434519
v 3.178154 10.253708 18.205244
v 3.409832 9.974893 17.873785
v 3.529331 9.775579 17.670393
v 3.472471 10.245091 18.321909
v 3.758024 10.004713 18.010664
v 3.910922 9.854454 17.846144
v 2.794741 8.023146 18.081734
v 2.891676 7.720348 17.647461
v 3.104121 7.564734 17.225924
v 3.045017 7.934729 17.774254
v 3.346790 7.478599 16.897751
v 3.482629 7.810745 17.044025
v 3.706041 8.445773 16.891285
v 3.775255 8.374326 17.137421
v 4.064296 8.495632 17.193558
v 3.898354 8.938228 17.584747
v 4.077537 8.868209 17.596184
v 4.046518 9.271129 17.861050
v 2.964074 9.937276 19.116783
v 2.659740 9.808920 18.680630
v 2.558401 9.629833 18.850754
v 2.806375 9.920545 18.585623
v 2.988811 9.996698 18.546690
v 3.181605 10.034389 18.564486
v 3.364469 10.022532 18.632750
v 2.396553 9.529496 18.661413
v 2.517004 9.757586 18.434412
v 2.409574 9.091989 18.479858
v 2.571781 9.393697 18.199921
v 2.602057 9.070903 18.039040
v 2.404422 8.753355 18.315649
v 2.716239 9.917298 18.285030
v 2.814209 9.603762 18.021650
v 3.310344 8.245317 17.568146
v 2.879155 9.344743 17.838747
v 2.962304 10.025367 18.224506
v 3.105071 9.748456 17.943968
v 3.619473 8.482956 17.525223
v 3.186322 9.517077 17.745169
v 3.243181 10.089766 18.251984
v 3.454901 9.853884 17.964283
v 3.549052 9.704737 17.788021
v 3.525190 10.074798 18.362061
v 3.788762 9.882156 18.097092
v 3.918776 9.764247 17.953070
v 2.808687 7.590034 20.376919
v 3.073008 7.555554 20.584244
v 2.470249 7.422401 20.596708
v 2.791603 7.600756 20.660408
v 2.282408 7.145370 20.092934
v 2.320570 7.083121 20.420639
v 2.152014 7.221513 19.476419
v 1.986191 7.075793 19.628925
v 2.132541 7.296896 18.942715
v 2.382212 8.288679 18.425285
v 2.255271 7.966011 18.773558
v 2.342145 7.876261 18.587187
v 2.738390 9.847644 19.857281
v 2.498303 9.819603 19.699654
v 2.880037 10.044279 19.046890
v 2.368229 9.700201 19.466728
v 2.298271 9.658010 19.194624
v 2.290058 9.642258 18.915741
v 2.344614 9.617632 18.666082
v 2.764333 9.539131 20.254198
v 2.367375 9.592747 20.044245
v 3.008162 8.901105 20.564518
v 2.504894 8.891343 20.283072
v 3.022661 8.471234 20.729313
v 2.566753 8.413094 20.441830
v 2.050555 9.504248 19.713499
v 2.072854 8.802320 19.859560
v 2.115513 8.302581 19.971523
v 2.512579 7.306024 19.987928
v 1.965262 9.402644 19.365013
v 1.964552 8.706320 19.445627
v 1.963337 8.306363 19.521408
v 2.368118 7.396224 19.475487
v 2.045795 9.261719 18.926161
v 2.066887 8.730669 18.874414
v 1.993787 8.495235 18.886854
v 2.204379 9.316297 18.543530
v 2.251976 8.839921 18.421951
v 2.214757 8.622196 18.364367
v 3.137284 7.507275 20.495590
v 2.885338 7.497388 20.615019
v 2.572179 7.358447 20.543686
v 2.905158 7.461782 20.317169
v 2.405601 6.935338 20.412069
v 2.388134 7.023282 20.062820
v 2.056715 6.979042 19.593687
v 2.252139 7.120821 19.420561
v 2.246358 7.216337 18.890339
v 2.355316 7.973655 18.771410
v 2.439522 7.857042 18.598122
v 2.473345 8.289905 18.439056
v 2.957672 9.906413 19.015263
v 2.592734 9.646028 19.644207
v 2.807339 9.691241 19.803070
v 2.471975 9.526025 19.419479
v 2.400412 9.487517 19.161409
v 2.385836 9.476065 18.901379
v 2.441595 9.461152 18.659943
v 2.819494 9.418478 20.199253
v 2.469294 9.466591 19.975407
v 3.047745 8.835230 20.489794
v 2.603518 8.827664 20.197018
v 2.662050 8.402601 20.352802
v 3.086922 8.460890 20.643038
v 2.178668 9.347428 19.646544
v 2.193573 8.741176 19.788387
v 2.621931 7.239003 19.937490
v 2.224586 8.296385 19.898113
v 2.094971 9.247538 19.309608
v 2.091226 8.649626 19.375816
v 2.475899 7.364936 19.430393
v 2.075885 8.315423 19.459621
v 2.172998 9.139501 18.896574
v 2.191581 8.714157 18.837444
v 2.130171 8.524297 18.845592
v 2.329196 9.202604 18.535110
v 2.360977 8.796988 18.408953
v 2.328788 8.612484 18.360806
vt 0.732207 0.277673
vt 0.767427 0.303045
vt 0.751858 0.337948
vt 0.743422 0.311510
vt 0.775534 0.370742
vt 0.755197 0.363584
vt 0.803832 0.397962
vt 0.779468 0.407604
vt 0.790397 0.435685
vt 0.891905 0.367343
vt 0.951941 0.331056
vt 0.892207 0.397842
vt 0.746152 0.092855
vt 0.710050 0.100081
vt 0.715770 0.036927
vt 0.774507 0.085040
vt 0.799695 0.074159
vt 0.821056 0.058948
vt 0.838620 0.038317
vt 0.717414 0.126671
vt 0.759025 0.119761
vt 0.717943 0.170947
vt 0.773840 0.162239
vt 0.722483 0.205248
vt 0.779341 0.195816
vt 0.797304 0.114925
vt 0.822798 0.161437
vt 0.833792 0.198897
vt 0.815937 0.325192
vt 0.831672 0.106786
vt 0.867606 0.162746
vt 0.880895 0.210204
vt 0.839838 0.357724
vt 0.864774 0.092153
vt 0.914415 0.165083
vt 0.923385 0.218043
vt 0.900451 0.078175
vt 0.963087 0.172050
vt 0.969544 0.229783
vt 0.722709 0.279946
vt 0.730966 0.314870
vt 0.737131 0.343151
vt 0.703255 0.316394
vt 0.745482 0.367683
vt 0.734018 0.379358
vt 0.764755 0.412742
vt 0.734493 0.420968
vt 0.763189 0.455268
vt 0.615540 0.410181
vt 0.896012 0.413071
vt 0.962910 0.341932
vt 0.661453 0.103265
vt 0.698192 0.025819
vt 0.693039 0.103563
vt 0.634257 0.102048
vt 0.607658 0.098869
vt 0.581882 0.092072
vt 0.848645 0.020051
vt 0.699060 0.132582
vt 0.656817 0.133462
vt 0.702735 0.177729
vt 0.651491 0.178167
vt 0.655670 0.212557
vt 0.712116 0.209081
vt 0.620087 0.137229
vt 0.608490 0.189670
vt 0.669268 0.353546
vt 0.608989 0.228117
vt 0.585325 0.139583
vt 0.567852 0.205238
vt 0.665811 0.391613
vt 0.570557 0.253019
vt 0.548854 0.139862
vt 0.525706 0.225054
vt 0.532818 0.273564
vt 0.921230 0.074890
vt 0.981813 0.171717
vt 0.983660 0.235971
vt 0.482590 0.255094
vt 0.494151 0.308134
vt 0.548322 0.393248
vt 0.506076 0.146491
vt 0.555695 0.078619
vt 0.628925 0.440464
vt 0.208748 0.247573
vt 0.173753 0.258635
vt 0.145523 0.238214
vt 0.167435 0.242673
vt 0.113365 0.257099
vt 0.119926 0.236920
vt 0.067366 0.241622
vt 0.072771 0.226994
vt 0.039615 0.219210
vt 0.039999 0.302170
vt 0.032076 0.367567
vt 0.024941 0.230513
vt 0.368579 0.331730
vt 0.375147 0.294966
vt 0.450232 0.335609
vt 0.365817 0.360165
vt 0.367112 0.386624
vt 0.373910 0.411566
vt 0.395195 0.442029
vt 0.344465 0.291943
vt 0.339526 0.331609
vt 0.308262 0.275157
vt 0.304393 0.324034
vt 0.278227 0.266516
vt 0.277194 0.316536
vt 0.335327 0.365165
vt 0.294529 0.369182
vt 0.265284 0.365311
vt 0.144094 0.302839
vt 0.332988 0.396669
vt 0.285329 0.408556
vt 0.247669 0.407282
vt 0.094835 0.325316
vt 0.334856 0.429577
vt 0.274471 0.452909
vt 0.218667 0.454166
vt 0.341096 0.467004
vt 0.249299 0.498665
vt 0.171817 0.483039
vt 0.209940 0.236756
vt 0.167502 0.226699
vt 0.146831 0.220049
vt 0.181641 0.213678
vt 0.121509 0.222254
vt 0.123018 0.196798
vt 0.075622 0.212171
vt 0.077159 0.193703
vt 0.043839 0.199299
vt 0.075651 0.124901
vt 0.021635 0.193325
vt 0.110277 0.060494
vt 0.394648 0.248028
vt 0.460561 0.323971
vt 0.382588 0.276793
vt 0.406763 0.226832
vt 0.420999 0.208273
vt 0.438485 0.192760
vt 0.463539 0.180982
vt 0.350411 0.271155
vt 0.366826 0.233594
vt 0.310373 0.257663
vt 0.333644 0.220410
vt 0.305395 0.211727
vt 0.279920 0.254259
vt 0.381534 0.205207
vt 0.348849 0.180174
vt 0.174970 0.162834
vt 0.321787 0.168446
vt 0.395939 0.179045
vt 0.360624 0.143907
vt 0.140647 0.122847
vt 0.328046 0.126411
vt 0.413570 0.151879
vt 0.369615 0.099736
vt 0.322351 0.073095
vt 0.433913 0.117932
vt 0.359216 0.040890
vt 0.287774 0.024433
vt 0.015647 0.367186
vt 0.408076 0.450441
vt 0.341089 0.486915
vt 0.232397 0.515191
vt 0.154148 0.487310
vt 0.535478 0.648578
vt 0.555206 0.697113
vt 0.562178 0.764477
vt 0.543271 0.757134
vt 0.612052 0.745129
vt 0.592755 0.763397
vt 0.656697 0.733433
vt 0.653436 0.754759
vt 0.680926 0.756691
vt 0.714859 0.729951
vt 0.759518 0.748740
vt 0.718632 0.753643
vt 0.899308 0.588820
vt 0.917805 0.558211
vt 0.963302 0.670042
vt 0.893370 0.616246
vt 0.893681 0.645054
vt 0.897051 0.675171
vt 0.903052 0.704316
vt 0.863224 0.525847
vt 0.852882 0.567515
vt 0.753888 0.493944
vt 0.776431 0.547826
vt 0.662479 0.520203
vt 0.708907 0.551133
vt 0.849550 0.603051
vt 0.788349 0.594508
vt 0.742383 0.597958
vt 0.612384 0.683683
vt 0.851380 0.635186
vt 0.800778 0.635989
vt 0.762995 0.641082
vt 0.658913 0.701775
vt 0.859780 0.672126
vt 0.815157 0.682037
vt 0.786422 0.686889
vt 0.869250 0.712061
vt 0.827231 0.727995
vt 0.803967 0.733917
vt 0.586222 0.909944
vt 0.538209 0.786251
vt 0.561860 0.783067
vt 0.575683 0.853253
vt 0.593312 0.773598
vt 0.607339 0.788841
vt 0.652889 0.766966
vt 0.661209 0.790874
vt 0.682643 0.774181
vt 0.726902 0.791096
vt 0.720232 0.767880
vt 0.760133 0.760262
vt 0.959575 0.818044
vt 0.981959 0.685849
vt 0.989281 0.834153
vt 0.942225 0.798688
vt 0.928783 0.776499
vt 0.916782 0.752927
vt 0.907945 0.728245
vt 0.953631 0.899360
vt 0.926476 0.863659
vt 0.853654 0.976998
vt 0.862077 0.916365
vt 0.795431 0.941844
vt 0.758859 0.986558
vt 0.908404 0.834989
vt 0.856435 0.872538
vt 0.638462 0.856201
vt 0.811421 0.889694
vt 0.895192 0.807632
vt 0.849378 0.831772
vt 0.677316 0.829482
vt 0.813441 0.846038
vt 0.884344 0.774680
vt 0.840724 0.787730
vt 0.816254 0.796938
vt 0.872479 0.736124
vt 0.828632 0.746697
vt 0.805347 0.748518
vt 0.521732 0.644259
vt 0.932728 0.547038
vt 0.862473 0.507332
vt 0.743240 0.477307
vt 0.652049 0.512781
vt 0.258617 0.775137
vt 0.290442 0.797433
vt 0.262629 0.809841
vt 0.264359 0.791871
vt 0.256059 0.851813
vt 0.249342 0.830443
vt 0.249567 0.893216
vt 0.233305 0.878506
vt 0.218825 0.909711
vt 0.260444 0.946941
vt 0.332417 0.983266
vt 0.202485 0.943057
vt 0.373144 0.637320
vt 0.334655 0.624467
vt 0.348577 0.536108
vt 0.408631 0.653939
vt 0.440731 0.667309
vt 0.472618 0.676116
vt 0.506803 0.678376
vt 0.317558 0.656449
vt 0.367170 0.673046
vt 0.294933 0.699394
vt 0.350503 0.727424
vt 0.287336 0.728719
vt 0.331481 0.758807
vt 0.409157 0.705556
vt 0.395721 0.782722
vt 0.368407 0.819721
vt 0.283747 0.852668
vt 0.440408 0.732890
vt 0.409752 0.829329
vt 0.372555 0.865081
vt 0.278977 0.900010
vt 0.475855 0.771295
vt 0.429458 0.871678
vt 0.388789 0.900798
vt 0.525904 0.778415
vt 0.470727 0.900955
vt 0.426965 0.944340
vt 0.249470 0.770516
vt 0.253847 0.786643
vt 0.247349 0.803693
vt 0.223794 0.780220
vt 0.236756 0.827437
vt 0.216398 0.834891
vt 0.220202 0.874345
vt 0.196324 0.872534
vt 0.201409 0.902635
vt 0.128168 0.882759
vt 0.164284 0.925210
vt 0.063657 0.840005
vt 0.268645 0.606092
vt 0.317343 0.543290
vt 0.308927 0.617096
vt 0.227911 0.598665
vt 0.193581 0.589949
vt 0.165072 0.577752
vt 0.141013 0.558702
vt 0.300897 0.655393
vt 0.257059 0.633791
vt 0.283395 0.697803
vt 0.232319 0.679651
vt 0.223564 0.712666
vt 0.277227 0.725004
vt 0.201247 0.633290
vt 0.165102 0.688642
vt 0.192606 0.816477
vt 0.157223 0.729531
vt 0.159598 0.634429
vt 0.124002 0.712115
vt 0.165011 0.853089
vt 0.124304 0.755810
vt 0.113432 0.636560
vt 0.082974 0.716004
vt 0.086181 0.755060
vt 0.078373 0.608456
vt 0.037487 0.709039
vt 0.032119 0.757400
vt 0.151110 0.932631
vt 0.054351 0.844716
vt 0.152029 0.529807
vt 0.078081 0.574636
vt 0.026917 0.693369
vt 0.015126 0.752821
vn 0.733684 0.493438 0.467147
vn 0.481706 0.637570 0.601219
vn 0.128759 0.876830 0.463239
vn -0.168197 0.828853 0.533585
vn 0.141821 0.966504 0.213910
vn 0.176613 0.911566 0.371289
vn -0.011917 0.944537 0.328187
vn -0.000186 0.942364 -0.334589
vn -0.154485 0.785557 0.599195
vn 0.003444 0.299909 0.953962
vn -0.244168 0.029869 0.969273
vn -0.407310 0.294457 0.864520
vn -0.129890 0.980788 -0.145542
vn -0.066797 0.963018 -0.261026
vn -0.440621 0.878613 -0.184101
vn -0.254083 0.963632 0.082801
vn -0.423442 0.882895 0.202959
vn -0.676256 0.707559 0.205032
vn -0.803116 0.562830 0.195516
vn 0.432825 0.892867 0.124304
vn 0.329072 0.906659 0.263972
vn 0.572148 0.775401 0.267209
vn 0.495502 0.765014 0.411378
vn 0.732852 0.538734 0.415564
vn 0.645330 0.534799 0.545471
vn 0.135614 0.843089 0.520393
vn 0.282755 0.707540 0.647640
vn 0.477908 0.468864 0.742813
vn 0.416187 0.593032 0.689276
vn -0.124006 0.737798 0.663533
vn -0.007127 0.619428 0.785021
vn 0.245539 0.370804 0.895665
vn 0.232155 0.526619 0.817788
vn -0.441779 0.593040 0.673153
vn -0.337771 0.497000 0.799313
vn -0.030377 0.268054 0.962925
vn -0.600124 0.450445 0.661022
vn -0.499750 0.411549 0.762153
vn -0.295948 0.109045 0.948959
vn -0.724859 -0.505477 -0.468052
vn 0.106513 -0.817375 -0.566174
vn -0.150368 -0.859391 -0.488709
vn -0.451633 -0.656351 -0.604343
vn -0.130632 -0.953929 -0.270100
vn -0.149891 -0.963302 -0.222670
vn -0.024492 -0.931997 0.361638
vn -0.022006 -0.930164 -0.366485
vn 0.102363 -0.763411 -0.637750
vn 0.001427 -0.319606 -0.947549
vn 0.426599 -0.270935 -0.862907
vn 0.266901 -0.043124 -0.962759
vn 0.126660 -0.982677 0.135287
vn 0.443360 -0.884314 0.146361
vn 0.065562 -0.966063 0.249849
vn 0.256937 -0.962163 -0.090694
vn 0.442548 -0.871533 -0.211143
vn 0.700094 -0.682422 -0.210162
vn 0.817647 -0.540720 -0.197674
vn -0.439494 -0.889032 -0.128324
vn -0.328887 -0.906400 -0.265088
vn -0.548392 -0.795622 -0.257394
vn -0.481262 -0.778089 -0.403689
vn -0.636828 -0.543045 -0.547314
vn -0.724132 -0.550765 -0.415080
vn -0.129602 -0.837840 -0.530310
vn -0.266634 -0.713213 -0.648254
vn -0.400720 -0.600372 -0.692081
vn -0.467878 -0.475131 -0.745212
vn 0.127851 -0.730607 -0.670722
vn 0.017218 -0.623138 -0.781922
vn -0.216587 -0.547531 -0.808270
vn -0.239762 -0.376511 -0.894848
vn 0.452535 -0.584714 -0.673291
vn 0.356378 -0.501902 -0.788092
vn 0.037489 -0.280268 -0.959190
vn 0.617624 -0.443380 -0.649581
vn 0.523993 -0.415767 -0.743350
vn 0.312197 -0.110541 -0.943564
vn 0.981135 0.169098 -0.093703
vn 0.981135 0.169098 -0.093703
vn 0.981135 0.169098 -0.093703
vn 0.981135 0.169098 -0.093703
vn 0.879381 0.115412 -0.461920
vn 0.879381 0.115412 -0.461920
vn 0.879381 0.115412 -0.461920
vn 0.879381 0.115412 -0.461920
vn 0.947471 0.220389 0.231791
vn 0.947471 0.220389 0.231791
vn 0.947471 0.220389 0.231791
vn 0.947471 0.220389 0.231791
vn 0.326173 0.039653 0.944478
vn 0.326173 0.039653 0.944478
vn 0.326173 0.039653 0.944478
vn 0.326173 0.039653 0.944478
vn -0.102282 -0.295998 0.949696
vn -0.102282 -0.295998 0.949696
vn -0.102282 -0.295998 0.949696
vn -0.102282 -0.295998 0.949696
vn -0.651547 -0.743008 0.153056
vn -0.651547 -0.743008 0.153056
vn -0.651547 -0.743008 0.153056
vn -0.651547 -0.743008 0.153056
vn -0.639386 -0.594892 0.487124
vn -0.639386 -0.594892 0.487124
vn -0.639386 -0.594892 0.487124
vn -0.639386 -0.594892 0.487124
vn 0.112243 -0.037018 -0.992991
vn 0.112243 -0.037018 -0.992991
vn 0.112243 -0.037018 -0.992991
vn 0.112243 -0.037018 -0.992991
vn -0.866373 -0.309561 -0.391879
vn -0.866373 -0.309561 -0.391879
vn -0.866374 -0.309561 -0.391879
vn -0.866373 -0.309561 -0.391879
vn 0.404817 -0.008499 -0.914358
vn 0.404817 -0.008499 -0.914358
vn 0.404817 -0.008499 -0.914358
vn 0.404817 -0.008499 -0.914358
vn 0.358832 0.102494 -0.927758
vn 0.358832 0.102494 -0.927758
vn 0.358832 0.102494 -0.927758
vn 0.358832 0.102494 -0.927758
vn 0.643125 0.059430 -0.763452
vn 0.643125 0.059430 -0.763452
vn 0.643125 0.059430 -0.763452
vn 0.643125 0.059430 -0.763452
vn 0.415373 0.159047 -0.895639
vn 0.415373 0.159047 -0.895639
vn 0.415373 0.159047 -0.895639
vn 0.415373 0.159047 -0.895639
vn -0.879752 -0.356316 -0.314761
vn -0.879753 -0.356317 -0.314761
vn -0.879753 -0.356316 -0.314761
vn -0.879752 -0.356317 -0.314761
vn -0.927858 -0.319273 -0.192727
vn -0.927858 -0.319273 -0.192727
vn -0.927858 -0.319273 -0.192727
vn -0.927858 -0.319273 -0.192727
vn -0.832655 -0.553285 0.023718
vn -0.832655 -0.553285 0.023718
vn -0.832655 -0.553285 0.023718
vn -0.832655 -0.553285 0.023718
vn -0.950411 -0.298244 -0.088146
vn -0.950411 -0.298244 -0.088146
vn -0.950411 -0.298244 -0.088146
vn -0.950411 -0.298244 -0.088146
vn 0.536043 0.532848 -0.654776
vn 0.580867 0.728242 -0.363673
vn 0.397328 0.889955 -0.223855
vn 0.350136 0.929649 -0.114707
vn 0.278002 0.960317 0.022505
vn -0.631601 0.723698 0.278105
vn 0.380983 0.924482 0.013578
vn -0.652741 0.750855 0.100727
vn 0.566668 0.823469 0.028035
vn 0.697244 0.688547 0.199385
vn 0.666415 0.570721 0.479759
vn 0.563318 0.670876 0.482286
vn -0.706834 0.654933 -0.267299
vn -0.742626 0.573190 -0.346352
vn -0.686079 0.719236 0.109520
vn -0.619404 0.781327 -0.076596
vn -0.576592 0.810690 0.101599
vn -0.585295 0.737206 0.337574
vn -0.585488 0.667655 0.459827
vn -0.167973 0.729333 -0.663219
vn -0.098289 0.858455 -0.503383
vn 0.126663 0.705948 -0.696846
vn 0.257616 0.786864 -0.560784
vn 0.485004 0.557140 -0.674067
vn 0.595982 0.646090 -0.476836
vn 0.080626 0.973186 -0.215425
vn 0.439699 0.863873 -0.245739
vn 0.709018 0.673750 -0.208215
vn 0.678199 0.715121 -0.169257
vn 0.126225 0.989074 0.076154
vn 0.481808 0.873990 0.063267
vn 0.740461 0.672021 0.010218
vn 0.703418 0.710676 0.011958
vn 0.023425 0.926957 0.374434
vn 0.402800 0.833940 0.377221
vn 0.710505 0.663102 0.235536
vn -0.036449 0.838957 0.542976
vn 0.377933 0.770366 0.513520
vn 0.644405 0.591266 0.484918
vn -0.542779 -0.534264 0.648038
vn -0.390602 -0.911409 0.129474
vn -0.405153 -0.883526 0.235015
vn -0.573465 -0.740387 0.350663
vn 0.556292 -0.784111 -0.275151
vn -0.274752 -0.960970 -0.032362
vn 0.586968 -0.804549 -0.090389
vn -0.375220 -0.926904 -0.007623
vn -0.570684 -0.820705 -0.027635
vn -0.692932 -0.693597 -0.196898
vn -0.556038 -0.660025 -0.505162
vn -0.662816 -0.566993 -0.489074
vn 0.700911 -0.663825 0.260885
vn 0.631096 -0.775421 -0.020992
vn 0.735743 -0.586466 0.338734
vn 0.616835 -0.784586 0.062772
vn 0.571293 -0.811108 -0.125410
vn 0.563849 -0.760800 -0.321337
vn 0.566149 -0.712129 -0.415147
vn 0.182718 -0.731175 0.657265
vn 0.119450 -0.861820 0.492948
vn -0.086156 -0.723814 0.684595
vn -0.231750 -0.795828 0.559419
vn -0.599047 -0.648138 0.470170
vn -0.488447 -0.561569 0.667877
vn -0.055607 -0.978257 0.199802
vn -0.425481 -0.872911 0.238729
vn -0.675058 -0.718999 0.165336
vn -0.711181 -0.672553 0.204682
vn -0.101015 -0.990550 -0.092769
vn -0.466414 -0.881443 -0.074274
vn -0.698942 -0.715040 -0.014101
vn -0.741669 -0.670687 -0.010319
vn -0.033284 -0.925003 -0.378498
vn -0.381588 -0.835881 -0.394579
vn -0.712403 -0.662008 -0.232867
vn -0.031801 -0.837599 -0.545360
vn -0.356607 -0.771957 -0.526227
vn -0.641836 -0.586712 -0.493776
vn 0.188529 -0.184649 -0.964553
vn 0.188529 -0.184649 -0.964553
vn 0.188529 -0.184649 -0.964553
vn 0.188529 -0.184649 -0.964553
vn -0.105631 -0.403175 -0.909006
vn -0.105631 -0.403175 -0.909006
vn -0.105631 -0.403175 -0.909006
vn -0.105631 -0.403175 -0.909006
vn 0.475118 0.042838 -0.878879
vn 0.475118 0.042838 -0.878879
vn 0.475118 0.042838 -0.878879
vn 0.475118 0.042838 -0.878879
vn 0.927686 0.373287 -0.007396
vn 0.927686 0.373287 -0.007396
vn 0.927686 0.373287 -0.007396
vn 0.927686 0.373287 -0.007396
vn 0.772745 0.196050 0.603680
vn 0.772745 0.196050 0.603680
vn 0.772745 0.196050 0.603680
vn 0.772745 0.196050 0.603680
vn 0.037863 -0.333068 0.942142
vn 0.037863 -0.333068 0.942143
vn 0.037863 -0.333068 0.942142
vn 0.037863 -0.333068 0.942143
vn 0.475710 -0.111802 0.872468
vn 0.475710 -0.111802 0.872468
vn 0.475710 -0.111802 0.872468
vn 0.475710 -0.111802 0.872468
vn -0.697039 -0.472163 -0.539628
vn -0.697039 -0.472163 -0.539628
vn -0.697039 -0.472163 -0.539628
vn -0.697039 -0.472163 -0.539628
vn -0.229347 -0.628876 0.742910
vn -0.229347 -0.628876 0.742910
vn -0.229347 -0.628876 0.742910
vn -0.229347 -0.628876 0.742910
vn -0.579147 -0.484002 -0.655996
vn -0.579147 -0.484002 -0.655996
vn -0.579147 -0.484002 -0.655996
vn -0.579147 -0.484002 -0.655996
vn -0.715739 -0.406604 -0.567795
vn -0.715739 -0.406604 -0.567795
vn -0.715739 -0.406604 -0.567795
vn -0.715739 -0.406604 -0.567795
vn -0.571466 -0.428728 -0.699728
vn -0.571466 -0.428728 -0.699728
vn -0.571466 -0.428728 -0.699728
vn -0.571466 -0.428728 -0.699728
vn -0.665811 -0.395372 -0.632754
vn -0.665811 -0.395372 -0.632754
vn -0.665811 -0.395372 -0.632753
vn -0.665811 -0.395372 -0.632753
vn -0.269065 -0.416167 0.868568
vn -0.269065 -0.416167 0.868568
vn -0.269065 -0.416167 0.868568
vn -0.269065 -0.416167 0.868568
vn -0.588136 -0.201228 0.783329
vn -0.588136 -0.201228 0.783329
vn -0.588136 -0.201228 0.783329
vn -0.588136 -0.201228 0.783329
vn -0.234589 -0.250828 0.939177
vn -0.234589 -0.250828 0.939177
vn -0.234589 -0.250828 0.939177
vn -0.234589 -0.250828 0.939177
vn -0.410779 -0.150121 0.899291
vn -0.410779 -0.150121 0.899291
vn -0.410779 -0.150121 0.899291
vn -0.410779 -0.150121 0.899291
vn -0.748546 -0.119598 -0.652208
vn -0.687859 0.174892 -0.704460
vn -0.699794 0.514159 -0.495912
vn -0.481594 0.721441 -0.497583
vn -0.828394 0.493032 -0.265862
vn -0.774509 0.478012 -0.414295
vn -0.714869 0.614432 -0.333821
vn -0.859199 0.457712 0.228640
vn -0.451533 0.697663 -0.556223
vn 0.029276 0.347794 -0.937114
vn 0.426802 0.351768 -0.833126
vn 0.258914 0.630889 -0.731398
vn -0.664124 0.716771 0.212553
vn -0.726106 0.630583 0.274107
vn -0.435927 0.869344 0.232827
vn -0.486033 0.867386 0.106837
vn -0.313063 0.945059 0.094107
vn -0.128558 0.981494 0.141921
vn -0.024958 0.984232 0.175114
vn -0.932644 0.286306 -0.219555
vn -0.854430 0.408305 -0.321303
vn -0.904490 0.119899 -0.409296
vn -0.828237 0.190957 -0.526839
vn -0.790160 -0.110586 -0.602842
vn -0.702646 -0.020915 -0.711232
vn -0.634771 0.601775 -0.484698
vn -0.605279 0.360152 -0.709879
vn -0.483874 0.096174 -0.869837
vn -0.590172 0.196242 -0.783062
vn -0.343970 0.783975 -0.516785
vn -0.305422 0.567605 -0.764553
vn -0.199852 0.227713 -0.952998
vn -0.375015 0.310334 -0.873531
vn -0.052498 0.906159 -0.419668
vn 0.003793 0.743141 -0.669124
vn 0.096401 0.377608 -0.920934
vn 0.127773 0.929912 -0.344873
vn 0.165895 0.801966 -0.573873
vn 0.369595 0.467641 -0.802939
vn 0.752304 0.106770 0.650107
vn 0.497689 -0.676801 0.542444
vn 0.691970 -0.496820 0.523782
vn 0.683133 -0.209223 0.699682
vn 0.804806 -0.507696 0.307462
vn 0.829431 -0.487002 0.273630
vn 0.867529 -0.432721 -0.245248
vn 0.713017 -0.592147 0.375458
vn 0.446330 -0.654460 0.610305
vn -0.014091 -0.364737 0.931004
vn -0.291415 -0.627871 0.721703
vn -0.426109 -0.375559 0.823035
vn 0.638047 -0.737852 -0.220160
vn 0.430937 -0.884445 -0.179025
vn 0.702516 -0.655611 -0.276849
vn 0.459819 -0.879730 -0.121003
vn 0.288628 -0.951891 -0.102940
vn 0.104306 -0.983966 -0.144673
vn 0.007567 -0.984396 -0.175803
vn 0.930919 -0.296134 0.213761
vn 0.849163 -0.427261 0.310437
vn 0.907247 -0.146472 0.394270
vn 0.831379 -0.208527 0.515098
vn 0.703449 0.008659 0.710693
vn 0.794362 0.097455 0.599576
vn 0.616390 -0.631361 0.470582
vn 0.597669 -0.384824 0.703351
vn 0.585335 -0.213364 0.782214
vn 0.481286 -0.108288 0.869849
vn 0.328783 -0.802497 0.497896
vn 0.300912 -0.590359 0.748952
vn 0.384752 -0.332028 0.861234
vn 0.201141 -0.237704 0.950284
vn 0.046411 -0.915931 0.398642
vn -0.002131 -0.767886 0.640583
vn -0.089329 -0.392705 0.915316
vn -0.129918 -0.939516 0.316908
vn -0.161156 -0.827567 0.537737
vn -0.376394 -0.480177 0.792311
vn -0.782296 -0.598445 -0.172848
vn -0.782296 -0.598445 -0.172848
vn -0.782296 -0.598445 -0.172848
vn -0.782296 -0.598445 -0.172848
vn -0.768275 -0.609544 0.195471
vn -0.768275 -0.609544 0.195471
vn -0.768275 -0.609544 0.195471
vn -0.768275 -0.609544 0.195471
vn -0.721254 -0.496617 -0.482870
vn -0.721254 -0.496617 -0.482870
vn -0.721254 -0.496617 -0.482870
vn -0.721254 -0.496617 -0.482870
vn 0.069479 -0.036690 -0.996908
vn 0.069479 -0.036690 -0.996909
vn 0.069479 -0.036690 -0.996909
vn 0.069479 -0.036690 -0.996909
vn 0.600855 0.053340 -0.797577
vn 0.600855 0.053340 -0.797577
vn 0.600855 0.053340 -0.797577
vn 0.600855 0.053340 -0.797577
vn 0.998181 0.019177 0.057151
vn 0.998181 0.019177 0.057151
vn 0.998181 0.019177 0.057151
vn 0.998181 0.019177 0.057151
vn 0.962511 0.145310 -0.229036
vn 0.962511 0.145310 -0.229036
vn 0.962511 0.145310 -0.229036
vn 0.962511 0.145310 -0.229036
vn -0.351779 -0.263306 0.898288
vn -0.351779 -0.263306 0.898288
vn -0.351779 -0.263306 0.898288
vn -0.351779 -0.263306 0.898288
vn 0.682335 0.345737 0.644116
vn 0.682335 0.345737 0.644116
vn 0.682335 0.345737 0.644116
vn 0.682335 0.345737 0.644116
vn -0.561929 -0.466588 0.683031
vn -0.561929 -0.466588 0.683031
vn -0.561929 -0.466588 0.683031
vn -0.561929 -0.466588 0.683031
vn -0.583865 -0.337709 0.738279
vn -0.583865 -0.337709 0.738279
vn -0.583864 -0.337709 0.738279
vn -0.583865 -0.337709 0.738279
vn -0.665389 -0.529088 0.526615
vn -0.665389 -0.529088 0.526615
vn -0.665389 -0.529088 0.526615
vn -0.665389 -0.529088 0.526615
vn -0.648832 -0.332505 0.684440
vn -0.648832 -0.332505 0.684440
vn -0.648832 -0.332505 0.684440
vn -0.648832 -0.332505 0.684440
vn 0.782603 0.344450 0.518544
vn 0.782603 0.344450 0.518544
vn 0.782603 0.344450 0.518544
vn 0.782603 0.344450 0.518544
vn 0.793622 0.417468 0.442588
vn 0.793622 0.417468 0.442588
vn 0.793622 0.417468 0.442588
vn 0.793622 0.417468 0.442588
vn 0.952761 0.226640 0.202190
vn 0.952761 0.226640 0.202190
vn 0.952761 0.226640 0.202190
vn 0.952761 0.226640 0.202190
vn 0.816136 0.462664 0.346215
vn 0.816136 0.462664 0.346215
vn 0.816136 0.462664 0.346215
vn 0.816136 0.462664 0.346215
vn -0.584284 -0.057808 0.809488
vn -0.715373 -0.026186 0.698252
vn -0.569145 0.809294 -0.145316
vn -0.216425 0.975022 -0.049916
vn -0.581942 0.807372 0.097434
vn -0.863362 0.467971 0.188702
vn -0.712939 0.650265 0.262438
vn -0.536517 0.818818 0.204173
vn -0.879543 0.401136 0.255918
vn -0.936481 -0.263753 -0.231164
vn -0.804462 -0.326030 -0.496533
vn -0.905205 0.006183 -0.424930
vn -0.437524 0.867433 0.236921
vn -0.269197 0.856991 0.439432
vn -0.501312 0.865176 -0.012562
vn -0.579580 0.814650 0.020798
vn -0.646493 0.756989 -0.094943
vn -0.706885 0.680536 -0.192832
vn -0.748294 0.617895 -0.241376
vn -0.441202 0.340292 0.830387
vn -0.607744 0.386578 0.693690
vn -0.485797 0.238390 0.840935
vn -0.610408 0.170610 0.773495
vn -0.546434 -0.009292 0.837451
vn -0.636187 -0.072351 0.768135
vn -0.846523 0.317093 0.427611
vn -0.846812 0.075030 0.526575
vn -0.831893 -0.202523 0.516661
vn -0.908427 0.077983 0.410705
vn -0.966831 0.255302 -0.007674
vn -0.997952 0.027345 0.057829
vn -0.954459 -0.295266 0.042726
vn -0.980785 -0.069088 0.182451
vn -0.952956 0.160424 -0.257173
vn -0.968877 0.060901 -0.239935
vn -0.939322 -0.240246 -0.244859
vn -0.920483 0.175395 -0.349211
vn -0.927931 0.090170 -0.361681
vn -0.877899 -0.142370 -0.457192
vn 0.595932 0.032629 -0.802372
vn 0.262931 -0.955777 0.131751
vn 0.590153 -0.791863 0.157073
vn 0.744668 -0.022309 -0.667062
vn 0.837695 -0.519163 -0.169521
vn 0.582390 -0.802347 -0.130618
vn 0.446693 -0.866461 -0.222958
vn 0.736729 -0.616003 -0.278873
vn 0.909170 -0.333634 -0.249197
vn 0.945202 0.236948 0.224607
vn 0.898090 -0.005019 0.439783
vn 0.821860 0.305833 0.480638
vn 0.484539 -0.855252 -0.183755
vn 0.558312 -0.829627 -0.002510
vn 0.321958 -0.865767 -0.383132
vn 0.600263 -0.799744 -0.009688
vn 0.655808 -0.752074 0.065587
vn 0.716913 -0.676165 0.169814
vn 0.751648 -0.617966 0.230528
vn 0.512141 -0.317898 -0.797905
vn 0.646415 -0.397560 -0.651225
vn 0.542875 -0.219114 -0.810725
vn 0.644076 -0.162522 -0.747498
vn 0.653904 0.070530 -0.753283
vn 0.565385 0.021542 -0.824546
vn 0.854712 -0.322378 -0.406866
vn 0.851468 -0.088703 -0.516850
vn 0.904843 -0.093465 -0.415360
vn 0.843247 0.192271 -0.501963
vn 0.964171 -0.265258 0.003638
vn 0.997352 -0.045613 -0.056642
vn 0.980334 0.046396 -0.191815
vn 0.959136 0.281550 -0.028065
vn 0.950200 -0.181068 0.253644
vn 0.966493 -0.072099 0.246359
vn 0.939766 0.227162 0.255415
vn 0.918497 -0.196083 0.343387
vn 0.926904 -0.113057 0.357865
vn 0.881002 0.150369 0.448580
vn 0.045312 -0.466544 0.883336
vn 0.045312 -0.466544 0.883336
vn 0.045312 -0.466544 0.883336
vn 0.045312 -0.466544 0.883337
vn 0.279777 -0.455514 0.845122
vn 0.279777 -0.455514 0.845122
vn 0.279777 -0.455514 0.845122
vn 0.279777 -0.455514 0.845122
vn -0.081240 -0.343854 0.935502
vn -0.081240 -0.343854 0.935502
vn -0.081240 -0.343854 0.935502
vn -0.081240 -0.343854 0.935502
vn -0.773866 -0.548887 0.315997
vn -0.773866 -0.548887 0.315997
vn -0.773866 -0.548887 0.315997
vn -0.773866 -0.548887 0.315997
vn -0.729553 -0.577228 -0.366824
vn -0.729553 -0.577228 -0.366824
vn -0.729553 -0.577228 -0.366824
vn -0.729553 -0.577228 -0.366824
vn 0.087311 -0.360293 -0.928744
vn 0.087311 -0.360293 -0.928744
vn 0.087311 -0.360293 -0.928744
vn 0.087311 -0.360293 -0.928744
vn -0.337605 -0.352022 -0.872985
vn -0.337605 -0.352022 -0.872985
vn -0.337605 -0.352022 -0.872985
vn -0.337605 -0.352022 -0.872985
vn 0.892689 0.369339 0.258255
vn 0.892689 0.369339 0.258255
vn 0.892689 0.369339 0.258255
vn 0.892689 0.369339 0.258255
vn 0.350204 0.320675 -0.880071
vn 0.350204 0.320675 -0.880071
vn 0.350204 0.320675 -0.880071
vn 0.350204 0.320675 -0.880071
vn 0.921144 0.333708 0.200333
vn 0.921144 0.333708 0.200333
vn 0.921144 0.333708 0.200333
vn 0.921144 0.333708 0.200333
vn 0.912380 0.398573 0.093288
vn 0.912380 0.398573 0.093288
vn 0.912380 0.398573 0.093288
vn 0.912380 0.398573 0.093288
vn 0.796491 -0.051365 0.602464
vn 0.796491 -0.051365 0.602464
vn 0.796491 -0.051365 0.602464
vn 0.796491 -0.051365 0.602464
vn 0.863732 0.234131 0.446262
vn 0.863732 0.234131 0.446262
vn 0.863732 0.234131 0.446262
vn 0.863732 0.234131 0.446262
vn 0.280089 0.279422 -0.918408
vn 0.280089 0.279422 -0.918408
vn 0.280089 0.279422 -0.918408
vn 0.280089 0.279422 -0.918408
vn 0.098188 0.277292 -0.955755
vn 0.098188 0.277292 -0.955755
vn 0.098188 0.277292 -0.955755
vn 0.098188 0.277292 -0.955755
vn 0.041031 -0.188618 -0.981193
vn 0.041031 -0.188618 -0.981193
vn 0.041031 -0.188618 -0.981193
vn 0.041031 -0.188618 -0.981193
vn -0.011325 0.256041 -0.966600
vn -0.011325 0.256041 -0.966600
vn -0.011325 0.256041 -0.966600
vn -0.011325 0.256041 -0.966600
s 1
g polySurface22
usemtl lambert25SG
f 2/1/1 1/2/2 3/3/3 4/4/4
f 3/3/3 5/5/5 6/6/6
f 5/5/5 7/7/7 8/8/8 6/6/6
f 7/7/7 9/9/9 8/8/8
f 11/10/10 10/11/11 12/12/12 9/9/9
f 14/13/13 13/14/14 15/15/15
f 16/16/16 14/13/13 15/15/15
f 17/17/17 16/16/16 15/15/15
f 18/18/18 17/17/17 15/15/15
f 19/19/19 18/18/18 15/15/15
f 20/20/20 13/14/14 14/13/13 21/21/21
f 22/22/22 20/20/20 21/21/21 23/23/23
f 2/1/1 24/24/24 25/25/25 1/2/2
f 24/24/24 22/22/22 23/23/23 25/25/25
f 21/21/21 14/13/13 16/16/16 26/26/26
f 23/23/23 21/21/21 26/26/26 27/27/27
f 1/2/2 25/25/25 28/28/28 29/29/29
f 25/25/25 23/23/23 27/27/27 28/28/28
f 26/26/26 16/16/16 17/17/17 30/30/30
f 27/27/27 26/26/26 30/30/30 31/31/31
f 29/29/29 28/28/28 32/32/32 33/33/33
f 28/28/28 27/27/27 31/31/31 32/32/32
f 30/30/30 17/17/17 18/18/18 34/34/34
f 31/31/31 30/30/30 34/34/34 35/35/35
f 33/33/33 32/32/32 36/36/36 11/10/10
f 32/32/32 31/31/31 35/35/35 36/36/36
f 34/34/34 18/18/18 19/19/19 37/37/37
f 35/35/35 34/34/34 37/37/37 38/38/38
f 11/10/10 36/36/36 39/39/39 10/11/11
f 36/36/36 35/35/35 38/38/38 39/39/39
f 1/2/2 29/29/29 5/5/5 3/3/3
f 29/29/29 33/33/33 7/7/7 5/5/5
f 33/33/33 11/10/10 9/9/9 7/7/7
s 4
f 40/40/40 41/41/41 42/42/42 43/43/43
f 42/42/42 44/44/44 45/45/45
f 45/45/45 44/44/44 46/46/46 47/47/47
f 47/47/47 46/46/46 48/48/48
f 49/49/49 48/48/48 50/84/50 51/81/51
f 53/52/52 52/53/53 54/54/54
f 55/55/55 52/53/53 53/52/52
f 56/56/56 52/53/53 55/55/55
f 57/57/57 52/53/53 56/56/56
f 58/83/58 52/53/53 57/57/57
f 59/59/59 60/60/60 53/52/52 54/54/54
f 61/61/61 62/62/62 60/60/60 59/59/59
f 40/40/40 43/43/43 63/63/63 64/64/64
f 64/64/64 63/63/63 62/62/62 61/61/61
f 60/60/60 65/65/65 55/55/55 53/52/52
f 62/62/62 66/66/66 65/65/65 60/60/60
f 43/43/43 67/67/67 68/68/68 63/63/63
f 63/63/63 68/68/68 66/66/66 62/62/62
f 65/65/65 69/69/69 56/56/56 55/55/55
f 66/66/66 70/70/70 69/69/69 65/65/65
f 67/67/67 71/71/71 72/72/72 68/68/68
f 68/68/68 72/72/72 70/70/70 66/66/66
f 69/69/69 73/73/73 57/57/57 56/56/56
f 70/70/70 74/74/74 73/73/73 69/69/69
f 71/71/71 49/49/49 75/75/75 72/72/72
f 72/72/72 75/75/75 74/74/74 70/70/70
f 73/73/73 76/82/76 58/83/58 57/57/57
f 74/74/74 77/79/77 76/82/76 73/73/73
f 49/49/49 51/81/51 78/80/78 75/75/75
f 75/75/75 78/80/78 77/79/77 74/74/74
f 43/43/43 42/42/42 45/45/45 67/67/67
f 67/67/67 45/45/45 47/47/47 71/71/71
f 71/71/71 47/47/47 48/48/48 49/49/49
s off
f 42/42/79 41/41/80 4/4/81 3/3/82
f 41/41/83 40/40/84 2/1/85 4/4/86
f 44/44/87 42/42/88 3/3/89 6/6/90
f 46/46/91 44/44/92 6/6/93 8/8/94
f 48/48/95 46/46/96 8/8/97 9/9/98
f 51/51/99 50/50/100 12/12/101 10/11/102
f 50/50/103 48/48/104 9/9/105 12/12/106
f 54/54/107 52/53/108 15/15/109 13/14/110
f 52/53/111 58/58/112 19/19/113 15/15/114
f 59/59/115 54/54/116 13/14/117 20/20/118
f 61/61/119 59/59/120 20/20/121 22/22/122
f 40/40/123 64/64/124 24/24/125 2/1/126
f 64/64/127 61/61/128 22/22/129 24/24/130
f 58/58/131 76/76/132 37/37/133 19/19/134
f 76/76/135 77/77/136 38/38/137 37/37/138
f 78/78/139 51/51/140 10/11/141 39/39/142
f 77/77/143 78/78/144 39/39/145 38/38/146
s 7
f 80/85/147 79/86/148 81/87/149 82/88/150
f 81/87/149 83/89/151 84/90/152
f 83/89/151 85/91/153 86/92/154 84/90/152
f 85/91/153 87/93/155 86/92/154
f 89/94/156 88/95/157 90/96/158 87/93/155
f 92/97/159 91/98/160 93/99/161
f 94/100/162 92/97/159 93/99/161
f 95/101/163 94/100/162 93/99/161
f 96/102/164 95/101/163 93/99/161
f 97/103/165 96/102/164 93/99/161
f 98/104/166 91/98/160 92/97/159 99/105/167
f 100/106/168 98/104/166 99/105/167 101/107/169
f 80/85/147 102/108/170 103/109/171 79/86/148
f 102/108/170 100/106/168 101/107/169 103/109/171
f 99/105/167 92/97/159 94/100/162 104/110/172
f 101/107/169 99/105/167 104/110/172 105/111/173
f 79/86/148 103/109/171 106/112/174 107/113/175
f 103/109/171 101/107/169 105/111/173 106/112/174
f 104/110/172 94/100/162 95/101/163 108/114/176
f 105/111/173 104/110/172 108/114/176 109/115/177
f 107/113/175 106/112/174 110/116/178 111/117/179
f 106/112/174 105/111/173 109/115/177 110/116/178
f 108/114/176 95/101/163 96/102/164 112/118/180
f 109/115/177 108/114/176 112/118/180 113/119/181
f 111/117/179 110/116/178 114/120/182 89/94/156
f 110/116/178 109/115/177 113/119/181 114/120/182
f 112/118/180 96/102/164 97/103/165 115/121/183
f 113/119/181 112/118/180 115/121/183 116/122/184
f 89/94/156 114/120/182 117/123/185 88/95/157
f 114/120/182 113/119/181 116/122/184 117/123/185
f 79/86/148 107/113/175 83/89/151 81/87/149
f 107/113/175 111/117/179 85/91/153 83/89/151
f 111/117/179 89/94/156 87/93/155 85/91/153
s 10
f 118/124/186 119/125/187 120/126/188 121/127/189
f 120/126/188 122/128/190 123/129/191
f 123/129/191 122/128/190 124/130/192 125/131/193
f 125/131/193 124/130/192 126/132/194
f 127/133/195 126/132/194 128/134/196 129/135/197
f 131/136/198 130/137/199 132/138/200
f 133/139/201 130/137/199 131/136/198
f 134/140/202 130/137/199 133/139/201
f 135/141/203 130/137/199 134/140/202
f 136/142/204 130/137/199 135/141/203
f 137/143/205 138/144/206 131/136/198 132/138/200
f 139/145/207 140/146/208 138/144/206 137/143/205
f 118/124/186 121/127/189 141/147/209 142/148/210
f 142/148/210 141/147/209 140/146/208 139/145/207
f 138/144/206 143/149/211 133/139/201 131/136/198
f 140/146/208 144/150/212 143/149/211 138/144/206
f 121/127/189 145/151/213 146/152/214 141/147/209
f 141/147/209 146/152/214 144/150/212 140/146/208
f 143/149/211 147/153/215 134/140/202 133/139/201
f 144/150/212 148/154/216 147/153/215 143/149/211
f 145/151/213 149/155/217 150/156/218 146/152/214
f 146/152/214 150/156/218 148/154/216 144/150/212
f 147/153/215 151/157/219 135/141/203 134/140/202
f 148/154/216 152/158/220 151/157/219 147/153/215
f 149/155/217 127/133/195 153/159/221 150/156/218
f 150/156/218 153/159/221 152/158/220 148/154/216
f 151/157/219 154/160/222 136/142/204 135/141/203
f 152/158/220 155/161/223 154/160/222 151/157/219
f 127/133/195 129/135/197 156/162/224 153/159/221
f 153/159/221 156/162/224 155/161/223 152/158/220
f 121/127/189 120/126/188 123/129/191 145/151/213
f 145/151/213 123/129/191 125/131/193 149/155/217
f 149/155/217 125/131/193 126/132/194 127/133/195
s off
f 120/126/225 119/125/226 82/88/227 81/87/228
f 119/125/229 118/124/230 80/85/231 82/88/232
f 122/128/233 120/126/234 81/87/235 84/90/236
f 124/130/237 122/128/238 84/90/239 86/92/240
f 126/132/241 124/130/242 86/92/243 87/93/244
f 129/163/245 128/134/246 90/96/247 88/95/248
f 128/134/249 126/132/250 87/93/251 90/96/252
f 132/138/253 130/137/254 93/99/255 91/98/256
f 130/137/257 136/164/258 97/103/259 93/99/260
f 137/143/261 132/138/262 91/98/263 98/104/264
f 139/145/265 137/143/266 98/104/267 100/106/268
f 118/124/269 142/148/270 102/108/271 80/85/272
f 142/148/273 139/145/274 100/106/275 102/108/276
f 136/164/277 154/165/278 115/121/279 97/103/280
f 154/165/281 155/166/282 116/122/283 115/121/284
f 156/167/285 129/163/286 88/95/287 117/123/288
f 155/166/289 156/167/290 117/123/291 116/122/292
s 13
f 158/168/293 157/169/294 159/170/295 160/171/296
f 159/170/295 161/172/297 162/173/298
f 161/172/297 163/174/299 164/175/300 162/173/298
f 163/174/299 165/176/301 164/175/300
f 167/177/302 166/178/303 168/179/304 165/176/301
f 170/180/305 169/181/306 171/182/307
f 172/183/308 170/180/305 171/182/307
f 173/184/309 172/183/308 171/182/307
f 174/185/310 173/184/309 171/182/307
f 175/186/311 174/185/310 171/182/307
f 176/187/312 169/181/306 170/180/305 177/188/313
f 178/189/314 176/187/312 177/188/313 179/190/315
f 158/168/293 180/191/316 181/192/317 157/169/294
f 180/191/316 178/189/314 179/190/315 181/192/317
f 177/188/313 170/180/305 172/183/308 182/193/318
f 179/190/315 177/188/313 182/193/318 183/194/319
f 157/169/294 181/192/317 184/195/320 185/196/321
f 181/192/317 179/190/315 183/194/319 184/195/320
f 182/193/318 172/183/308 173/184/309 186/197/322
f 183/194/319 182/193/318 186/197/322 187/198/323
f 185/196/321 184/195/320 188/199/324 189/200/325
f 184/195/320 183/194/319 187/198/323 188/199/324
f 186/197/322 173/184/309 174/185/310 190/201/326
f 187/198/323 186/197/322 190/201/326 191/202/327
f 189/200/325 188/199/324 192/203/328 167/177/302
f 188/199/324 187/198/323 191/202/327 192/203/328
f 190/201/326 174/185/310 175/186/311 193/204/329
f 191/202/327 190/201/326 193/204/329 194/205/330
f 167/177/302 192/203/328 195/206/331 166/178/303
f 192/203/328 191/202/327 194/205/330 195/206/331
f 157/169/294 185/196/321 161/172/297 159/170/295
f 185/196/321 189/200/325 163/174/299 161/172/297
f 189/200/325 167/177/302 165/176/301 163/174/299
s 16
f 196/207/332 197/208/333 198/209/334 199/210/335
f 198/209/334 200/211/336 201/212/337
f 201/212/337 200/211/336 202/213/338 203/214/339
f 203/214/339 202/213/338 204/215/340
f 205/216/341 204/215/340 206/217/342 207/218/343
f 209/219/344 208/220/345 210/221/346
f 211/222/347 208/220/345 209/219/344
f 212/223/348 208/220/345 211/222/347
f 213/224/349 208/220/345 212/223/348
f 214/225/350 208/220/345 213/224/349
f 215/226/351 216/227/352 209/219/344 210/221/346
f 217/228/353 218/229/354 216/227/352 215/226/351
f 196/207/332 199/210/335 219/230/355 220/231/356
f 220/231/356 219/230/355 218/229/354 217/228/353
f 216/227/352 221/232/357 211/222/347 209/219/344
f 218/229/354 222/233/358 221/232/357 216/227/352
f 199/210/335 223/234/359 224/235/360 219/230/355
f 219/230/355 224/235/360 222/233/358 218/229/354
f 221/232/357 225/236/361 212/223/348 211/222/347
f 222/233/358 226/237/362 225/236/361 221/232/357
f 223/234/359 227/238/363 228/239/364 224/235/360
f 224/235/360 228/239/364 226/237/362 222/233/358
f 225/236/361 229/240/365 213/224/349 212/223/348
f 226/237/362 230/241/366 229/240/365 225/236/361
f 227/238/363 205/216/341 231/242/367 228/239/364
f 228/239/364 231/242/367 230/241/366 226/237/362
f 229/240/365 232/243/368 214/225/350 213/224/349
f 230/241/366 233/244/369 232/243/368 229/240/365
f 205/216/341 207/218/343 234/245/370 231/242/367
f 231/242/367 234/245/370 233/244/369 230/241/366
f 199/210/335 198/209/334 201/212/337 223/234/359
f 223/234/359 201/212/337 203/214/339 227/238/363
f 227/238/363 203/214/339 204/215/340 205/216/341
s off
f 198/209/371 197/208/372 160/171/373 159/170/374
f 197/208/375 196/246/376 158/168/377 160/171/378
f 200/211/379 198/209/380 159/170/381 162/173/382
f 202/213/383 200/211/384 162/173/385 164/175/386
f 204/215/387 202/213/388 164/175/389 165/176/390
f 207/218/391 206/217/392 168/179/393 166/178/394
f 206/217/395 204/215/396 165/176/397 168/179/398
f 210/247/399 208/220/400 171/182/401 169/181/402
f 208/220/403 214/225/404 175/186/405 171/182/406
f 215/248/407 210/247/408 169/181/409 176/187/410
f 217/249/411 215/248/412 176/187/413 178/189/414
f 196/246/415 220/250/416 180/191/417 158/168/418
f 220/250/419 217/249/420 178/189/421 180/191/422
f 214/225/423 232/243/424 193/204/425 175/186/426
f 232/243/427 233/244/428 194/205/429 193/204/430
f 234/245/431 207/218/432 166/178/433 195/206/434
f 233/244/435 234/245/436 195/206/437 194/205/438
s 19
f 236/251/439 235/252/440 237/253/441 238/254/442
f 237/253/441 239/255/443 240/256/444
f 239/255/443 241/257/445 242/258/446 240/256/444
f 241/257/445 243/259/447 242/258/446
f 245/260/448 244/261/449 246/262/450 243/259/447
f 248/263/451 247/264/452 249/265/453
f 250/266/454 248/263/451 249/265/453
f 251/267/455 250/266/454 249/265/453
f 252/268/456 251/267/455 249/265/453
f 253/269/457 252/268/456 249/265/453
f 254/270/458 247/264/452 248/263/451 255/271/459
f 256/272/460 254/270/458 255/271/459 257/273/461
f 236/251/439 258/274/462 259/275/463 235/252/440
f 258/274/462 256/272/460 257/273/461 259/275/463
f 255/271/459 248/263/451 250/266/454 260/276/464
f 257/273/461 255/271/459 260/276/464 261/277/465
f 235/252/440 259/275/463 262/278/466 263/279/467
f 259/275/463 257/273/461 261/277/465 262/278/466
f 260/276/464 250/266/454 251/267/455 264/280/468
f 261/277/465 260/276/464 264/280/468 265/281/469
f 263/279/467 262/278/466 266/282/470 267/283/471
f 262/278/466 261/277/465 265/281/469 266/282/470
f 264/280/468 251/267/455 252/268/456 268/284/472
f 265/281/469 264/280/468 268/284/472 269/285/473
f 267/283/471 266/282/470 270/286/474 245/260/448
f 266/282/470 265/281/469 269/285/473 270/286/474
f 268/284/472 252/268/456 253/269/457 271/287/475
f 269/285/473 268/284/472 271/287/475 272/288/476
f 245/260/448 270/286/474 273/289/477 244/261/449
f 270/286/474 269/285/473 272/288/476 273/289/477
f 235/252/440 263/279/467 239/255/443 237/253/441
f 263/279/467 267/283/471 241/257/445 239/255/443
f 267/283/471 245/260/448 243/259/447 241/257/445
s 22
f 274/290/478 275/291/479 276/292/480 277/293/481
f 276/292/480 278/294/482 279/295/483
f 279/295/483 278/294/482 280/296/484 281/297/485
f 281/297/485 280/296/484 282/298/486
f 283/299/487 282/298/486 284/300/488 285/301/489
f 287/302/490 286/303/491 288/304/492
f 289/305/493 286/303/491 287/302/490
f 290/306/494 286/303/491 289/305/493
f 291/307/495 286/303/491 290/306/494
f 292/308/496 286/303/491 291/307/495
f 293/309/497 294/310/498 287/302/490 288/304/492
f 295/311/499 296/312/500 294/310/498 293/309/497
f 274/290/478 277/293/481 297/313/501 298/314/502
f 298/314/502 297/313/501 296/312/500 295/311/499
f 294/310/498 299/315/503 289/305/493 287/302/490
f 296/312/500 300/316/504 299/315/503 294/310/498
f 277/293/481 301/317/505 302/318/506 297/313/501
f 297/313/501 302/318/506 300/316/504 296/312/500
f 299/315/503 303/319/507 290/306/494 289/305/493
f 300/316/504 304/320/508 303/319/507 299/315/503
f 301/317/505 305/321/509 306/322/510 302/318/506
f 302/318/506 306/322/510 304/320/508 300/316/504
f 303/319/507 307/323/511 291/307/495 290/306/494
f 304/320/508 308/324/512 307/323/511 303/319/507
f 305/321/509 283/299/487 309/325/513 306/322/510
f 306/322/510 309/325/513 308/324/512 304/320/508
f 307/323/511 310/326/514 292/308/496 291/307/495
f 308/324/512 311/327/515 310/326/514 307/323/511
f 283/299/487 285/301/489 312/328/516 309/325/513
f 309/325/513 312/328/516 311/327/515 308/324/512
f 277/293/481 276/292/480 279/295/483 301/317/505
f 301/317/505 279/295/483 281/297/485 305/321/509
f 305/321/509 281/297/485 282/298/486 283/299/487
s off
f 276/292/517 275/291/518 238/254/519 237/253/520
f 275/291/521 274/290/522 236/251/523 238/254/524
f 278/294/525 276/292/526 237/253/527 240/256/528
f 280/296/529 278/294/530 240/256/531 242/258/532
f 282/298/533 280/296/534 242/258/535 243/259/536
f 285/301/537 284/300/538 246/329/539 244/330/540
f 284/300/541 282/298/542 243/259/543 246/262/544
f 288/304/545 286/303/546 249/265/547 247/264/548
f 286/303/549 292/308/550 253/331/551 249/265/552
f 293/309/553 288/304/554 247/264/555 254/270/556
g defaultHideFaceDataSet polySurface4ShapeHiddenFacesSet polySurface22
f 295/311/557 293/309/558 254/270/559 256/272/560
g polySurface22
f 274/290/561 298/314/562 258/274/563 236/251/564
f 298/314/565 295/311/566 256/272/567 258/274/568
f 292/308/569 310/326/570 271/332/571 253/331/572
f 310/326/573 311/327/574 272/333/575 271/332/576
f 312/328/577 285/301/578 244/330/579 273/334/580
f 311/327/581 312/328/582 273/334/583 272/333/584
g default
v 0.754984 -2.975010 20.771539
v 0.572540 -2.975010 20.930151
v 0.618622 -2.975010 21.167384
v 0.847106 -2.975010 21.246117
v 1.029622 -2.975010 21.087588
v 0.983624 -2.975010 20.850207
v 0.749679 -0.200927 20.828751
v 0.602392 -0.200891 20.956881
v 0.639925 -0.200877 21.148874
v 0.824803 -0.200891 21.212826
v 0.972231 -0.200927 21.084858
v 0.934639 -0.200949 20.892775
v 0.528009 4.094895 21.036323
v 0.559495 7.380123 20.986771
v 1.128583 9.422126 20.508883
v 2.004172 10.149181 19.786434
v 2.763897 9.892808 19.195088
v 3.217163 8.826724 18.826987
v 3.530156 7.041573 18.602217
v 0.398373 4.081620 21.149136
v 0.418133 7.396273 21.109348
v 1.008049 9.497915 20.613180
v 1.956149 10.286911 19.827546
v 2.822245 9.885237 19.093276
v 3.270021 8.870124 18.780834
v 3.556129 7.053102 18.579600
v 3.560529 7.047336 18.610950
v 0.437285 4.074974 21.324960
v 0.462213 7.404337 21.303299
v 1.054412 9.535800 20.788698
v 2.019886 10.355772 19.949724
v 2.877930 10.027493 19.204110
v 3.337386 8.891825 18.804854
v 3.586548 7.058869 18.588342
v 0.605962 4.081620 21.388026
v 0.648119 7.396273 21.374011
v 1.221742 9.497915 20.859095
v 2.131978 10.286911 20.029886
v 2.925183 9.970116 19.294273
v 3.351774 8.870124 18.874913
v 3.590957 7.053102 18.619681
v 0.735758 4.094895 21.275400
v 0.789219 7.380123 21.251136
v 1.341838 9.422126 20.754293
v 2.179387 10.149181 19.988070
v 2.889253 9.855364 19.325014
v 3.298696 8.826724 18.920812
v 3.564936 7.041573 18.642243
v 0.696696 4.101522 21.099541
v 0.744691 7.372036 21.057835
v 1.295036 9.384223 20.579598
v 2.115310 10.080312 19.866805
v 2.763703 9.801875 19.269646
v 3.231482 8.805027 18.896884
v 3.534538 7.035808 18.633534
v 0.463121 2.781020 21.047178
v 0.600962 2.859899 20.968630
v 0.774209 2.864606 21.032183
v 0.812970 2.859899 21.212605
v 0.678327 2.850468 21.329448
v 0.515642 2.779904 21.294747
v 0.498788 1.819082 21.019013
v 0.623969 2.468182 20.947276
v 0.798709 2.472283 21.010895
v 0.837325 2.468182 21.192803
v 0.701060 2.459964 21.311059
v 0.550154 1.817889 21.267587
v 0.486369 2.833251 21.172994
v 0.459529 2.653811 20.990990
v 0.533595 2.652217 21.341289
v 0.527135 1.765673 21.141569
v -0.364491 4.359371 21.257814
v -0.756229 5.282313 21.326739
v -1.333702 5.628892 21.409366
v -1.992118 5.488016 21.500058
v -2.512822 4.939028 21.572363
v -2.512823 4.224472 21.568003
v -2.049971 3.652499 21.493175
v -1.486376 3.564694 21.407574
v -1.135042 3.817662 21.359529
v -0.340624 4.373148 21.139450
v -0.737117 5.300199 21.220347
v -1.331757 5.663037 21.316421
v -2.012857 5.522435 21.421197
v -2.545437 4.960496 21.506196
v -2.547631 4.225127 21.513662
v -2.073428 3.639511 21.448286
v -1.494755 3.549158 21.371734
v -1.133441 3.808689 21.333692
v -0.303656 4.380070 21.366198
v -0.700706 5.299480 21.424474
v -1.299239 5.661357 21.499049
v -1.983503 5.520691 21.581918
v -2.520078 4.959389 21.645299
v -2.525838 4.225146 21.630360
v -2.056063 3.640258 21.542824
v -1.481825 3.550044 21.443963
v -1.124749 3.809215 21.383627
v -0.193758 4.423119 21.401110
v -0.603077 5.341647 21.456298
v -1.247836 5.741462 21.532315
v -1.992149 5.601314 21.618902
v -2.563175 5.009636 21.682465
v -2.578974 4.226756 21.664143
v -2.088183 3.609954 21.568189
v -1.483799 3.513788 21.459607
v -1.108709 3.788286 21.391977
v -0.099393 4.463286 21.342297
v -0.520662 5.384100 21.403685
v -1.210400 5.822228 21.490366
v -2.012738 5.682674 21.589124
v -2.616856 5.060336 21.662083
v -2.641123 4.228362 21.649571
v -2.127526 3.579339 21.554422
v -1.491137 3.477165 21.445343
v -1.096022 3.767156 21.379425
v -0.075837 4.477041 21.224204
v -0.501813 5.401966 21.297521
v -1.208587 5.856362 21.397540
v -2.033473 5.717095 21.510259
v -2.649650 5.081793 21.596072
v -2.675928 4.229018 21.595229
v -2.151139 3.566341 21.509668
v -1.499518 3.461629 21.409504
v -1.094415 3.758182 21.353584
v -0.136672 4.456343 21.115820
v -0.557335 5.384799 21.199786
v -1.243364 5.823876 21.308127
v -2.042109 5.684418 21.428416
v -2.642358 5.061435 21.523106
v -2.662718 4.228358 21.532700
v -2.144842 3.578597 21.459841
v -1.504062 3.476279 21.373110
v -1.104713 3.766631 21.329490
v -0.246259 4.413315 21.080635
v -0.654740 5.342648 21.167765
v -1.294343 5.743799 21.274494
v -2.033459 5.603793 21.391432
v -2.599274 5.011187 21.485951
v -2.609562 4.226747 21.498904
v -2.112706 3.608902 21.434460
v -1.502055 3.512538 21.357436
v -1.120884 3.787550 21.321253
v 2.880205 9.695802 19.140580
v 2.821858 9.703373 19.242392
v 2.952356 9.696829 19.262718
v 2.990930 9.800584 19.229641
v 2.948742 9.852463 19.142575
v 2.880399 9.786734 19.066023
v 2.803850 8.548967 18.709781
v 2.841502 7.302550 18.587140
v 2.815903 5.656514 18.624696
v 2.835894 8.558700 18.669350
v 2.866049 7.301487 18.554943
v 2.836837 5.650961 18.596851
v 2.886885 8.545688 18.675423
v 2.906125 7.297381 18.560092
v 2.871631 5.647311 18.601391
v 2.905828 8.522943 18.721926
v 2.921655 7.294336 18.597436
v 2.885488 5.649212 18.633776
v 2.822794 8.526220 18.756285
v 2.857031 7.299504 18.624485
v 2.829760 5.658416 18.657082
v 2.873785 8.513208 18.762358
v 2.897109 7.295400 18.629633
v 2.864554 5.654768 18.661622
vt 0.977572 0.081934
vt 0.988824 0.095588
vt 0.774319 0.160856
vt 0.823042 0.213198
vt 0.929860 0.029733
vt 0.783995 0.171399
vt 0.942105 0.042459
vt 0.793971 0.181685
vt 0.954199 0.055358
vt 0.803998 0.191853
vt 0.966043 0.068508
vt 0.813763 0.202310
vt 0.036845 0.974604
vt 0.027011 0.970067
vt 0.032450 0.973797
vt 0.029353 0.969781
vt 0.031405 0.970629
vt 0.033512 0.971855
vt 0.035312 0.973065
vt 0.943329 0.312886
vt 0.677752 0.344100
vt 0.587672 0.423078
vt 0.596648 0.431910
vt 0.363565 0.532815
vt 0.410576 0.586634
vt 0.248581 0.642321
vt 0.290446 0.692463
vt 0.180463 0.713693
vt 0.214502 0.755587
vt 0.035234 0.643564
vt 0.042898 0.668574
vt 0.785597 0.060601
vt 0.780301 0.055035
vt 0.806087 0.082202
vt 0.800700 0.076467
vt 0.110202 0.867369
vt 0.115755 0.869521
vt 0.964079 0.337508
vt 0.958545 0.320971
vt 0.553562 0.383663
vt 0.373688 0.543243
vt 0.258550 0.651207
vt 0.189094 0.720637
vt 0.136476 0.775254
vt 0.129154 0.784652
vt 0.121938 0.709051
vt 0.092328 0.853946
vt 0.650562 0.314143
vt 0.562112 0.393719
vt 0.383004 0.554382
vt 0.266850 0.661748
vt 0.195979 0.729396
vt 0.141748 0.780937
vt 0.134994 0.790746
vt 0.096742 0.857181
vt 0.659617 0.323753
vt 0.570018 0.403555
vt 0.391190 0.565173
vt 0.272793 0.672473
vt 0.199973 0.738738
vt 0.146427 0.787451
vt 0.138781 0.798319
vt 0.101047 0.861355
vt 0.668809 0.333802
vt 0.578588 0.413571
vt 0.400441 0.576278
vt 0.280690 0.683276
vt 0.206242 0.748033
vt 0.067427 0.677816
vt 0.092975 0.672075
vt 0.105310 0.864866
vt 0.787331 0.068404
vt 0.793086 0.073638
vt 0.655683 0.362864
vt 0.828721 0.356361
vt 0.646957 0.352671
vt 0.637915 0.342712
vt 0.629019 0.333184
vt 0.808888 0.331029
vt 0.813622 0.347562
vt 0.845941 0.353030
vt 0.816327 0.315412
vt 0.116678 0.956018
vt 0.115822 0.956239
vt 0.113776 0.955440
vt 0.112035 0.954517
vt 0.114227 0.952496
vt 0.116073 0.953328
vt 0.116881 0.954391
vt 0.116301 0.955153
vt 0.686721 0.536907
vt 0.677493 0.524753
vt 0.581978 0.618226
vt 0.574278 0.606422
vt 0.507786 0.676265
vt 0.500630 0.665642
vt 0.434216 0.734642
vt 0.427974 0.725176
vt 0.351675 0.799042
vt 0.346506 0.790351
vt 0.274280 0.859980
vt 0.269982 0.852641
vt 0.195490 0.921530
vt 0.192190 0.915600
vt 0.137286 0.964709
vt 0.135584 0.960595
vt 0.696128 0.549605
vt 0.592302 0.628649
vt 0.517532 0.685069
vt 0.442697 0.742300
vt 0.359117 0.805818
vt 0.280249 0.865894
vt 0.199845 0.926550
vt 0.139273 0.969021
vt 0.627649 0.466671
vt 0.535249 0.553366
vt 0.466707 0.617928
vt 0.396592 0.681742
vt 0.320574 0.753481
vt 0.246839 0.821628
vt 0.172689 0.891756
vt 0.119034 0.947839
vt 0.637568 0.477884
vt 0.545940 0.560556
vt 0.476615 0.623990
vt 0.405799 0.687468
vt 0.329025 0.757402
vt 0.254005 0.825130
vt 0.178592 0.894273
vt 0.123878 0.948462
vt 0.647679 0.489406
vt 0.555501 0.570189
vt 0.485217 0.632805
vt 0.413717 0.695442
vt 0.336245 0.764028
vt 0.260283 0.830718
vt 0.183830 0.898464
vt 0.128396 0.950591
vt 0.658148 0.501338
vt 0.563525 0.581911
vt 0.492187 0.643304
vt 0.419965 0.704820
vt 0.341620 0.772171
vt 0.265091 0.837534
vt 0.187904 0.903699
vt 0.132030 0.953622
vt 0.668175 0.513155
vt 0.569166 0.594238
vt 0.496587 0.654439
vt 0.424097 0.714920
vt 0.344243 0.781074
vt 0.267715 0.844943
vt 0.190256 0.909493
vt 0.134158 0.957026
vt 0.116486 0.683379
vt 0.285356 0.461087
vt 0.292613 0.470210
vt 0.501499 0.286281
vt 0.506876 0.293531
vt 0.325707 0.503958
vt 0.531438 0.320088
vt 0.319796 0.493270
vt 0.525813 0.313027
vt 0.302313 0.477665
vt 0.512984 0.300186
vt 0.311958 0.484593
vt 0.519529 0.306518
vt 0.672606 0.263216
vt 0.663671 0.258736
vt 0.631929 0.315440
vt 0.623895 0.321012
vt 0.675055 0.362316
vt 0.667194 0.368703
vt 0.614964 0.316648
vt 0.675745 0.272823
vt 0.160432 0.808699
vt 0.151848 0.807889
vt 0.148431 0.800071
vt 0.154760 0.793161
vt 0.158989 0.800114
vt 0.122923 0.773464
vt 0.120332 0.784101
vt 0.087230 0.851991
vt 0.611685 0.307090
vt 0.544473 0.374120
vt 0.038125 0.976705
vt 0.223133 0.760740
vt 0.154942 0.807277
vt 0.300392 0.699710
vt 0.420504 0.595888
vt 0.832016 0.224299
vt 0.721686 0.322707
vt 0.917481 0.017110
vt 0.496466 0.278715
vt 0.280496 0.450324
vt 0.046150 0.619773
vt 0.783796 0.042794
vt 0.777134 0.047764
vt 0.141299 0.973228
vt 0.204930 0.930112
vt 0.287103 0.869865
vt 0.367706 0.809954
vt 0.452176 0.748148
vt 0.528179 0.691227
vt 0.603310 0.636859
vt 0.705405 0.562083
vt 0.904726 0.425009
vn -0.656137 0.014318 -0.754506
vn -0.656137 0.014318 -0.754506
vn -0.630021 0.008975 -0.776527
vn -0.631331 0.009240 -0.775458
vn -0.981512 0.008766 0.191201
vn -0.981512 0.008766 0.191201
vn -0.980831 -0.019058 0.193924
vn -0.980860 -0.018301 0.193852
vn -0.326280 0.008766 0.945233
vn -0.326280 0.008766 0.945233
vn -0.278070 -0.017456 0.960402
vn -0.276945 -0.018061 0.960716
vn 0.655579 0.014318 0.754991
vn 0.655579 0.014318 0.754991
vn 0.655524 0.009160 0.755118
vn 0.655521 0.008905 0.755124
vn 0.981380 0.020188 -0.191013
vn 0.981380 0.020188 -0.191013
vn 0.980193 0.037204 -0.194517
vn 0.980160 0.037626 -0.194603
vn 0.326070 0.020189 -0.945130
vn 0.326070 0.020189 -0.945130
vn 0.329455 0.037626 -0.943421
vn 0.329374 0.037204 -0.943466
vn 0.239764 -0.948267 -0.208094
vn 0.239648 -0.948304 -0.208059
vn 0.239599 -0.948287 -0.208192
vn 0.239506 -0.948330 -0.208104
vn 0.239480 -0.948304 -0.208250
vn 0.239521 -0.948267 -0.208374
vn 0.239649 -0.948262 -0.208248
vn -0.569445 -0.004030 -0.822019
vn -0.400451 0.014421 -0.916205
vn -0.638770 0.001840 -0.769396
vn -0.637354 0.002413 -0.770567
vn -0.655050 -0.001418 -0.755584
vn -0.654929 -0.000817 -0.755690
vn -0.651051 0.007143 -0.759000
vn -0.649662 0.008251 -0.760178
vn -0.652521 -0.036073 -0.756912
vn -0.659226 -0.081173 -0.747551
vn -0.671675 -0.268689 -0.690405
vn -0.671675 -0.268689 -0.690405
vn -0.117701 -0.987118 0.108370
vn -0.117703 -0.987121 0.108342
vn -0.117703 -0.987121 0.108342
vn -0.117701 -0.987118 0.108370
vn -0.886194 -0.159285 -0.435072
vn -0.755361 -0.093861 -0.648552
vn -0.650008 -0.018262 -0.759708
vn -0.650008 -0.018262 -0.759708
vn -0.925983 -0.201804 0.319110
vn -0.966246 -0.170499 0.193128
vn -0.977999 -0.202419 0.050447
vn -0.976246 -0.013466 0.216248
vn -0.976257 -0.014330 0.216140
vn -0.969465 0.126630 0.210004
vn -0.968502 0.134969 0.209254
vn -0.932838 0.305939 0.190302
vn -0.932838 0.305939 0.190303
vn -0.656798 0.753572 -0.027304
vn -0.656798 0.753572 -0.027304
vn -0.656798 0.753572 -0.027304
vn -0.656798 0.753572 -0.027304
vn -0.190477 0.774094 -0.603736
vn -0.190477 0.774094 -0.603736
vn -0.190477 0.774094 -0.603736
vn -0.190477 0.774094 -0.603736
vn 0.289780 0.389981 -0.874038
vn 0.423205 0.454036 -0.784060
vn 0.369389 0.431362 -0.823091
vn 0.250314 0.371183 -0.894185
vn 0.313577 0.280148 -0.907296
vn 0.318563 0.299036 -0.899497
vn 0.276205 0.149172 -0.949452
vn 0.276205 0.149172 -0.949452
vn -0.020215 -0.039437 0.999018
vn -0.200218 -0.059016 0.977972
vn -0.331943 -0.006852 0.943275
vn -0.332685 -0.006310 0.943017
vn -0.342342 0.134968 0.929831
vn -0.343219 0.126628 0.930680
vn -0.318596 0.305938 0.897161
vn -0.318596 0.305938 0.897161
vn -0.064605 0.753573 0.654182
vn -0.064605 0.753573 0.654182
vn -0.064605 0.753573 0.654182
vn -0.064605 0.753573 0.654182
vn 0.490117 0.854021 0.174450
vn 0.490117 0.854021 0.174450
vn 0.490117 0.854021 0.174450
vn 0.490117 0.854021 0.174450
vn 0.887399 0.420713 -0.188476
vn 0.887399 0.420713 -0.188476
vn 0.901411 0.409128 -0.141675
vn 0.899684 0.410723 -0.147900
vn 0.946851 0.290185 -0.138802
vn 0.952067 0.272354 -0.139252
vn 0.978703 0.149172 -0.141027
vn 0.978703 0.149172 -0.141027
vn 0.655418 0.002589 0.755262
vn 0.655417 0.002589 0.755263
vn 0.655831 -0.002973 0.754901
vn 0.655849 -0.003149 0.754886
vn 0.656916 -0.000816 0.753964
vn 0.656795 -0.001418 0.754068
vn 0.662094 0.008254 0.749375
vn 0.660734 0.007146 0.750587
vn 0.673810 0.006683 0.738874
vn 0.671425 0.009271 0.741014
vn 0.680683 -0.003719 0.732569
vn 0.680829 -0.002427 0.732438
vn 0.673163 -0.021597 0.739179
vn 0.674657 -0.020495 0.737846
vn 0.667566 -0.020277 0.744274
vn 0.666120 -0.019794 0.745582
vn 0.661548 -0.018272 0.749680
vn 0.661548 -0.018272 0.749680
vn 0.978038 0.059682 -0.199700
vn 0.978029 0.059730 -0.199727
vn 0.975885 0.007054 -0.218172
vn 0.975868 0.006113 -0.218274
vn 0.967856 -0.135428 -0.211927
vn 0.968785 -0.127469 -0.212621
vn 0.933738 -0.300725 -0.194157
vn 0.933738 -0.300725 -0.194157
vn 0.662418 -0.748812 0.021976
vn 0.662418 -0.748812 0.021976
vn 0.662418 -0.748812 0.021976
vn 0.662418 -0.748812 0.021976
vn 0.095775 -0.863426 0.495301
vn 0.095775 -0.863426 0.495301
vn 0.095775 -0.863426 0.495301
vn 0.095775 -0.863426 0.495301
vn -0.191004 -0.402078 0.895461
vn -0.199075 -0.387084 0.900297
vn -0.191293 -0.392568 0.899609
vn -0.170332 -0.416775 0.892909
vn -0.212159 -0.318188 0.923983
vn -0.218979 -0.301821 0.927875
vn -0.263927 -0.186556 0.946330
vn -0.263927 -0.186556 0.946330
vn 0.334231 0.059729 -0.940597
vn 0.334205 0.059682 -0.940609
vn 0.352302 0.006113 -0.935866
vn 0.352204 0.007053 -0.935897
vn 0.345714 -0.127468 -0.929642
vn 0.344898 -0.135427 -0.928819
vn 0.322536 -0.300725 -0.897516
vn 0.322536 -0.300725 -0.897516
vn 0.070660 -0.748810 -0.659007
vn 0.070660 -0.748810 -0.659007
vn 0.070660 -0.748810 -0.659007
vn 0.070660 -0.748810 -0.659007
vn -0.575879 -0.738928 -0.349784
vn -0.575879 -0.738928 -0.349784
vn -0.575879 -0.738928 -0.349784
vn -0.575879 -0.738928 -0.349784
vn -0.117700 -0.987115 0.108398
vn -0.117699 -0.987115 0.108398
vn -0.970346 -0.237844 -0.043107
vn -0.973895 -0.186557 0.129322
vn -0.973895 -0.186557 0.129322
vn -0.527089 0.021751 -0.849532
vn -0.473603 0.021196 -0.880484
vn 0.343667 0.071994 -0.936328
vn 0.343690 0.071997 -0.936319
vn 0.975114 0.071998 -0.209688
vn 0.975119 0.071995 -0.209664
vn 0.655287 0.002568 0.755375
vn 0.655288 0.002568 0.755375
vn -0.138543 -0.043539 0.989399
vn -0.195995 -0.046407 0.979506
vn -0.975663 -0.064479 0.209583
vn -0.975663 -0.064479 0.209583
vn -0.975663 -0.064479 0.209583
vn -0.328036 -0.054334 -0.943101
vn -0.137411 -0.089230 0.986487
vn 0.810027 0.567885 -0.146161
vn 0.810027 0.567885 -0.146161
vn 0.810027 0.567885 -0.146161
vn 0.810027 0.567885 -0.146161
vn 0.810027 0.567885 -0.146161
vn 0.810027 0.567885 -0.146161
vn 0.810027 0.567885 -0.146161
vn 0.810027 0.567885 -0.146161
vn -0.937553 -0.329564 -0.111274
vn -0.937943 -0.328998 -0.109647
vn -0.902953 -0.366558 -0.224303
vn -0.902953 -0.366558 -0.224303
vn -0.528489 -0.806112 -0.266239
vn -0.528489 -0.806112 -0.266239
vn -0.528489 -0.806112 -0.266239
vn -0.528489 -0.806112 -0.266239
vn 0.136774 -0.914802 -0.380041
vn 0.136774 -0.914802 -0.380041
vn 0.136774 -0.914802 -0.380041
vn 0.136774 -0.914802 -0.380041
vn 0.606259 -0.641379 -0.470195
vn 0.606259 -0.641379 -0.470195
vn 0.606259 -0.641379 -0.470195
vn 0.606259 -0.641379 -0.470195
vn 0.872506 -0.002368 -0.488597
vn 0.872506 -0.002368 -0.488597
vn 0.872506 -0.002368 -0.488597
vn 0.872506 -0.002368 -0.488597
vn 0.661258 0.591206 -0.461751
vn 0.661258 0.591206 -0.461751
vn 0.661258 0.591206 -0.461751
vn 0.661258 0.591206 -0.461751
vn 0.092860 0.926733 -0.364064
vn 0.092860 0.926733 -0.364064
vn 0.092860 0.926733 -0.364064
vn 0.092860 0.926733 -0.364064
vn -0.585523 0.773389 -0.242965
vn -0.585523 0.773389 -0.242965
vn -0.585523 0.773389 -0.242965
vn -0.585523 0.773389 -0.242965
vn -0.841260 -0.324885 0.432125
vn -0.842216 -0.324127 0.430830
vn -0.778924 -0.368522 0.507413
vn -0.778924 -0.368522 0.507414
vn -0.427291 -0.801932 0.417526
vn -0.427291 -0.801932 0.417526
vn -0.427291 -0.801932 0.417526
vn -0.427291 -0.801932 0.417526
vn 0.232393 -0.927209 0.293730
vn 0.232393 -0.927209 0.293730
vn 0.232393 -0.927209 0.293730
vn 0.232393 -0.927209 0.293730
vn 0.719794 -0.658623 0.219343
vn 0.719794 -0.658623 0.219343
vn 0.719794 -0.658623 0.219343
vn 0.719794 -0.658623 0.219343
vn 0.988809 -0.005918 0.149072
vn 0.988809 -0.005918 0.149072
vn 0.988809 -0.005918 0.149072
vn 0.988809 -0.005918 0.149072
vn 0.776822 0.598972 0.194372
vn 0.776822 0.598972 0.194372
vn 0.776822 0.598972 0.194372
vn 0.776822 0.598972 0.194372
vn 0.194280 0.935285 0.295799
vn 0.194280 0.935285 0.295799
vn 0.194280 0.935285 0.295799
vn 0.194280 0.935285 0.295799
vn -0.491115 0.766795 0.413318
vn -0.491115 0.766795 0.413318
vn -0.491115 0.766795 0.413318
vn -0.491115 0.766795 0.413318
vn -0.193035 -0.114468 0.974492
vn -0.192992 -0.114423 0.974506
vn -0.203767 -0.221780 0.953568
vn -0.182462 -0.254239 0.949774
vn -0.007829 -0.390080 0.920748
vn 0.056038 -0.406487 0.911936
vn 0.280360 -0.392731 0.875877
vn 0.328005 -0.368186 0.869972
vn 0.474658 -0.234874 0.848253
vn 0.516244 -0.162974 0.840792
vn 0.558109 0.070894 0.826734
vn 0.537325 0.135948 0.832346
vn 0.421427 0.310031 0.852221
vn 0.369029 0.343634 0.863558
vn 0.145368 0.415666 0.897825
vn 0.080963 0.404505 0.910945
vn -0.102901 0.363214 0.926006
vn -0.102901 0.363214 0.926006
vn 0.601648 0.209854 0.770702
vn 0.601648 0.209854 0.770702
vn 0.550113 0.189224 0.813369
vn 0.548769 0.188688 0.814401
vn 0.430311 0.220367 0.875369
vn 0.408333 0.250869 0.877684
vn 0.224089 0.374424 0.899773
vn 0.172477 0.383259 0.907394
vn -0.042264 0.351460 0.935248
vn -0.077424 0.328382 0.941366
vn -0.206012 0.185934 0.960722
vn -0.235782 0.122217 0.964090
vn -0.258228 -0.104351 0.960432
vn -0.234996 -0.162012 0.958399
vn -0.109815 -0.328932 0.937947
vn -0.057537 -0.358874 0.931611
vn 0.164680 -0.419669 0.892613
vn 0.229009 -0.405003 0.885171
vn 0.405451 -0.353800 0.842873
vn 0.405451 -0.353800 0.842873
vn 0.941059 0.330889 0.070143
vn 0.926959 0.332817 -0.173146
vn 0.914781 0.364251 -0.174636
vn 0.926654 0.354317 0.125586
vn 0.891818 0.393017 0.224049
vn 0.891818 0.393017 0.224049
vn 0.544198 0.796152 0.264559
vn 0.544198 0.796152 0.264559
vn 0.544198 0.796152 0.264559
vn 0.544198 0.796152 0.264559
vn -0.108241 0.919082 0.378909
vn -0.108241 0.919082 0.378909
vn -0.108240 0.919082 0.378909
vn -0.108240 0.919082 0.378909
vn -0.602592 0.644169 0.471093
vn -0.602592 0.644169 0.471093
vn -0.602592 0.644169 0.471093
vn -0.602592 0.644169 0.471093
vn -0.869922 0.022194 0.492690
vn -0.869922 0.022194 0.492690
vn -0.869922 0.022194 0.492690
vn -0.869922 0.022194 0.492689
vn -0.662428 -0.588295 0.463787
vn -0.662428 -0.588295 0.463787
vn -0.662428 -0.588295 0.463787
vn -0.662428 -0.588295 0.463787
vn -0.089800 -0.927103 0.363891
vn -0.089800 -0.927103 0.363891
vn -0.089800 -0.927103 0.363891
vn -0.089800 -0.927103 0.363891
vn 0.597475 -0.765569 0.238595
vn 0.597475 -0.765569 0.238595
vn 0.597475 -0.765569 0.238595
vn 0.597475 -0.765569 0.238595
vn 0.857841 0.314987 -0.406069
vn 0.828858 0.343193 -0.441829
vn 0.767697 0.393604 -0.505685
vn 0.767697 0.393604 -0.505685
vn 0.443390 0.789954 -0.423530
vn 0.443390 0.789954 -0.423530
vn 0.443390 0.789954 -0.423530
vn 0.443390 0.789954 -0.423530
vn -0.203294 0.931131 -0.302764
vn -0.203294 0.931131 -0.302764
vn -0.203294 0.931131 -0.302764
vn -0.203294 0.931131 -0.302764
vn -0.716896 0.661434 -0.220374
vn -0.716896 0.661434 -0.220374
vn -0.716896 0.661434 -0.220374
vn -0.716896 0.661434 -0.220374
vn -0.987781 0.026529 -0.153577
vn -0.987781 0.026529 -0.153577
vn -0.987781 0.026529 -0.153577
vn -0.987781 0.026529 -0.153577
vn -0.779114 -0.595223 -0.196703
vn -0.779114 -0.595223 -0.196703
vn -0.779114 -0.595223 -0.196703
vn -0.779114 -0.595223 -0.196703
vn -0.192655 -0.935595 -0.295880
vn -0.192655 -0.935596 -0.295880
vn -0.192655 -0.935595 -0.295880
vn -0.192655 -0.935595 -0.295880
vn 0.502768 -0.759222 -0.413287
vn 0.502768 -0.759222 -0.413287
vn 0.502768 -0.759222 -0.413287
vn 0.502768 -0.759222 -0.413287
vn 0.416519 0.199196 -0.887036
vn 0.416519 0.199196 -0.887036
vn 0.342068 0.196768 -0.918843
vn 0.341843 0.196759 -0.918928
vn 0.168329 0.281047 -0.944816
vn 0.189872 0.250878 -0.949215
vn -0.074534 0.418276 -0.905257
vn -0.015327 0.406636 -0.913462
vn -0.350073 0.363951 -0.863127
vn -0.305803 0.390198 -0.868464
vn -0.532902 0.142872 -0.834028
vn -0.497174 0.213929 -0.840864
vn -0.536727 -0.160782 -0.828296
vn -0.560475 -0.099320 -0.822194
vn -0.347371 -0.367720 -0.862621
vn -0.401371 -0.337802 -0.851347
vn -0.037720 -0.409555 -0.911505
vn -0.101573 -0.426199 -0.898909
vn 0.157268 -0.347593 -0.924363
vn 0.157268 -0.347593 -0.924363
vn -0.363977 -0.085278 -0.927496
vn -0.363162 -0.084967 -0.927844
vn -0.426914 -0.222800 -0.876416
vn -0.447783 -0.190558 -0.873600
vn -0.195292 -0.372297 -0.907335
vn -0.250580 -0.359187 -0.898996
vn 0.053444 -0.332941 -0.941432
vn 0.015058 -0.354924 -0.934774
vn 0.218156 -0.141850 -0.965550
vn 0.182963 -0.206004 -0.961294
vn 0.235882 0.137461 -0.962011
vn 0.255670 0.076230 -0.963754
vn 0.079719 0.335382 -0.938703
vn 0.130150 0.302031 -0.944372
vn -0.185225 0.398984 -0.898056
vn -0.121430 0.408001 -0.904870
vn -0.350358 0.366984 -0.861726
vn -0.350358 0.366984 -0.861726
vn -0.920443 -0.291838 -0.260028
vn -0.885030 -0.225850 -0.407078
vn -0.828178 -0.156518 -0.538167
vn -0.833852 0.162843 -0.527421
vn -0.833852 0.162843 -0.527421
vn -0.821720 0.121299 -0.556833
vn -0.821573 0.120839 -0.557149
vn -0.794186 0.016287 -0.607457
vn -0.793939 0.017662 -0.607741
vn -0.797202 -0.001298 -0.603711
vn -0.797202 -0.001298 -0.603711
vn 0.132412 0.195745 -0.971674
vn 0.130161 0.226071 -0.965376
vn 0.131818 0.026893 -0.990909
vn 0.132653 0.034332 -0.990568
vn 0.125502 -0.027423 -0.991714
vn 0.125502 -0.027423 -0.991714
vn 0.992980 0.049260 -0.107539
vn 0.992980 0.049260 -0.107539
vn 0.973559 0.049444 -0.223019
vn 0.981231 0.049459 -0.186387
vn 0.925458 0.007463 -0.378777
vn 0.925665 0.009442 -0.378226
vn 0.920949 -0.028905 -0.388608
vn 0.920950 -0.028905 -0.388608
vn -0.993654 -0.070871 0.087346
vn -0.993654 -0.070871 0.087346
vn -0.983763 -0.069604 0.165426
vn -0.977235 -0.068884 0.200666
vn -0.926380 -0.020160 0.376049
vn -0.926156 -0.017925 0.376715
vn -0.921136 0.023108 0.388555
vn -0.921136 0.023108 0.388555
vn 0.832484 -0.172872 0.526389
vn 0.832484 -0.172872 0.526389
vn 0.819988 -0.130486 0.557309
vn 0.819726 -0.129675 0.557883
vn 0.794074 -0.027663 0.607191
vn 0.794300 -0.025916 0.606973
vn 0.796909 -0.004105 0.604086
vn 0.796909 -0.004105 0.604086
vn -0.184371 -0.279648 0.942234
vn -0.174612 -0.239303 0.955115
vn -0.134374 -0.045097 0.989904
vn -0.133388 -0.036904 0.990377
vn -0.126066 0.021817 0.991782
vn -0.126066 0.021817 0.991782
s 1
g polySurface24 polySurface10
usemtl lambert22SG
f 313/335/585 314/336/586 320/525/587 319/338/588
s 2
f 314/527/589 315/339/590 321/340/591 320/337/592
s 3
f 315/339/593 316/341/594 322/342/595 321/340/596
s 4
f 316/341/597 317/343/598 323/344/599 322/342/600
s 5
f 317/343/601 318/345/602 324/346/603 323/344/604
s 6
f 318/345/605 313/335/606 319/338/607 324/346/608
s 7
f 331/347/609 338/520/610 339/349/611
f 338/348/610 346/350/612 339/349/611
f 346/350/612 353/351/613 339/349/611
f 353/351/613 360/352/614 339/349/611
f 360/352/614 367/353/615 339/349/611
f 367/353/615 331/347/609 339/349/611
s 1
f 319/338/588 320/525/587 374/526/616 375/355/617
f 325/356/618 332/357/619 333/524/620 326/359/621
f 326/359/621 333/524/620 334/523/622 327/361/623
f 327/361/623 334/523/622 335/521/624 328/363/625
f 328/363/625 335/521/624 336/522/626 329/514/627
s 9
f 464/366/628 467/367/629 470/532/630 473/531/631
s 10
f 330/370/632 337/371/633 338/520/634 331/347/635
s 2
f 320/337/592 321/340/591 379/509/636 383/502/637 374/503/638
s 11
f 332/519/639 340/374/640 341/375/641 333/358/642
f 333/358/642 341/375/641 342/376/643 334/360/644
s off
f 334/360/645 342/376/646 343/377/647 335/362/648
f 335/362/649 343/377/650 344/378/651 336/515/652
s 12
f 336/515/653 344/378/654 460/379/655 461/516/656
f 337/517/657 345/381/658 346/350/659 338/348/660
s 3
f 321/340/596 322/342/595 378/382/661 379/509/662
f 340/374/663 347/383/664 348/384/665 341/375/666
f 341/375/666 348/384/665 349/385/667 342/376/668
s off
f 342/376/669 349/385/670 350/386/671 343/377/672
f 343/377/673 350/386/674 351/387/675 344/378/676
s 14
f 344/378/677 351/387/678 459/388/679 460/379/680
f 345/381/681 352/389/682 353/351/683 346/350/684
s 4
f 322/342/600 323/344/599 377/390/685 378/382/686
f 347/383/687 354/391/688 355/392/689 348/384/690
f 348/384/690 355/392/689 356/393/691 349/385/692
f 349/385/692 356/393/691 357/394/693 350/386/694
f 350/386/694 357/394/693 358/395/695 351/387/696
f 351/387/696 358/395/695 458/396/697 459/388/698
f 352/389/699 359/397/700 360/352/701 353/351/702
s 5
f 323/344/604 324/346/603 376/398/703 377/390/704
f 354/391/705 361/399/706 362/400/707 355/392/708
f 355/392/708 362/400/707 363/401/709 356/393/710
s off
f 356/393/711 363/401/712 364/402/713 357/394/714
f 357/394/715 364/402/716 365/513/717 358/395/718
s 17
f 358/395/719 365/513/720 457/512/721 458/396/722
f 359/397/723 366/405/724 367/353/725 360/352/726
s 6
f 324/346/608 319/338/607 375/355/727 376/398/728
f 361/399/729 325/356/730 326/359/731 362/400/732
f 362/400/732 326/359/731 327/361/733 363/401/734
s off
f 363/401/735 327/361/736 328/363/737 364/402/738
f 364/402/739 328/363/740 329/514/741 365/513/742
s 9
f 476/406/743 464/366/628 473/369/631 479/407/744
s 10
f 366/405/745 330/370/632 331/347/746 367/353/747
s 1
f 369/408/748 368/507/749 332/357/619 325/356/618
s 6
f 370/410/750 369/408/751 325/356/730 361/399/729
s 5
f 371/411/752 370/410/753 361/399/706 354/391/705
s 4
f 372/412/754 371/411/755 354/391/688 347/383/687
s 3
f 373/505/756 372/412/757 347/383/664 340/374/663
s 11
f 368/518/758 380/508/759 373/505/760 340/374/640 332/519/639
s 1
f 375/355/617 374/526/616 381/506/761 368/507/749 369/408/748
s 6
f 376/398/728 375/355/727 369/408/751 370/410/750
s 5
f 377/390/704 376/398/703 370/410/753 371/411/752
s 4
f 378/382/686 377/390/685 371/411/755 372/412/754
s 3
f 379/509/662 378/382/661 372/412/757 373/505/756 382/504/762
s off
f 401/417/763 392/418/764 410/419/765 419/420/766 428/421/767 437/422/768 446/423/769 455/424/770
s 2
f 374/354/638 383/373/637 384/425/771 393/426/772
f 393/426/772 384/425/771 385/427/773 394/428/774
s off
f 394/428/775 385/427/776 386/429/777 395/430/778
f 395/430/779 386/429/780 387/431/781 396/432/782
f 396/432/783 387/431/784 388/433/785 397/434/786
f 397/434/787 388/433/788 389/435/789 398/436/790
f 398/436/791 389/435/792 390/437/793 399/438/794
f 399/438/795 390/437/796 391/439/797 400/440/798
f 400/440/799 391/439/800 392/418/801 401/417/802
s 2
f 383/373/637 379/372/636 402/441/803 384/425/804
f 384/425/804 402/441/803 403/442/805 385/427/806
s off
f 385/427/807 403/442/808 404/443/809 386/429/810
f 386/429/811 404/443/812 405/444/813 387/431/814
f 387/431/815 405/444/816 406/445/817 388/433/818
f 388/433/819 406/445/820 407/446/821 389/435/822
f 389/435/823 407/446/824 408/447/825 390/437/826
f 390/437/827 408/447/828 409/448/829 391/439/830
f 391/439/831 409/448/832 410/419/833 392/418/834
s 3
f 379/372/662 382/541/762 411/540/835 402/441/836
f 402/441/836 411/540/835 412/539/837 403/442/838
f 403/442/838 412/539/837 413/538/839 404/443/840
f 404/443/840 413/538/839 414/537/841 405/444/842
f 405/444/842 414/537/841 415/536/843 406/445/844
f 406/445/844 415/536/843 416/535/845 407/446/846
f 407/446/846 416/535/845 417/534/847 408/447/848
f 408/447/848 417/534/847 418/533/849 409/448/850
f 409/448/850 418/533/849 419/420/851 410/419/852
s 20
f 382/416/853 373/413/854 420/457/855 411/449/856
f 411/449/856 420/457/855 421/458/857 412/450/858
f 412/450/858 421/458/857 422/459/859 413/451/860
f 413/451/860 422/459/859 423/460/861 414/452/862
f 414/452/862 423/460/861 424/461/863 415/453/864
f 415/453/864 424/461/863 425/462/865 416/454/866
f 416/454/866 425/462/865 426/463/867 417/455/868
f 417/455/868 426/463/867 427/464/869 418/456/870
f 418/456/870 427/464/869 428/421/871 419/420/872
s 21
f 373/413/873 380/414/874 429/465/875 420/457/876
f 420/457/876 429/465/875 430/466/877 421/458/878
s off
f 421/458/879 430/466/880 431/467/881 422/459/882
f 422/459/883 431/467/884 432/468/885 423/460/886
f 423/460/887 432/468/888 433/469/889 424/461/890
f 424/461/891 433/469/892 434/470/893 425/462/894
f 425/462/895 434/470/896 435/471/897 426/463/898
f 426/463/899 435/471/900 436/472/901 427/464/902
f 427/464/903 436/472/904 437/422/905 428/421/906
s 21
f 380/414/874 368/409/907 438/473/908 429/465/875
f 429/465/875 438/473/908 439/474/909 430/466/910
s off
f 430/466/911 439/474/912 440/475/913 431/467/914
f 431/467/915 440/475/916 441/476/917 432/468/918
f 432/468/919 441/476/920 442/477/921 433/469/922
f 433/469/923 442/477/924 443/478/925 434/470/926
f 434/470/927 443/478/928 444/479/929 435/471/930
f 435/471/931 444/479/932 445/480/933 436/472/934
f 436/472/935 445/480/936 446/423/937 437/422/938
s 22
f 368/409/939 381/415/940 447/481/941 438/473/942
f 438/473/942 447/481/941 448/482/943 439/474/944
f 439/474/944 448/482/943 449/483/945 440/475/946
f 440/475/946 449/483/945 450/484/947 441/476/948
f 441/476/948 450/484/947 451/485/949 442/477/950
f 442/477/950 451/485/949 452/486/951 443/478/952
f 443/478/952 452/486/951 453/487/953 444/479/954
f 444/479/954 453/487/953 454/488/955 445/480/956
f 445/480/956 454/488/955 455/424/957 446/423/958
s 1
f 381/415/761 374/354/616 393/426/959 447/481/960
f 447/481/960 393/426/959 394/428/961 448/482/962
f 448/482/962 394/428/961 395/430/963 449/483/964
f 449/483/964 395/430/963 396/432/965 450/484/966
f 450/484/966 396/432/965 397/434/967 451/485/968
f 451/485/968 397/434/967 398/436/969 452/486/970
f 452/486/970 398/436/969 399/438/971 453/487/972
f 453/487/972 399/438/971 400/440/973 454/488/974
f 454/488/974 400/440/973 401/417/975 455/424/976
s 10
f 457/512/977 456/511/978 330/370/632 366/405/745
s 17
f 458/396/722 457/512/721 366/405/724 359/397/723
s 4
f 459/388/698 458/396/697 359/397/700 352/389/699
s 14
f 460/379/680 459/388/679 352/389/682 345/381/681
s 12
f 461/516/656 460/379/655 345/381/658 337/517/657
s 10
f 456/511/978 461/510/979 337/371/633 330/370/632
s 23
f 329/365/980 336/364/981 465/490/982 462/491/983
f 462/491/983 465/490/982 466/492/984 463/493/985
f 463/493/985 466/492/984 467/367/986 464/366/987
s 12
f 336/364/653 461/530/656 468/529/988 465/490/989
f 465/490/989 468/529/988 469/528/990 466/492/991
f 466/492/991 469/528/990 470/532/992 467/367/993
s 24
f 461/380/994 456/489/995 471/496/996 468/494/997
f 468/494/997 471/496/996 472/497/998 469/495/999
f 469/495/999 472/497/998 473/369/1000 470/368/1001
s 25
f 365/403/1002 329/365/1003 462/491/1004 474/498/1005
f 474/498/1005 462/491/1004 463/493/1006 475/499/1007
f 475/499/1007 463/493/1006 464/366/1008 476/406/1009
s 26
f 456/489/1010 457/404/1011 477/500/1012 471/496/1013
f 471/496/1013 477/500/1012 478/501/1014 472/497/1015
f 472/497/1015 478/501/1014 479/407/1016 473/369/1017
s 17
f 457/404/721 365/403/720 474/498/1018 477/500/1019
f 477/500/1019 474/498/1018 475/499/1020 478/501/1021
f 478/501/1021 475/499/1020 476/406/1022 479/407/1023
g default
v -1.582355 -0.011122 13.553024
v 2.597792 -0.011122 12.681886
v -1.582355 0.312303 13.553024
v 2.597792 0.312303 12.681886
v -2.168920 0.312303 10.738401
v 2.011227 0.312303 9.867262
v -2.168920 -0.011122 10.738401
v 2.011227 -0.011122 9.867262
vt 0.753653 0.517697
vt 0.167454 0.513082
vt 0.167804 0.468681
vt 0.754002 0.473296
vt 0.170911 0.073975
vt 0.750196 0.956804
vt 0.126510 0.073626
vt 0.750546 0.912403
vt 0.164347 0.907788
vt 0.163998 0.952189
vt 0.757109 0.078590
vt 0.794947 0.912752
vt 0.123403 0.468331
vt 0.798054 0.518046
vn 0.204016 0.000000 0.978967
vn 0.204016 0.000000 0.978967
vn 0.204016 0.000000 0.978967
vn 0.204016 0.000000 0.978967
vn 0.000000 1.000000 0.000000
vn 0.000000 1.000000 0.000000
vn 0.000000 1.000000 0.000000
vn 0.000000 1.000000 0.000000
vn -0.204016 0.000000 -0.978967
vn -0.204016 0.000000 -0.978967
vn -0.204016 0.000000 -0.978967
vn -0.204016 0.000000 -0.978967
vn 0.000000 -1.000000 0.000000
vn 0.000000 -1.000000 0.000000
vn 0.000000 -1.000000 0.000000
vn 0.000000 -1.000000 0.000000
vn 0.978968 0.000000 -0.204016
vn 0.978968 0.000000 -0.204016
vn 0.978968 0.000000 -0.204016
vn 0.978968 0.000000 -0.204016
vn -0.978968 0.000000 0.204016
vn -0.978968 0.000000 0.204016
vn -0.978968 0.000000 0.204016
vn -0.978968 0.000000 0.204016
s off
g pCube12 steps
usemtl lambert30SG
f 480/542/1024 481/543/1025 483/544/1026 482/545/1027
f 482/545/1028 483/544/1029 485/546/1030 484/552/1031
f 484/547/1032 485/551/1033 487/550/1034 486/549/1035
f 486/549/1036 487/550/1037 481/543/1038 480/542/1039
f 481/554/1040 487/548/1041 485/546/1042 483/544/1043
f 486/549/1044 480/542/1045 482/555/1046 484/553/1047
g default
v 6.369517 8.206947 4.582189
v 6.603964 8.365891 4.788804
v 5.927855 8.060266 4.384577
v 6.210129 8.190509 4.585182
v 5.870431 7.870070 4.142997
v 5.762364 8.036866 4.052647
v 6.019244 7.593171 3.817920
v 5.883399 7.681695 3.715468
v 6.269421 7.521033 3.603584
v 7.074398 7.657815 3.605427
v 6.713034 7.718696 3.658104
v 6.682366 7.511718 3.596846
v 7.872768 8.794106 4.645239
v 7.899535 8.842449 4.449351
v 8.322333 8.522425 4.521118
v 7.930472 8.820744 4.298032
v 7.973862 8.751223 4.174609
v 8.028956 8.639874 4.086795
v 8.082511 8.494205 4.042948
v 7.682518 8.936818 4.644403
v 7.713123 8.984361 4.404718
v 7.368238 8.853020 4.714374
v 7.414673 8.906200 4.408394
v 7.114446 8.787757 4.753643
v 7.175640 8.832887 4.430441
v 7.753294 8.945329 4.186432
v 7.476092 8.847257 4.135444
v 7.261291 8.769109 4.119756
v 6.481147 8.146586 4.214204
v 7.814221 8.846361 4.014741
v 7.556417 8.725183 3.919316
v 7.352448 8.630760 3.876117
v 6.583991 7.950703 3.954582
v 7.900426 8.694406 3.889296
v 7.660960 8.532869 3.743845
v 7.458117 8.401875 3.672015
v 7.983511 8.482692 3.826345
v 7.762616 8.259500 3.649158
v 7.563413 8.081023 3.563817
v 6.644719 8.290662 4.796733
v 6.201183 8.090213 4.629865
v 5.915506 7.957728 4.427372
v 6.382073 8.114704 4.619192
v 5.693332 7.939083 4.089990
v 5.828856 7.765529 4.189892
v 5.825065 7.574600 3.740349
v 5.990542 7.484809 3.855895
v 6.267743 7.430301 3.657487
v 6.723781 7.658000 3.728496
v 6.677917 7.449639 3.672662
v 7.085658 7.623538 3.684197
v 8.261568 8.416482 4.546406
v 7.845603 8.734479 4.460305
v 7.821719 8.694116 4.641849
v 7.873466 8.712977 4.320537
v 7.912522 8.646310 4.205073
v 7.961015 8.540809 4.123108
v 8.010770 8.399506 4.081718
v 7.659806 8.827446 4.649602
v 7.687497 8.873263 4.420445
v 7.374204 8.752768 4.720042
v 7.419697 8.805047 4.426956
v 7.201933 8.745688 4.449430
v 7.142894 8.714910 4.757284
v 7.724701 8.835485 4.219327
v 7.478020 8.749648 4.175018
v 6.504576 8.068339 4.260473
v 7.284346 8.687815 4.162079
v 7.778414 8.740402 4.059492
v 7.550508 8.632884 3.973979
v 6.605783 7.880987 4.011613
v 7.370327 8.557391 3.933301
v 7.851537 8.594772 3.941550
v 7.639716 8.446157 3.809664
v 7.464964 8.338196 3.742805
v 7.927631 8.389284 3.882497
v 7.732857 8.177325 3.719109
v 7.561508 8.023458 3.640639
v 7.497331 7.597895 6.300318
v 7.820206 7.503529 6.222656
v 7.230196 7.597720 6.768098
v 7.560641 7.525461 6.542451
v 6.913040 7.855917 6.529576
v 6.934595 7.678354 6.826305
v 6.786744 8.194548 6.063821
v 6.772252 8.333174 6.208557
v 6.561741 8.247420 5.831292
v 6.831185 8.473530 5.057245
v 6.829056 8.361247 5.480929
v 6.680795 8.310503 5.392635
v 8.567603 8.347355 5.030558
v 8.452542 8.564859 5.003358
v 8.336085 8.445673 4.496428
v 8.307955 8.690888 4.929176
v 8.147344 8.760630 4.812866
v 7.990952 8.774468 4.668275
v 7.857109 8.729344 4.526736
v 8.614063 8.372741 5.321468
v 8.466078 8.640271 5.290825
v 8.460221 8.128077 5.662939
v 8.267532 8.469267 5.611001
v 8.332085 7.931489 5.941251
v 8.122237 8.294569 5.865535
v 8.265793 8.828138 5.203250
v 8.020304 8.703559 5.489416
v 7.844502 8.581813 5.707954
v 7.236406 7.899852 6.147872
v 8.051327 8.933081 5.050518
v 7.768007 8.843317 5.307894
v 7.571315 8.743160 5.513810
v 6.998461 8.085295 5.889645
v 7.827810 8.961339 4.828298
v 7.488559 8.901216 5.043752
v 7.295082 8.845308 5.201260
v 7.622677 8.892902 4.600785
v 7.251130 8.848935 4.756665
v 7.049857 8.809280 4.848827
v 7.789075 7.458956 6.151342
v 7.523526 7.432127 6.515223
v 7.187757 7.498967 6.740557
v 7.469195 7.521732 6.252934
v 6.867642 7.572701 6.858252
v 6.850710 7.737398 6.538140
v 6.705717 8.243023 6.219118
v 6.719790 8.082260 6.059610
v 6.517331 8.132047 5.812672
v 6.845173 8.278857 5.447883
v 6.691534 8.217662 5.377252
v 6.861052 8.386675 5.038559
v 8.260019 8.347488 4.513834
v 8.348834 8.459736 5.012658
v 8.463165 8.262977 5.042797
v 8.212471 8.574346 4.942161
v 8.060115 8.638041 4.833533
v 7.912515 8.649408 4.701391
v 7.782756 8.604156 4.565735
v 8.519932 8.281418 5.296067
v 8.378009 8.536867 5.268829
v 8.387828 8.052248 5.607819
v 8.204430 8.381137 5.557388
v 8.081064 8.223058 5.793359
v 8.290315 7.885828 5.872264
v 8.187172 8.707144 5.182133
v 7.975584 8.597877 5.442354
v 7.226458 7.820591 6.096396
v 7.825383 8.493032 5.643959
v 7.979790 8.800339 5.038194
v 7.730810 8.722666 5.268194
v 6.991170 7.994927 5.847148
v 7.565831 8.643628 5.458236
v 7.766603 8.822900 4.840279
v 7.464249 8.774623 5.018740
v 7.307642 8.743144 5.149291
v 7.568541 8.753347 4.626488
v 7.237062 8.723584 4.742631
v 7.065942 8.698614 4.819011
v 8.473113 6.148274 4.893744
v 8.318922 6.023067 4.637005
v 8.800675 5.946921 5.014193
v 8.582121 6.032339 4.718566
v 8.750359 5.979589 5.562644
v 8.818180 5.790776 5.363893
v 8.665258 6.308197 5.987052
v 8.831579 6.145126 6.047348
v 8.516001 6.595751 6.299987
v 8.279374 7.511361 6.031346
v 8.453303 7.136434 6.029418
v 8.307714 7.151499 6.142585
v 8.677315 7.968734 4.208100
v 8.819132 8.027209 4.449549
v 8.321239 8.456686 4.553223
v 8.832685 8.050092 4.722250
v 8.794681 8.142210 4.951536
v 8.707314 8.253552 5.139701
v 8.576639 8.343444 5.279875
v 8.743370 7.576618 4.086872
v 9.008611 7.721538 4.407439
v 8.555098 6.981970 4.057210
v 8.875410 7.117629 4.509511
v 8.537003 6.606455 4.145510
v 8.809519 6.708868 4.598793
v 9.148057 7.816178 4.827696
v 9.079092 7.256940 5.050445
v 9.010566 6.854269 5.189632
v 8.548803 6.129911 5.430856
v 9.089149 7.900484 5.141208
v 9.018351 7.374732 5.415077
v 8.988066 7.059873 5.554168
v 8.511566 6.423383 5.790415
v 8.858370 7.990308 5.441343
v 8.749243 7.638098 5.710243
v 8.780423 7.469618 5.851259
v 8.609344 8.190231 5.572979
v 8.463067 7.906096 5.846373
v 8.444112 7.779378 6.004208
v 8.229981 6.025419 4.681140
v 8.475430 5.975813 4.745217
v 8.690264 5.921185 5.022913
v 8.355936 6.080402 4.939608
v 8.724544 5.687175 5.392612
v 8.636193 5.902729 5.581928
v 8.748279 6.089705 6.076931
v 8.550231 6.257894 6.015656
v 8.393677 6.557580 6.309665
v 8.371284 7.138925 5.973599
v 8.228425 7.129442 6.092438
v 8.209036 7.502700 5.973227
v 8.227491 8.370450 4.595868
v 8.698677 7.925609 4.514904
v 8.580667 7.879666 4.278329
v 8.707177 7.944120 4.777708
v 8.675637 8.032749 4.997259
v 8.600328 8.139111 5.174906
v 8.472741 8.232194 5.304708
v 8.662863 7.513578 4.148294
v 8.884246 7.658913 4.455154
v 8.488609 6.966773 4.113968
v 8.756873 7.106678 4.540769
v 8.700223 6.736810 4.608929
v 8.454195 6.634488 4.170471
v 8.998428 7.730128 4.874475
v 8.947620 7.240411 5.059268
v 8.432700 6.100599 5.435395
v 8.895677 6.877871 5.180503
v 8.942255 7.810520 5.179023
v 8.883051 7.360515 5.417774
v 8.403543 6.416962 5.775762
v 8.876293 7.088996 5.528718
v 8.726674 7.912301 5.448843
v 8.632050 7.637879 5.674501
v 8.658599 7.502930 5.790732
v 8.487789 8.109051 5.564396
v 8.362982 7.877369 5.816188
v 8.347667 7.769725 5.949876
v 6.942936 7.021092 3.666348
v 6.820292 7.349171 3.754563
v 6.787137 6.654180 3.303585
v 6.751837 7.023712 3.501111
v 7.185366 6.427681 3.383762
v 6.901547 6.355183 3.236767
v 7.701234 6.458614 3.588988
v 7.736018 6.443435 3.391846
v 7.918950 6.283852 3.772196
v 8.392201 6.759539 4.260232
v 8.100461 6.650969 3.973256
v 8.148686 6.505576 4.088749
v 7.846250 8.555931 4.171924
v 8.063984 8.501137 4.071795
v 8.371151 8.597237 4.475440
v 8.251841 8.416752 4.062454
v 8.428477 8.322421 4.120415
v 8.568317 8.216796 4.240826
v 8.640196 8.097225 4.400787
v 7.682260 8.520205 3.935063
v 7.936658 8.428591 3.822288
v 7.376497 8.244858 3.805160
v 7.708421 8.126486 3.672345
v 7.130152 8.018189 3.697934
v 7.494839 7.891318 3.573969
v 8.175550 8.278637 3.806474
v 8.011385 7.943973 3.662831
v 7.863299 7.695323 3.567031
v 7.314949 6.844369 3.645272
v 8.400692 8.127481 3.886552
v 8.276218 7.749628 3.756735
v 8.155690 7.485555 3.661353
v 7.646820 6.688379 3.775764
v 8.615822 7.980467 4.063323
v 8.535457 7.536787 3.964483
v 8.463832 7.283926 3.887580
v 8.742392 7.810666 4.305837
v 8.707417 7.340633 4.252913
v 8.681278 7.094337 4.222192
v 6.831498 7.322132 3.841752
v 6.706970 6.971895 3.579997
v 6.739934 6.595846 3.386291
v 6.918157 6.985981 3.751363
v 6.826780 6.258512 3.276372
v 7.111361 6.337750 3.449603
v 7.683143 6.354568 3.440330
v 7.639453 6.367715 3.662297
v 7.855634 6.218344 3.857121
v 8.051468 6.657265 4.045867
v 8.084770 6.500733 4.153156
v 8.328917 6.776233 4.322226
v 8.313913 8.499123 4.522430
v 8.018648 8.380681 4.127001
v 7.812536 8.435033 4.214807
v 8.194688 8.303321 4.120303
v 8.358204 8.211694 4.176836
v 8.484840 8.107981 4.289186
v 8.551246 7.989546 4.444879
v 7.654119 8.409807 4.016524
v 7.897238 8.322555 3.906311
v 7.368325 8.165830 3.900447
v 7.687800 8.054206 3.772511
v 7.489443 7.848635 3.678071
v 7.142417 7.979530 3.784789
v 8.122915 8.182559 3.896798
v 7.969368 7.885728 3.765840
v 7.284758 6.828133 3.733762
v 7.834876 7.670184 3.672130
v 8.336479 8.039895 3.973606
v 8.219706 7.698264 3.860151
v 7.603245 6.670843 3.862874
v 8.111308 7.470586 3.764324
v 8.529866 7.893895 4.134384
v 8.466274 7.498700 4.056460
v 8.412256 7.288848 3.986485
v 8.644537 7.725371 4.367288
v 8.629511 7.309105 4.334887
v 8.611537 7.096874 4.307220
vt 0.260065 0.699813
vt 0.231198 0.661138
vt 0.228157 0.594136
vt 0.240404 0.641211
vt 0.187202 0.576584
vt 0.208099 0.549572
vt 0.118241 0.575536
vt 0.124462 0.544747
vt 0.067227 0.600669
vt 0.063590 0.687774
vt 0.035117 0.746308
vt 0.036095 0.669925
vt 0.269313 0.882343
vt 0.297562 0.873969
vt 0.301201 0.943298
vt 0.248828 0.892982
vt 0.232031 0.906993
vt 0.219184 0.924504
vt 0.210971 0.946188
vt 0.287968 0.846194
vt 0.255824 0.856961
vt 0.283480 0.805736
vt 0.244072 0.821710
vt 0.276496 0.774821
vt 0.235359 0.792178
vt 0.229723 0.869010
vt 0.208755 0.836819
vt 0.197020 0.809962
vt 0.174214 0.672082
vt 0.207742 0.882828
vt 0.178113 0.853561
vt 0.160724 0.826050
vt 0.122337 0.678120
vt 0.188368 0.902348
vt 0.147017 0.874470
vt 0.120757 0.842960
vt 0.169667 0.927750
vt 0.110672 0.894975
vt 0.077317 0.853896
vt 0.270025 0.697177
vt 0.255817 0.634346
vt 0.245688 0.588571
vt 0.275587 0.649750
vt 0.219912 0.533482
vt 0.261833 0.547604
vt 0.117892 0.527162
vt 0.328794 0.516383
vt 0.053588 0.592068
vt 0.429377 0.604635
vt 0.022227 0.664307
vt 0.022157 0.748174
vt 0.337785 0.869976
vt 0.315535 0.953558
vt 0.313056 0.873531
vt 0.358320 0.871931
vt 0.377618 0.877678
vt 0.395012 0.887457
vt 0.209541 0.963508
vt 0.303411 0.842948
vt 0.338057 0.841330
vt 0.296029 0.801133
vt 0.335258 0.805337
vt 0.330969 0.774934
vt 0.286401 0.772051
vt 0.365336 0.842518
vt 0.371301 0.806266
vt 0.330868 0.638640
vt 0.370309 0.778368
vt 0.389855 0.845891
vt 0.404079 0.808793
vt 0.376554 0.622215
vt 0.408115 0.778629
vt 0.415260 0.854101
vt 0.440474 0.811840
vt 0.448918 0.774601
vt 0.159931 0.941121
vt 0.095863 0.901779
vt 0.064406 0.855931
vt 0.483884 0.807013
vt 0.492590 0.758271
vt 0.477618 0.646986
vt 0.444859 0.867618
vt 0.409630 0.903592
vt 0.443954 0.574188
vt 0.388060 0.522577
vt 0.308257 0.485825
vt 0.717768 0.960004
vt 0.761162 0.931995
vt 0.855366 0.914974
vt 0.792926 0.954019
vt 0.842589 0.856688
vt 0.884325 0.866508
vt 0.792203 0.821077
vt 0.812744 0.813860
vt 0.791949 0.785460
vt 0.748835 0.771263
vt 0.738204 0.725628
vt 0.763771 0.753681
vt 0.544282 0.686295
vt 0.509682 0.686643
vt 0.599702 0.582111
vt 0.570733 0.677556
vt 0.595659 0.665066
vt 0.619915 0.651622
vt 0.641468 0.638305
vt 0.509340 0.756898
vt 0.545335 0.740173
vt 0.540197 0.854491
vt 0.568599 0.808239
vt 0.593191 0.910995
vt 0.602316 0.857404
vt 0.575837 0.724407
vt 0.598942 0.777250
vt 0.625869 0.812234
vt 0.761465 0.878134
vt 0.602029 0.706707
vt 0.627695 0.748489
vt 0.651229 0.777707
vt 0.758294 0.831442
vt 0.630288 0.683990
vt 0.659385 0.716201
vt 0.676597 0.737171
vt 0.660943 0.661572
vt 0.690777 0.685856
vt 0.705621 0.699879
vt 0.961007 0.684667
vt 0.968940 0.763998
vt 0.937526 0.828430
vt 0.942435 0.731360
vt 0.894043 0.855142
vt 0.882672 0.820735
vt 0.822028 0.805245
vt 0.831164 0.780391
vt 0.801946 0.774091
vt 0.787568 0.727568
vt 0.772610 0.745726
vt 0.745971 0.720193
vt 0.710082 0.540099
vt 0.620700 0.579678
vt 0.709055 0.511225
vt 0.702442 0.563725
vt 0.690105 0.586647
vt 0.675351 0.608296
vt 0.658618 0.627205
vt 0.764583 0.501792
vt 0.754869 0.538344
vt 0.850201 0.527800
vt 0.811779 0.555393
vt 0.857419 0.581711
vt 0.905933 0.567090
vt 0.740995 0.567706
vt 0.785757 0.585769
vt 0.889757 0.732968
vt 0.817448 0.606685
vt 0.724153 0.593629
vt 0.759280 0.615085
vt 0.845063 0.735631
vt 0.785781 0.632944
vt 0.702183 0.621076
vt 0.728863 0.646497
vt 0.746794 0.659723
vt 0.676676 0.650534
vt 0.702829 0.677554
vt 0.714729 0.693323
vt 0.982001 0.767400
vt 0.945612 0.840723
vt 0.972066 0.683582
vt 0.700517 0.496575
vt 0.760895 0.482908
vt 0.852507 0.511899
vt 0.915201 0.557814
vt 0.519444 0.206840
vt 0.476076 0.198422
vt 0.463671 0.142848
vt 0.494848 0.179384
vt 0.392235 0.120676
vt 0.425611 0.107496
vt 0.326148 0.133157
vt 0.313895 0.107699
vt 0.290312 0.153184
vt 0.292733 0.206640
vt 0.262745 0.231675
vt 0.272649 0.201880
vt 0.322607 0.405060
vt 0.332517 0.434914
vt 0.237475 0.418580
vt 0.307547 0.381281
vt 0.287479 0.364110
vt 0.266114 0.351035
vt 0.245290 0.341351
vt 0.391968 0.420681
vt 0.363477 0.387438
vt 0.471266 0.376563
vt 0.423367 0.338569
vt 0.499900 0.327216
vt 0.452542 0.292005
vt 0.338064 0.352180
vt 0.377367 0.299702
vt 0.397585 0.255905
vt 0.407480 0.157362
vt 0.317059 0.332184
vt 0.343357 0.279793
vt 0.355475 0.246785
vt 0.352385 0.159802
vt 0.286172 0.314879
vt 0.296746 0.273815
vt 0.304333 0.253642
vt 0.251164 0.312217
vt 0.255932 0.275044
vt 0.261551 0.258630
vt 0.069237 0.096638
vt 0.091758 0.070257
vt 0.137428 0.050146
vt 0.108198 0.095658
vt 0.196842 0.033412
vt 0.217410 0.065442
vt 0.302274 0.097751
vt 0.269169 0.114039
vt 0.276944 0.150194
vt 0.241365 0.198071
vt 0.262220 0.200079
vt 0.254914 0.229916
vt 0.140746 0.364494
vt 0.222337 0.423289
vt 0.119489 0.386082
vt 0.163448 0.349140
vt 0.186912 0.340581
vt 0.209356 0.335691
vt 0.230491 0.334819
vt 0.068309 0.340953
vt 0.110006 0.330937
vt 0.022596 0.262985
vt 0.079883 0.259772
vt 0.075879 0.207304
vt 0.017917 0.211438
vt 0.147484 0.308407
vt 0.135486 0.247398
vt 0.180622 0.093569
vt 0.137549 0.200451
vt 0.174157 0.298356
vt 0.173314 0.243770
vt 0.222605 0.125539
vt 0.174999 0.211923
vt 0.207181 0.295461
vt 0.213701 0.259312
vt 0.214799 0.241320
vt 0.239318 0.305127
vt 0.247212 0.270903
vt 0.252447 0.256109
vt 0.473912 0.135285
vt 0.507934 0.178614
vt 0.530481 0.204313
vt 0.426617 0.090394
vt 0.331586 0.451701
vt 0.402552 0.427376
vt 0.480316 0.381218
vt 0.508738 0.331165
vt 0.731460 0.206839
vt 0.693622 0.205778
vt 0.682420 0.153131
vt 0.707519 0.181550
vt 0.635375 0.174927
vt 0.660008 0.133954
vt 0.589987 0.239804
vt 0.579981 0.218384
vt 0.559960 0.269415
vt 0.591130 0.326367
vt 0.595766 0.386706
vt 0.570673 0.334696
vt 0.804328 0.349822
vt 0.819580 0.331085
vt 0.842679 0.380516
vt 0.794741 0.367649
vt 0.789346 0.387201
vt 0.788061 0.407919
vt 0.790792 0.430356
vt 0.802123 0.313043
vt 0.783904 0.334056
vt 0.783076 0.282462
vt 0.755822 0.310361
vt 0.766662 0.259252
vt 0.737121 0.287477
vt 0.767957 0.355158
vt 0.733237 0.337252
vt 0.709169 0.318393
vt 0.651279 0.231161
vt 0.757161 0.379399
vt 0.714195 0.365384
vt 0.685809 0.346509
vt 0.614759 0.264579
vt 0.752040 0.409708
vt 0.696765 0.400640
vt 0.666498 0.383970
vt 0.747014 0.441193
vt 0.678881 0.437131
vt 0.646773 0.423162
vt 0.739517 0.201275
vt 0.715901 0.173781
vt 0.691559 0.142931
vt 0.745116 0.165651
vt 0.664263 0.115628
vt 0.716440 0.100545
vt 0.778966 0.050411
vt 0.798999 0.071701
vt 0.841747 0.060494
vt 0.885493 0.117699
vt 0.897707 0.099446
vt 0.938972 0.141118
vt 0.848421 0.320078
vt 0.854367 0.381047
vt 0.828766 0.323420
vt 0.866074 0.319950
vt 0.884617 0.322061
vt 0.904809 0.326323
vt 0.926911 0.333400
vt 0.812246 0.304032
vt 0.838862 0.295092
vt 0.792143 0.273509
vt 0.826245 0.262207
vt 0.811086 0.237293
vt 0.773477 0.253331
vt 0.862851 0.290653
vt 0.857142 0.252228
vt 0.779895 0.134880
vt 0.847158 0.224608
vt 0.888390 0.289703
vt 0.888141 0.244679
vt 0.819965 0.112998
vt 0.878972 0.213400
vt 0.916793 0.292005
vt 0.925072 0.239053
vt 0.919825 0.208905
vt 0.949573 0.292328
vt 0.963767 0.229754
vt 0.962483 0.198261
vt 0.573201 0.209818
vt 0.545772 0.270914
vt 0.586975 0.392154
vt 0.560538 0.337638
vt 0.794082 0.446083
vt 0.741098 0.454481
vt 0.673118 0.449049
vt 0.639567 0.431319
vn -0.613716 0.789107 0.025760
vn -0.487191 0.820601 -0.298762
vn -0.209667 0.889576 -0.405825
vn -0.098528 0.866112 -0.490043
vn 0.032506 0.809105 -0.586764
vn 0.807263 0.517752 -0.283303
vn -0.045208 0.798213 -0.600677
vn 0.752525 0.635295 -0.173513
vn -0.245853 0.712499 -0.657192
vn -0.320977 0.489111 -0.811014
vn -0.174429 0.189829 -0.966199
vn -0.047070 0.289887 -0.955903
vn 0.581754 0.800733 0.142790
vn 0.558604 0.788178 0.258337
vn 0.689864 0.718800 -0.086112
vn 0.626134 0.773978 -0.094418
vn 0.685507 0.682575 -0.253321
vn 0.767522 0.525526 -0.367058
vn 0.805595 0.426308 -0.411435
vn 0.034998 0.980348 0.194148
vn 0.053027 0.998575 0.005961
vn -0.248865 0.960913 0.121295
vn -0.271550 0.960599 -0.059243
vn -0.560729 0.826624 0.047704
vn -0.563299 0.807024 -0.177217
vn 0.074660 0.945091 -0.318163
vn -0.257527 0.880021 -0.399053
vn -0.544589 0.703744 -0.456253
vn -0.480153 0.721536 -0.498837
vn 0.186443 0.805920 -0.561901
vn -0.138150 0.729663 -0.669706
vn -0.470576 0.581945 -0.663249
vn -0.419286 0.617154 -0.665823
vn 0.374051 0.591670 -0.714152
vn 0.081044 0.507816 -0.857645
vn -0.327000 0.437316 -0.837750
vn 0.455309 0.424922 -0.782391
vn 0.161656 0.367237 -0.915972
vn -0.142755 0.208989 -0.967442
vn 0.616288 -0.787321 -0.017745
vn 0.145306 -0.860324 0.488599
vn 0.224279 -0.890214 0.396506
vn 0.472059 -0.824844 0.311116
vn -0.757820 -0.562521 0.330574
vn -0.039290 -0.803625 0.593838
vn -0.705277 -0.676075 0.213322
vn 0.041364 -0.803486 0.593885
vn 0.251059 -0.710760 0.657107
vn 0.316427 -0.495257 0.809070
vn 0.031161 -0.265105 0.963716
vn 0.166915 -0.180344 0.969338
vn -0.611563 -0.779877 -0.133350
vn -0.696167 -0.709189 0.111363
vn -0.586019 -0.773185 -0.242419
vn -0.657659 -0.747594 0.092670
vn -0.712387 -0.655761 0.249965
vn -0.784118 -0.503137 0.363333
vn -0.816245 -0.410655 0.406334
vn -0.049930 -0.979784 -0.193729
vn -0.074681 -0.997189 -0.006143
vn 0.209730 -0.970414 -0.119624
vn 0.246679 -0.967515 0.055357
vn 0.562953 -0.805660 0.184380
vn 0.558993 -0.828205 -0.040038
vn -0.102979 -0.941293 0.321500
vn 0.239126 -0.883772 0.402202
vn 0.474453 -0.723224 0.501838
vn 0.545497 -0.701028 0.459339
vn -0.214655 -0.797692 0.563569
vn 0.116601 -0.729569 0.673894
vn 0.412468 -0.620062 0.667378
vn 0.472191 -0.580619 0.663263
vn -0.395332 -0.578061 0.713834
vn -0.108624 -0.498906 0.859822
vn 0.330733 -0.437938 0.835959
vn -0.470200 -0.412530 0.780213
vn -0.186011 -0.361019 0.913819
vn 0.136629 -0.198931 0.970443
vn -0.644908 0.358744 0.674831
vn -0.644908 0.358744 0.674831
vn -0.644908 0.358744 0.674831
vn -0.644908 0.358744 0.674831
vn -0.463378 0.176333 0.868440
vn -0.463378 0.176333 0.868440
vn -0.463378 0.176333 0.868440
vn -0.463378 0.176333 0.868440
vn -0.771750 0.480267 0.416828
vn -0.771750 0.480267 0.416828
vn -0.771750 0.480267 0.416828
vn -0.771750 0.480267 0.416828
vn -0.756439 0.292593 -0.584970
vn -0.756438 0.292593 -0.584970
vn -0.756438 0.292593 -0.584970
vn -0.756438 0.292593 -0.584970
vn -0.312770 -0.268016 -0.911231
vn -0.312770 -0.268016 -0.911231
vn -0.312770 -0.268016 -0.911231
vn -0.312770 -0.268016 -0.911231
vn 0.330631 -0.794310 -0.509662
vn 0.330631 -0.794310 -0.509662
vn 0.330631 -0.794310 -0.509662
vn 0.330631 -0.794310 -0.509662
vn 0.015694 -0.647441 -0.761954
vn 0.015694 -0.647441 -0.761954
vn 0.015694 -0.647441 -0.761954
vn 0.015694 -0.647441 -0.761954
vn 0.227842 -0.020197 0.973489
vn 0.227842 -0.020197 0.973489
vn 0.227842 -0.020197 0.973489
vn 0.227842 -0.020197 0.973489
vn 0.726548 -0.591465 -0.349711
vn 0.726548 -0.591465 -0.349711
vn 0.726548 -0.591465 -0.349711
vn 0.726548 -0.591465 -0.349711
vn 0.020695 0.001344 0.999785
vn 0.020695 0.001344 0.999785
vn 0.020695 0.001344 0.999785
vn 0.020695 0.001344 0.999785
vn 0.219507 0.033009 0.975053
vn 0.219507 0.033009 0.975053
vn 0.219507 0.033009 0.975053
vn 0.219507 0.033009 0.975052
vn 0.006030 0.080700 0.996720
vn 0.006030 0.080700 0.996720
vn 0.006030 0.080700 0.996720
vn 0.006030 0.080700 0.996720
vn 0.138543 0.080627 0.987069
vn 0.138543 0.080627 0.987069
vn 0.138543 0.080627 0.987069
vn 0.138543 0.080627 0.987069
vn 0.721342 -0.632156 -0.282920
vn 0.721342 -0.632156 -0.282920
vn 0.721342 -0.632156 -0.282920
vn 0.721342 -0.632156 -0.282920
vn 0.789784 -0.561891 -0.246009
vn 0.789784 -0.561891 -0.246009
vn 0.789784 -0.561891 -0.246009
vn 0.789784 -0.561891 -0.246009
vn 0.557561 -0.699778 -0.446583
vn 0.557561 -0.699778 -0.446583
vn 0.557561 -0.699778 -0.446583
vn 0.557561 -0.699778 -0.446583
vn 0.703195 -0.584511 -0.404800
vn 0.703195 -0.584511 -0.404800
vn 0.703195 -0.584511 -0.404800
vn 0.703195 -0.584511 -0.404800
vn 0.284301 0.377472 0.881299
vn 0.273822 0.643978 0.714363
vn 0.461058 0.804359 0.374742
vn 0.325269 0.925935 0.191949
vn 0.690314 0.669706 0.273788
vn 0.533984 0.752861 0.384787
vn 0.572212 0.791460 0.214857
vn 0.940397 0.335405 -0.056193
vn 0.256395 0.936097 0.240799
vn -0.380266 0.796770 0.469633
vn -0.638850 0.721777 0.266287
vn -0.389785 0.911597 0.130608
vn 0.806264 0.541986 -0.237044
vn 0.870933 0.442101 -0.214530
vn 0.643287 0.649380 -0.405570
vn 0.646195 0.704936 -0.292400
vn 0.525250 0.762025 -0.378723
vn 0.418556 0.759566 -0.497867
vn 0.357008 0.745516 -0.562806
vn 0.770264 0.483492 0.415848
vn 0.672110 0.638228 0.375410
vn 0.624628 0.457832 0.632637
vn 0.500964 0.579347 0.642956
vn 0.349516 0.349498 0.869304
vn 0.233307 0.482687 0.844145
vn 0.431589 0.851283 0.298410
vn 0.239971 0.782810 0.574128
vn -0.011026 0.633580 0.773598
vn 0.145533 0.689058 0.709943
vn 0.222461 0.967377 0.121214
vn 0.018947 0.923714 0.382615
vn -0.239570 0.737348 0.631604
vn -0.053113 0.789428 0.611541
vn 0.072983 0.992119 -0.101854
vn -0.132138 0.983305 0.125106
vn -0.411577 0.805332 0.426667
vn -0.036883 0.974931 -0.219428
vn -0.200362 0.979493 -0.021195
vn -0.551131 0.806524 0.213948
vn -0.291905 -0.388822 -0.873847
vn -0.306368 -0.918418 -0.250295
vn -0.436470 -0.805280 -0.401270
vn -0.280109 -0.668662 -0.688789
vn -0.617536 -0.724916 -0.305200
vn -0.686400 -0.669505 -0.283935
vn -0.950081 -0.306977 0.055773
vn -0.544295 -0.798696 -0.256569
vn -0.213946 -0.931192 -0.295142
vn 0.359655 -0.809504 -0.464061
vn 0.412461 -0.903796 -0.114143
vn 0.628170 -0.737135 -0.249066
vn -0.792824 -0.550982 0.260477
vn -0.616749 -0.690418 0.378079
vn -0.856634 -0.457082 0.239276
vn -0.635715 -0.704500 0.315510
vn -0.512723 -0.761950 0.395661
vn -0.402130 -0.760350 0.510058
vn -0.345714 -0.743908 0.571911
vn -0.773123 -0.487464 -0.405783
vn -0.675327 -0.646715 -0.354531
vn -0.640752 -0.472805 -0.604890
vn -0.513956 -0.587439 -0.625112
vn -0.237371 -0.493722 -0.836596
vn -0.358151 -0.359952 -0.861488
vn -0.428672 -0.863540 -0.265594
vn -0.242614 -0.797320 -0.552648
vn -0.146944 -0.702006 -0.696846
vn 0.010157 -0.643173 -0.765654
vn -0.223705 -0.970104 -0.094100
vn -0.028548 -0.932846 -0.359142
vn 0.033404 -0.801681 -0.596818
vn 0.234508 -0.744361 -0.625247
vn -0.081238 -0.989011 0.123521
vn 0.111557 -0.989217 -0.094900
vn 0.400472 -0.815177 -0.418460
vn 0.023445 -0.969569 0.243694
vn 0.173113 -0.983304 0.056088
vn 0.548376 -0.812343 -0.198452
vn 0.450121 -0.412273 0.792100
vn 0.450121 -0.412273 0.792100
vn 0.450121 -0.412273 0.792100
vn 0.450121 -0.412273 0.792100
vn 0.613511 -0.637052 0.466658
vn 0.613511 -0.637052 0.466658
vn 0.613511 -0.637052 0.466658
vn 0.613511 -0.637052 0.466658
vn 0.247047 -0.111470 0.962571
vn 0.247047 -0.111470 0.962571
vn 0.247047 -0.111470 0.962571
vn 0.247047 -0.111470 0.962571
vn -0.533018 0.509947 0.675163
vn -0.533018 0.509947 0.675163
vn -0.533018 0.509947 0.675163
vn -0.533018 0.509947 0.675163
vn -0.839795 0.440918 0.316758
vn -0.839795 0.440918 0.316758
vn -0.839795 0.440918 0.316758
vn -0.839795 0.440918 0.316758
vn -0.876181 -0.108981 -0.469500
vn -0.876181 -0.108981 -0.469500
vn -0.876181 -0.108981 -0.469500
vn -0.876181 -0.108981 -0.469500
vn -0.938987 0.197804 -0.281384
vn -0.938987 0.197804 -0.281384
vn -0.938987 0.197804 -0.281384
vn -0.938987 0.197804 -0.281384
vn 0.628348 -0.682021 -0.374202
vn 0.628348 -0.682021 -0.374202
vn 0.628348 -0.682021 -0.374202
vn 0.628348 -0.682021 -0.374202
vn -0.161847 -0.137756 -0.977153
vn -0.161847 -0.137756 -0.977154
vn -0.161847 -0.137756 -0.977154
vn -0.161847 -0.137756 -0.977153
vn 0.663671 -0.745118 -0.065884
vn 0.663671 -0.745118 -0.065884
vn 0.663671 -0.745118 -0.065884
vn 0.663671 -0.745118 -0.065884
vn 0.736257 -0.658605 -0.155453
vn 0.736257 -0.658605 -0.155453
vn 0.736257 -0.658605 -0.155453
vn 0.736257 -0.658605 -0.155453
vn 0.677122 -0.726740 0.115564
vn 0.677122 -0.726740 0.115564
vn 0.677122 -0.726740 0.115563
vn 0.677122 -0.726740 0.115564
vn 0.773127 -0.626680 -0.097709
vn 0.773127 -0.626680 -0.097709
vn 0.773127 -0.626680 -0.097709
vn 0.773126 -0.626680 -0.097709
vn -0.331069 -0.069312 -0.941057
vn -0.331069 -0.069312 -0.941057
vn -0.331069 -0.069312 -0.941057
vn -0.331069 -0.069312 -0.941057
vn -0.365189 0.053083 -0.929419
vn -0.365189 0.053083 -0.929419
vn -0.365189 0.053083 -0.929419
vn -0.365189 0.053083 -0.929419
vn -0.714826 0.005410 -0.699282
vn -0.714826 0.005410 -0.699282
vn -0.714826 0.005410 -0.699282
vn -0.714826 0.005410 -0.699282
vn -0.430032 0.161361 -0.888276
vn -0.430032 0.161361 -0.888276
vn -0.430032 0.161361 -0.888276
vn -0.430032 0.161361 -0.888276
vn 0.819317 -0.476170 -0.319345
vn 0.902400 -0.366896 -0.225967
vn 0.581046 0.812012 -0.054980
vn 0.391295 0.860572 -0.326042
vn 0.713433 0.659641 -0.236402
vn 0.924285 0.379194 -0.043705
vn 0.862846 0.455092 -0.219972
vn 0.721939 0.615686 -0.315809
vn 0.958396 0.280899 -0.050714
vn 0.680646 -0.021993 0.732282
vn 0.370660 0.075377 0.925705
vn 0.594791 0.364008 0.716745
vn 0.672455 0.623994 -0.398039
vn 0.632666 0.501720 -0.589924
vn 0.602217 0.767662 -0.219156
vn 0.674506 0.715090 -0.183545
vn 0.659869 0.749454 -0.053764
vn 0.651361 0.754345 0.081807
vn 0.652147 0.741321 0.158582
vn 0.814474 -0.128442 -0.565805
vn 0.899301 -0.009099 -0.437236
vn 0.829332 -0.225219 -0.511356
vn 0.887938 -0.235935 -0.394842
vn 0.823340 -0.413916 -0.388311
vn 0.854199 -0.440763 -0.275813
vn 0.984298 0.093604 -0.149651
vn 0.980345 -0.169325 -0.101254
vn 0.906897 -0.420027 0.033395
vn 0.995098 -0.098626 0.007249
vn 0.911352 0.317515 0.261956
vn 0.934945 0.078778 0.345936
vn 0.818073 -0.233648 0.525514
vn 0.954804 -0.089482 0.283447
vn 0.761222 0.398470 0.511627
vn 0.770673 0.302912 0.560631
vn 0.672593 0.005995 0.739989
vn 0.684608 0.475303 0.552630
vn 0.668117 0.401500 0.626432
vn 0.517341 0.242012 0.820846
vn -0.832335 0.449468 0.324341
vn -0.382931 -0.890975 0.243983
vn -0.587098 -0.808797 0.034124
vn -0.925990 0.309963 0.215558
vn -0.899252 -0.432243 0.067174
vn -0.730161 -0.634492 0.253546
vn -0.670672 -0.636165 0.381436
vn -0.881167 -0.423737 0.209745
vn -0.972977 -0.230862 0.004238
vn -0.699180 -0.001077 -0.714945
vn -0.579057 -0.371473 -0.725741
vn -0.402938 -0.086892 -0.911093
vn -0.681749 -0.648001 0.339578
vn -0.648357 -0.736764 0.191864
vn -0.648467 -0.541980 0.534554
vn -0.682271 -0.713279 0.160435
vn -0.679809 -0.730246 0.067824
vn -0.669941 -0.738979 -0.071331
vn -0.660303 -0.735527 -0.151659
vn -0.850803 0.122525 0.511000
vn -0.916461 -0.025015 0.399341
vn -0.858020 0.221376 0.463459
vn -0.903751 0.226733 0.363079
vn -0.863691 0.430566 0.262012
vn -0.831299 0.418425 0.365873
vn -0.984615 -0.111057 0.134909
vn -0.983461 0.151355 0.099476
vn -0.996362 0.085136 0.003751
vn -0.914474 0.402383 -0.042722
vn -0.912257 -0.322414 -0.252660
vn -0.936946 -0.096865 -0.335781
vn -0.962144 0.073300 -0.262500
vn -0.819442 0.211038 -0.532896
vn -0.763430 -0.414432 -0.495399
vn -0.766774 -0.317098 -0.558128
vn -0.670955 -0.026804 -0.741013
vn -0.689425 -0.490108 -0.533373
vn -0.673460 -0.419785 -0.608467
vn -0.523391 -0.228975 -0.820751
vn 0.263353 -0.872231 -0.412138
vn 0.263353 -0.872231 -0.412138
vn 0.263353 -0.872231 -0.412138
vn 0.263353 -0.872231 -0.412138
vn 0.068251 -0.874326 -0.480516
vn 0.068251 -0.874326 -0.480516
vn 0.068251 -0.874326 -0.480516
vn 0.068251 -0.874326 -0.480516
vn 0.415011 -0.786919 -0.456646
vn 0.415011 -0.786919 -0.456646
vn 0.415011 -0.786919 -0.456646
vn 0.415011 -0.786919 -0.456646
vn 0.688365 -0.642427 0.336811
vn 0.688365 -0.642427 0.336811
vn 0.688364 -0.642427 0.336811
vn 0.688365 -0.642427 0.336811
vn 0.296877 -0.267751 0.916610
vn 0.296877 -0.267751 0.916610
vn 0.296877 -0.267751 0.916610
vn 0.296877 -0.267751 0.916610
vn -0.601027 0.203795 0.772809
vn -0.601027 0.203795 0.772809
vn -0.601027 0.203795 0.772809
vn -0.601027 0.203795 0.772809
vn -0.256448 0.227178 0.939481
vn -0.256448 0.227178 0.939481
vn -0.256448 0.227178 0.939481
vn -0.256448 0.227178 0.939481
vn -0.585154 0.119052 -0.802135
vn -0.585154 0.119052 -0.802135
vn -0.585154 0.119052 -0.802135
vn -0.585154 0.119052 -0.802135
vn -0.605234 0.721006 0.337406
vn -0.605234 0.721006 0.337406
vn -0.605234 0.721006 0.337406
vn -0.605234 0.721006 0.337406
vn -0.655934 0.118773 -0.745415
vn -0.655934 0.118773 -0.745415
vn -0.655934 0.118773 -0.745415
vn -0.655934 0.118773 -0.745415
vn -0.684763 0.255736 -0.682422
vn -0.684763 0.255736 -0.682421
vn -0.684763 0.255736 -0.682421
vn -0.684763 0.255736 -0.682421
vn -0.397969 -0.499229 -0.769669
vn -0.397969 -0.499229 -0.769669
vn -0.397969 -0.499229 -0.769669
vn -0.397969 -0.499229 -0.769669
vn -0.484650 -0.140667 -0.863323
vn -0.484650 -0.140667 -0.863323
vn -0.484650 -0.140667 -0.863323
vn -0.484650 -0.140667 -0.863323
vn -0.576634 0.709760 0.404639
vn -0.576634 0.709760 0.404639
vn -0.576634 0.709760 0.404639
vn -0.576634 0.709760 0.404639
vn -0.454096 0.741524 0.493901
vn -0.454096 0.741524 0.493901
vn -0.454096 0.741524 0.493901
vn -0.454096 0.741524 0.493901
vn -0.545460 0.379780 0.747155
vn -0.545460 0.379780 0.747155
vn -0.545460 0.379780 0.747155
vn -0.545460 0.379780 0.747155
vn -0.381953 0.741697 0.551359
vn -0.381953 0.741697 0.551359
vn -0.381953 0.741697 0.551359
vn -0.381953 0.741697 0.551359
vn -0.259145 0.122503 -0.958038
vn 0.082317 0.194298 -0.977483
vn 0.362904 0.487839 -0.793923
vn 0.598041 0.415999 -0.685049
vn 0.244881 0.710435 -0.659785
vn 0.291203 0.556920 -0.777844
vn 0.419624 0.618957 -0.663934
vn 0.059885 0.978028 -0.199689
vn 0.601545 0.337960 -0.723828
vn 0.531415 -0.285830 -0.797433
vn 0.648360 -0.484113 -0.587591
vn 0.792505 -0.195908 -0.577544
vn 0.245326 0.889565 -0.385343
vn 0.137661 0.943231 -0.302266
vn 0.530661 0.773546 -0.346448
vn 0.470872 0.726636 -0.500280
vn 0.658573 0.587175 -0.470646
vn 0.838141 0.469832 -0.277088
vn 0.907615 0.390484 -0.154133
vn -0.062776 0.702761 -0.708651
vn 0.105043 0.633598 -0.766499
vn -0.141178 0.523632 -0.840165
vn 0.001117 0.424300 -0.905521
vn -0.285740 0.193359 -0.938597
vn -0.128505 0.112544 -0.985302
vn 0.374077 0.426267 -0.823628
vn 0.284958 0.230633 -0.930380
vn 0.109752 -0.061647 -0.992046
vn 0.167187 0.094990 -0.981339
vn 0.605952 0.263124 -0.750725
vn 0.544577 0.088996 -0.833976
vn 0.343320 -0.213602 -0.914607
vn 0.359430 -0.037308 -0.932426
vn 0.808998 0.158821 -0.565948
vn 0.760130 0.002065 -0.649768
vn 0.553258 -0.306390 -0.774616
vn 0.895230 0.065404 -0.440778
vn 0.848657 -0.035751 -0.527734
vn 0.704932 -0.392368 -0.590863
vn 0.246866 -0.133872 0.959758
vn -0.565681 -0.385743 0.728840
vn -0.354606 -0.458621 0.814814
vn -0.115237 -0.210857 0.970701
vn -0.289556 -0.649658 0.702924
vn -0.240650 -0.704161 0.668016
vn -0.030705 -0.982527 0.183567
vn -0.409974 -0.583485 0.701046
vn -0.578319 -0.289824 0.762594
vn -0.537612 0.263876 0.800839
vn -0.800982 0.213071 0.559489
vn -0.666133 0.467582 0.581062
vn -0.245524 -0.881433 0.403477
vn -0.551308 -0.743525 0.378458
vn -0.142499 -0.938193 0.315417
vn -0.474087 -0.715830 0.512668
vn -0.673529 -0.568616 0.472265
vn -0.855238 -0.444265 0.266825
vn -0.917743 -0.370970 0.141879
vn 0.066727 -0.698948 0.712053
vn -0.106220 -0.632262 0.767438
vn 0.118191 -0.548303 0.827886
vn -0.013019 -0.441325 0.897253
vn 0.116551 -0.120026 0.985905
vn 0.274253 -0.205484 0.939448
vn -0.382280 -0.415799 0.825211
vn -0.299830 -0.236168 0.924298
vn -0.184206 -0.101559 0.977627
vn -0.121553 0.056691 0.990965
vn -0.609807 -0.253072 0.751059
vn -0.551627 -0.094826 0.828683
vn -0.371907 0.012746 0.928182
vn -0.349531 0.207235 0.913719
vn -0.815477 -0.153051 0.558187
vn -0.770269 -0.013114 0.637584
vn -0.560828 0.294040 0.773959
vn -0.902916 -0.066356 0.424665
vn -0.860441 0.020628 0.509133
vn -0.715351 0.386869 0.581897
vn -0.897972 0.137186 -0.418122
vn -0.897972 0.137186 -0.418122
vn -0.897972 0.137186 -0.418121
vn -0.897972 0.137186 -0.418122
vn -0.950505 0.307162 -0.046811
vn -0.950505 0.307162 -0.046811
vn -0.950505 0.307162 -0.046811
vn -0.950505 0.307162 -0.046811
vn -0.695029 -0.020208 -0.718698
vn -0.695029 -0.020208 -0.718698
vn -0.695029 -0.020208 -0.718698
vn -0.695029 -0.020208 -0.718698
vn 0.212604 -0.534593 -0.817930
vn 0.212604 -0.534593 -0.817930
vn 0.212604 -0.534593 -0.817930
vn 0.212604 -0.534593 -0.817930
vn 0.449657 -0.753259 -0.480010
vn 0.449657 -0.753259 -0.480010
vn 0.449657 -0.753259 -0.480010
vn 0.449657 -0.753259 -0.480010
vn 0.441182 -0.736329 0.513009
vn 0.441182 -0.736329 0.513009
vn 0.441182 -0.736329 0.513009
vn 0.441182 -0.736329 0.513009
vn 0.619780 -0.766846 0.166795
vn 0.619780 -0.766846 0.166795
vn 0.619780 -0.766846 0.166795
vn 0.619780 -0.766846 0.166795
vn -0.481236 0.496340 0.722536
vn -0.481236 0.496340 0.722536
vn -0.481236 0.496340 0.722536
vn -0.481236 0.496340 0.722536
vn 0.438133 0.084838 0.894898
vn 0.438133 0.084838 0.894898
vn 0.438133 0.084838 0.894898
vn 0.438133 0.084838 0.894898
vn -0.743030 0.460025 0.486089
vn -0.743030 0.460025 0.486089
vn -0.743030 0.460025 0.486089
vn -0.743030 0.460025 0.486089
vn -0.685813 0.562436 0.461872
vn -0.685813 0.562436 0.461872
vn -0.685813 0.562436 0.461872
vn -0.685813 0.562436 0.461872
vn -0.860906 0.426647 0.277153
vn -0.860906 0.426647 0.277153
vn -0.860906 0.426647 0.277153
vn -0.860906 0.426647 0.277153
vn -0.703180 0.589889 0.396948
vn -0.703180 0.589889 0.396948
vn -0.703180 0.589889 0.396948
vn -0.703180 0.589889 0.396948
vn 0.543813 -0.068997 0.836366
vn 0.543813 -0.068997 0.836366
vn 0.543813 -0.068997 0.836366
vn 0.543813 -0.068997 0.836366
vn 0.670793 -0.108475 0.733669
vn 0.670793 -0.108475 0.733669
vn 0.670793 -0.108475 0.733669
vn 0.670793 -0.108475 0.733669
vn 0.615269 -0.486453 0.620328
vn 0.615269 -0.486453 0.620328
vn 0.615269 -0.486453 0.620328
vn 0.615269 -0.486453 0.620328
vn 0.753365 -0.153890 0.639343
vn 0.753365 -0.153890 0.639343
vn 0.753365 -0.153890 0.639343
vn 0.753365 -0.153890 0.639343
s 1
g polySurface19
usemtl lambert24SG
f 489/556/1048 488/557/1049 490/558/1050 491/559/1051
f 490/558/1050 492/560/1052 493/561/1053
f 492/560/1052 494/562/1054 495/563/1055 493/561/1053
f 494/562/1054 496/564/1056 495/563/1055
f 498/565/1057 497/566/1058 499/567/1059 496/564/1056
f 501/568/1060 500/569/1061 502/570/1062
f 503/571/1063 501/568/1060 502/570/1062
f 504/572/1064 503/571/1063 502/570/1062
f 505/573/1065 504/572/1064 502/570/1062
f 506/574/1066 505/573/1065 502/570/1062
f 507/575/1067 500/569/1061 501/568/1060 508/576/1068
f 509/577/1069 507/575/1067 508/576/1068 510/578/1070
f 489/556/1048 511/579/1071 512/580/1072 488/557/1049
f 511/579/1071 509/577/1069 510/578/1070 512/580/1072
f 508/576/1068 501/568/1060 503/571/1063 513/581/1073
f 510/578/1070 508/576/1068 513/581/1073 514/582/1074
f 488/557/1049 512/580/1072 515/583/1075 516/584/1076
f 512/580/1072 510/578/1070 514/582/1074 515/583/1075
f 513/581/1073 503/571/1063 504/572/1064 517/585/1077
f 514/582/1074 513/581/1073 517/585/1077 518/586/1078
f 516/584/1076 515/583/1075 519/587/1079 520/588/1080
f 515/583/1075 514/582/1074 518/586/1078 519/587/1079
f 517/585/1077 504/572/1064 505/573/1065 521/589/1081
f 518/586/1078 517/585/1077 521/589/1081 522/590/1082
f 520/588/1080 519/587/1079 523/591/1083 498/565/1057
f 519/587/1079 518/586/1078 522/590/1082 523/591/1083
f 521/589/1081 505/573/1065 506/574/1066 524/592/1084
f 522/590/1082 521/589/1081 524/592/1084 525/593/1085
f 498/565/1057 523/591/1083 526/594/1086 497/566/1058
f 523/591/1083 522/590/1082 525/593/1085 526/594/1086
f 488/557/1049 516/584/1076 492/560/1052 490/558/1050
f 516/584/1076 520/588/1080 494/562/1054 492/560/1052
f 520/588/1080 498/565/1057 496/564/1056 494/562/1054
s 4
f 527/595/1087 528/596/1088 529/597/1089 530/598/1090
f 529/597/1089 531/599/1091 532/600/1092
f 532/600/1092 531/599/1091 533/641/1093 534/602/1094
f 534/602/1094 533/641/1093 535/640/1095
f 536/604/1096 535/640/1095 537/639/1097 538/636/1098
f 540/607/1099 539/608/1100 541/609/1101
f 542/610/1102 539/608/1100 540/607/1099
f 543/611/1103 539/608/1100 542/610/1102
f 544/612/1104 539/608/1100 543/611/1103
f 545/638/1105 539/608/1100 544/612/1104
f 546/614/1106 547/615/1107 540/607/1099 541/609/1101
f 548/616/1108 549/617/1109 547/615/1107 546/614/1106
f 527/595/1087 530/598/1090 550/618/1110 551/619/1111
f 551/619/1111 550/618/1110 549/617/1109 548/616/1108
f 547/615/1107 552/620/1112 542/610/1102 540/607/1099
f 549/617/1109 553/621/1113 552/620/1112 547/615/1107
f 530/598/1090 554/622/1114 555/623/1115 550/618/1110
f 550/618/1110 555/623/1115 553/621/1113 549/617/1109
f 552/620/1112 556/624/1116 543/611/1103 542/610/1102
f 553/621/1113 557/625/1117 556/624/1116 552/620/1112
f 554/622/1114 558/626/1118 559/627/1119 555/623/1115
f 555/623/1115 559/627/1119 557/625/1117 553/621/1113
f 556/624/1116 560/628/1120 544/612/1104 543/611/1103
f 557/625/1117 561/629/1121 560/628/1120 556/624/1116
f 558/626/1118 536/604/1096 562/630/1122 559/627/1119
f 559/627/1119 562/630/1122 561/629/1121 557/625/1117
f 560/628/1120 563/637/1123 545/638/1105 544/612/1104
f 561/629/1121 564/634/1124 563/637/1123 560/628/1120
f 536/604/1096 538/636/1098 565/635/1125 562/630/1122
f 562/630/1122 565/635/1125 564/634/1124 561/629/1121
f 530/598/1090 529/597/1089 532/600/1092 554/622/1114
f 554/622/1114 532/600/1092 534/602/1094 558/626/1118
f 558/626/1118 534/602/1094 535/640/1095 536/604/1096
s off
f 529/597/1126 528/596/1127 491/559/1128 490/558/1129
f 528/596/1130 527/595/1131 489/556/1132 491/559/1133
f 531/599/1134 529/597/1135 490/558/1136 493/561/1137
f 533/601/1138 531/599/1139 493/561/1140 495/563/1141
f 535/603/1142 533/601/1143 495/563/1144 496/564/1145
f 538/606/1146 537/605/1147 499/567/1148 497/566/1149
f 537/605/1150 535/603/1151 496/564/1152 499/567/1153
f 541/609/1154 539/608/1155 502/570/1156 500/569/1157
f 539/608/1158 545/613/1159 506/574/1160 502/570/1161
f 546/614/1162 541/609/1163 500/569/1164 507/575/1165
f 548/616/1166 546/614/1167 507/575/1168 509/577/1169
f 527/595/1170 551/619/1171 511/579/1172 489/556/1173
f 551/619/1174 548/616/1175 509/577/1176 511/579/1177
f 545/613/1178 563/631/1179 524/592/1180 506/574/1181
f 563/631/1182 564/632/1183 525/593/1184 524/592/1185
f 565/633/1186 538/606/1187 497/566/1188 526/594/1189
f 564/632/1190 565/633/1191 526/594/1192 525/593/1193
s 7
f 567/642/1194 566/643/1195 568/644/1196 569/645/1197
f 568/644/1196 570/646/1198 571/647/1199
f 570/646/1198 572/648/1200 573/649/1201 571/647/1199
f 572/648/1200 574/650/1202 573/649/1201
f 576/651/1203 575/652/1204 577/653/1205 574/650/1202
f 579/654/1206 578/655/1207 580/656/1208
f 581/657/1209 579/654/1206 580/656/1208
f 582/658/1210 581/657/1209 580/656/1208
f 583/659/1211 582/658/1210 580/656/1208
f 584/660/1212 583/659/1211 580/656/1208
f 585/661/1213 578/655/1207 579/654/1206 586/662/1214
f 587/663/1215 585/661/1213 586/662/1214 588/664/1216
f 567/642/1194 589/665/1217 590/666/1218 566/643/1195
f 589/665/1217 587/663/1215 588/664/1216 590/666/1218
f 586/662/1214 579/654/1206 581/657/1209 591/667/1219
f 588/664/1216 586/662/1214 591/667/1219 592/668/1220
f 566/643/1195 590/666/1218 593/669/1221 594/670/1222
f 590/666/1218 588/664/1216 592/668/1220 593/669/1221
f 591/667/1219 581/657/1209 582/658/1210 595/671/1223
f 592/668/1220 591/667/1219 595/671/1223 596/672/1224
f 594/670/1222 593/669/1221 597/673/1225 598/674/1226
f 593/669/1221 592/668/1220 596/672/1224 597/673/1225
f 595/671/1223 582/658/1210 583/659/1211 599/675/1227
f 596/672/1224 595/671/1223 599/675/1227 600/676/1228
f 598/674/1226 597/673/1225 601/677/1229 576/651/1203
f 597/673/1225 596/672/1224 600/676/1228 601/677/1229
f 599/675/1227 583/659/1211 584/660/1212 602/678/1230
f 600/676/1228 599/675/1227 602/678/1230 603/679/1231
f 576/651/1203 601/677/1229 604/680/1232 575/652/1204
f 601/677/1229 600/676/1228 603/679/1231 604/680/1232
f 566/643/1195 594/670/1222 570/646/1198 568/644/1196
f 594/670/1222 598/674/1226 572/648/1200 570/646/1198
f 598/674/1226 576/651/1203 574/650/1202 572/648/1200
s 10
f 605/681/1233 606/682/1234 607/683/1235 608/684/1236
f 607/683/1235 609/685/1237 610/686/1238
f 610/686/1238 609/685/1237 611/687/1239 612/688/1240
f 612/688/1240 611/687/1239 613/689/1241
f 614/690/1242 613/689/1241 615/691/1243 616/692/1244
f 618/693/1245 617/694/1246 619/695/1247
f 620/696/1248 617/694/1246 618/693/1245
f 621/697/1249 617/694/1246 620/696/1248
f 622/698/1250 617/694/1246 621/697/1249
f 623/699/1251 617/694/1246 622/698/1250
f 624/700/1252 625/701/1253 618/693/1245 619/695/1247
f 626/702/1254 627/703/1255 625/701/1253 624/700/1252
f 605/681/1233 608/684/1236 628/704/1256 629/705/1257
f 629/705/1257 628/704/1256 627/703/1255 626/702/1254
f 625/701/1253 630/706/1258 620/696/1248 618/693/1245
f 627/703/1255 631/707/1259 630/706/1258 625/701/1253
f 608/684/1236 632/708/1260 633/709/1261 628/704/1256
f 628/704/1256 633/709/1261 631/707/1259 627/703/1255
f 630/706/1258 634/710/1262 621/697/1249 620/696/1248
f 631/707/1259 635/711/1263 634/710/1262 630/706/1258
f 632/708/1260 636/712/1264 637/713/1265 633/709/1261
f 633/709/1261 637/713/1265 635/711/1263 631/707/1259
f 634/710/1262 638/714/1266 622/698/1250 621/697/1249
f 635/711/1263 639/715/1267 638/714/1266 634/710/1262
f 636/712/1264 614/690/1242 640/716/1268 637/713/1265
f 637/713/1265 640/716/1268 639/715/1267 635/711/1263
f 638/714/1266 641/717/1269 623/699/1251 622/698/1250
f 639/715/1267 642/718/1270 641/717/1269 638/714/1266
f 614/690/1242 616/692/1244 643/719/1271 640/716/1268
f 640/716/1268 643/719/1271 642/718/1270 639/715/1267
f 608/684/1236 607/683/1235 610/686/1238 632/708/1260
f 632/708/1260 610/686/1238 612/688/1240 636/712/1264
f 636/712/1264 612/688/1240 613/689/1241 614/690/1242
s off
f 607/683/1272 606/682/1273 569/720/1274 568/721/1275
f 606/682/1276 605/681/1277 567/722/1278 569/720/1279
f 609/685/1280 607/683/1281 568/721/1282 571/647/1283
f 611/687/1284 609/685/1285 571/647/1286 573/649/1287
f 613/689/1288 611/687/1289 573/649/1290 574/650/1291
f 616/692/1292 615/691/1293 577/653/1294 575/652/1295
f 615/691/1296 613/689/1297 574/650/1298 577/653/1299
f 619/695/1300 617/694/1301 580/656/1302 578/723/1303
f 617/694/1304 623/699/1305 584/660/1306 580/656/1307
f 624/700/1308 619/695/1309 578/723/1310 585/724/1311
f 626/702/1312 624/700/1313 585/724/1314 587/725/1315
f 605/681/1316 629/705/1317 589/726/1318 567/722/1319
f 629/705/1320 626/702/1321 587/725/1322 589/726/1323
f 623/699/1324 641/717/1325 602/678/1326 584/660/1327
f 641/717/1328 642/718/1329 603/679/1330 602/678/1331
f 643/719/1332 616/692/1333 575/652/1334 604/680/1335
f 642/718/1336 643/719/1337 604/680/1338 603/679/1339
s 13
f 645/727/1340 644/728/1341 646/729/1342 647/730/1343
f 646/729/1342 648/731/1344 649/732/1345
f 648/731/1344 650/733/1346 651/734/1347 649/732/1345
f 650/733/1346 652/735/1348 651/734/1347
f 654/736/1349 653/737/1350 655/738/1351 652/735/1348
f 657/739/1352 656/740/1353 658/741/1354
f 659/742/1355 657/739/1352 658/741/1354
f 660/743/1356 659/742/1355 658/741/1354
f 661/744/1357 660/743/1356 658/741/1354
f 662/745/1358 661/744/1357 658/741/1354
f 663/746/1359 656/740/1353 657/739/1352 664/747/1360
f 665/748/1361 663/746/1359 664/747/1360 666/749/1362
f 645/727/1340 667/750/1363 668/751/1364 644/728/1341
f 667/750/1363 665/748/1361 666/749/1362 668/751/1364
f 664/747/1360 657/739/1352 659/742/1355 669/752/1365
f 666/749/1362 664/747/1360 669/752/1365 670/753/1366
f 644/728/1341 668/751/1364 671/754/1367 672/755/1368
f 668/751/1364 666/749/1362 670/753/1366 671/754/1367
f 669/752/1365 659/742/1355 660/743/1356 673/756/1369
f 670/753/1366 669/752/1365 673/756/1369 674/757/1370
f 672/755/1368 671/754/1367 675/758/1371 676/759/1372
f 671/754/1367 670/753/1366 674/757/1370 675/758/1371
f 673/756/1369 660/743/1356 661/744/1357 677/760/1373
f 674/757/1370 673/756/1369 677/760/1373 678/761/1374
f 676/759/1372 675/758/1371 679/762/1375 654/736/1349
f 675/758/1371 674/757/1370 678/761/1374 679/762/1375
f 677/760/1373 661/744/1357 662/745/1358 680/763/1376
f 678/761/1374 677/760/1373 680/763/1376 681/764/1377
f 654/736/1349 679/762/1375 682/765/1378 653/737/1350
f 679/762/1375 678/761/1374 681/764/1377 682/765/1378
f 644/728/1341 672/755/1368 648/731/1344 646/729/1342
f 672/755/1368 676/759/1372 650/733/1346 648/731/1344
f 676/759/1372 654/736/1349 652/735/1348 650/733/1346
s 16
f 683/766/1379 684/767/1380 685/768/1381 686/769/1382
f 685/768/1381 687/770/1383 688/771/1384
f 688/771/1384 687/770/1383 689/772/1385 690/773/1386
f 690/773/1386 689/772/1385 691/774/1387
f 692/775/1388 691/774/1387 693/776/1389 694/777/1390
f 696/778/1391 695/779/1392 697/780/1393
f 698/781/1394 695/779/1392 696/778/1391
f 699/782/1395 695/779/1392 698/781/1394
f 700/783/1396 695/779/1392 699/782/1395
f 701/784/1397 695/779/1392 700/783/1396
f 702/785/1398 703/786/1399 696/778/1391 697/780/1393
f 704/787/1400 705/788/1401 703/786/1399 702/785/1398
f 683/766/1379 686/769/1382 706/789/1402 707/790/1403
f 707/790/1403 706/789/1402 705/788/1401 704/787/1400
f 703/786/1399 708/791/1404 698/781/1394 696/778/1391
f 705/788/1401 709/792/1405 708/791/1404 703/786/1399
f 686/769/1382 710/793/1406 711/794/1407 706/789/1402
f 706/789/1402 711/794/1407 709/792/1405 705/788/1401
f 708/791/1404 712/795/1408 699/782/1395 698/781/1394
f 709/792/1405 713/796/1409 712/795/1408 708/791/1404
f 710/793/1406 714/797/1410 715/798/1411 711/794/1407
f 711/794/1407 715/798/1411 713/796/1409 709/792/1405
f 712/795/1408 716/799/1412 700/783/1396 699/782/1395
f 713/796/1409 717/800/1413 716/799/1412 712/795/1408
f 714/797/1410 692/775/1388 718/801/1414 715/798/1411
f 715/798/1411 718/801/1414 717/800/1413 713/796/1409
f 716/799/1412 719/802/1415 701/784/1397 700/783/1396
f 717/800/1413 720/803/1416 719/802/1415 716/799/1412
f 692/775/1388 694/777/1390 721/804/1417 718/801/1414
f 718/801/1414 721/804/1417 720/803/1416 717/800/1413
f 686/769/1382 685/768/1381 688/771/1384 710/793/1406
f 710/793/1406 688/771/1384 690/773/1386 714/797/1410
f 714/797/1410 690/773/1386 691/774/1387 692/775/1388
s off
f 685/805/1418 684/806/1419 647/730/1420 646/729/1421
f 684/806/1422 683/807/1423 645/727/1424 647/730/1425
f 687/808/1426 685/805/1427 646/729/1428 649/732/1429
f 689/772/1430 687/808/1431 649/732/1432 651/734/1433
f 691/774/1434 689/772/1435 651/734/1436 652/735/1437
f 694/777/1438 693/776/1439 655/738/1440 653/737/1441
f 693/776/1442 691/774/1443 652/735/1444 655/738/1445
f 697/809/1446 695/779/1447 658/741/1448 656/740/1449
f 695/779/1450 701/784/1451 662/745/1452 658/741/1453
f 702/810/1454 697/809/1455 656/740/1456 663/746/1457
g defaultHideFaceDataSet polySurface4ShapeHiddenFacesSet polySurface19
f 704/811/1458 702/810/1459 663/746/1460 665/748/1461
g polySurface19
f 683/807/1462 707/812/1463 667/750/1464 645/727/1465
f 707/812/1466 704/811/1467 665/748/1468 667/750/1469
f 701/784/1470 719/802/1471 680/763/1472 662/745/1473
f 719/802/1474 720/803/1475 681/764/1476 680/763/1477
f 721/804/1478 694/777/1479 653/737/1480 682/765/1481
f 720/803/1482 721/804/1483 682/765/1484 681/764/1485
s 19
f 723/813/1486 722/814/1487 724/815/1488 725/816/1489
f 724/815/1488 726/817/1490 727/818/1491
f 726/817/1490 728/819/1492 729/820/1493 727/818/1491
f 728/819/1492 730/821/1494 729/820/1493
f 732/822/1495 731/823/1496 733/824/1497 730/821/1494
f 735/825/1498 734/826/1499 736/827/1500
f 737/828/1501 735/825/1498 736/827/1500
f 738/829/1502 737/828/1501 736/827/1500
f 739/830/1503 738/829/1502 736/827/1500
f 740/831/1504 739/830/1503 736/827/1500
f 741/832/1505 734/826/1499 735/825/1498 742/833/1506
f 743/834/1507 741/832/1505 742/833/1506 744/835/1508
f 723/813/1486 745/836/1509 746/837/1510 722/814/1487
f 745/836/1509 743/834/1507 744/835/1508 746/837/1510
f 742/833/1506 735/825/1498 737/828/1501 747/838/1511
f 744/835/1508 742/833/1506 747/838/1511 748/839/1512
f 722/814/1487 746/837/1510 749/840/1513 750/841/1514
f 746/837/1510 744/835/1508 748/839/1512 749/840/1513
f 747/838/1511 737/828/1501 738/829/1502 751/842/1515
f 748/839/1512 747/838/1511 751/842/1515 752/843/1516
f 750/841/1514 749/840/1513 753/844/1517 754/845/1518
f 749/840/1513 748/839/1512 752/843/1516 753/844/1517
f 751/842/1515 738/829/1502 739/830/1503 755/846/1519
f 752/843/1516 751/842/1515 755/846/1519 756/847/1520
f 754/845/1518 753/844/1517 757/848/1521 732/822/1495
f 753/844/1517 752/843/1516 756/847/1520 757/848/1521
f 755/846/1519 739/830/1503 740/831/1504 758/849/1522
f 756/847/1520 755/846/1519 758/849/1522 759/850/1523
f 732/822/1495 757/848/1521 760/851/1524 731/823/1496
f 757/848/1521 756/847/1520 759/850/1523 760/851/1524
f 722/814/1487 750/841/1514 726/817/1490 724/815/1488
f 750/841/1514 754/845/1518 728/819/1492 726/817/1490
f 754/845/1518 732/822/1495 730/821/1494 728/819/1492
s 22
f 761/852/1525 762/853/1526 763/854/1527 764/855/1528
f 763/854/1527 765/856/1529 766/857/1530
f 766/857/1530 765/856/1529 767/858/1531 768/859/1532
f 768/859/1532 767/858/1531 769/860/1533
f 770/861/1534 769/860/1533 771/862/1535 772/863/1536
f 774/864/1537 773/865/1538 775/866/1539
f 776/867/1540 773/865/1538 774/864/1537
f 777/868/1541 773/865/1538 776/867/1540
f 778/869/1542 773/865/1538 777/868/1541
f 779/870/1543 773/865/1538 778/869/1542
f 780/871/1544 781/872/1545 774/864/1537 775/866/1539
f 782/873/1546 783/874/1547 781/872/1545 780/871/1544
f 761/852/1525 764/855/1528 784/875/1548 785/876/1549
f 785/876/1549 784/875/1548 783/874/1547 782/873/1546
f 781/872/1545 786/877/1550 776/867/1540 774/864/1537
f 783/874/1547 787/878/1551 786/877/1550 781/872/1545
f 764/855/1528 788/879/1552 789/880/1553 784/875/1548
f 784/875/1548 789/880/1553 787/878/1551 783/874/1547
f 786/877/1550 790/881/1554 777/868/1541 776/867/1540
f 787/878/1551 791/882/1555 790/881/1554 786/877/1550
f 788/879/1552 792/883/1556 793/884/1557 789/880/1553
f 789/880/1553 793/884/1557 791/882/1555 787/878/1551
f 790/881/1554 794/885/1558 778/869/1542 777/868/1541
f 791/882/1555 795/886/1559 794/885/1558 790/881/1554
f 792/883/1556 770/861/1534 796/887/1560 793/884/1557
f 793/884/1557 796/887/1560 795/886/1559 791/882/1555
f 794/885/1558 797/888/1561 779/870/1543 778/869/1542
f 795/886/1559 798/889/1562 797/888/1561 794/885/1558
f 770/861/1534 772/863/1536 799/890/1563 796/887/1560
f 796/887/1560 799/890/1563 798/889/1562 795/886/1559
f 764/855/1528 763/854/1527 766/857/1530 788/879/1552
f 788/879/1552 766/857/1530 768/859/1532 792/883/1556
f 792/883/1556 768/859/1532 769/860/1533 770/861/1534
s off
f 763/854/1564 762/853/1565 725/816/1566 724/815/1567
f 762/853/1568 761/852/1569 723/813/1570 725/816/1571
f 765/856/1572 763/854/1573 724/815/1574 727/818/1575
f 767/891/1576 765/856/1577 727/818/1578 729/820/1579
f 769/892/1580 767/891/1581 729/820/1582 730/821/1583
f 772/893/1584 771/894/1585 733/824/1586 731/823/1587
f 771/894/1588 769/892/1589 730/821/1590 733/824/1591
f 775/866/1592 773/865/1593 736/827/1594 734/826/1595
f 773/865/1596 779/895/1597 740/831/1598 736/827/1599
f 780/871/1600 775/866/1601 734/826/1602 741/832/1603
f 782/873/1604 780/871/1605 741/832/1606 743/834/1607
f 761/852/1608 785/876/1609 745/836/1610 723/813/1611
f 785/876/1612 782/873/1613 743/834/1614 745/836/1615
f 779/895/1616 797/896/1617 758/849/1618 740/831/1619
f 797/896/1620 798/897/1621 759/850/1622 758/849/1623
f 799/898/1624 772/893/1625 731/823/1626 760/851/1627
f 798/897/1628 799/898/1629 760/851/1630 759/850/1631
g default
v 7.760585 -0.752473 9.278597
v 7.992549 -0.836493 8.854076
v 7.828410 -0.767035 8.396563
v 7.391768 -0.596403 8.250575
v 7.011424 -0.453085 8.526042
v 6.973784 -0.445004 9.015533
v 7.307193 -0.578244 9.350451
v 12.460543 11.131462 7.886489
v 12.501536 11.116613 7.811462
v 12.472529 11.128889 7.730603
v 12.395357 11.159047 7.704801
v 12.328138 11.184376 7.753486
v 12.321483 11.185804 7.839995
v 12.380409 11.162256 7.899189
v 12.408569 11.152635 7.803718
v 9.077112 6.938045 8.529321
v 8.919421 7.001064 8.370915
v 8.937225 6.997241 8.139404
v 9.117114 6.929458 8.009117
v 9.323632 6.848754 8.078165
v 9.401262 6.815903 8.294553
v 9.291553 6.855641 8.495336
vt 0.934297 0.194179
vt 0.962318 0.228112
vt 0.413457 0.665132
vt 0.401812 0.647857
vt 0.984396 0.266182
vt 0.425169 0.682308
vt 0.802339 0.077023
vt 0.342523 0.591515
vt 0.832423 0.109384
vt 0.358770 0.603953
vt 0.865992 0.138332
vt 0.374791 0.617181
vt 0.901096 0.165206
vt 0.389331 0.631719
vt 0.050889 0.957367
vt 0.053223 0.964682
vt 0.038349 0.954783
vt 0.054571 0.972241
vt 0.029366 0.938915
vt 0.036900 0.941061
vt 0.043148 0.945114
vt 0.047747 0.950763
vt 0.326862 0.578444
vt 0.020949 0.938900
vt 0.774221 0.043107
vn 0.860576 -0.122270 0.494428
vn 0.860576 -0.122270 0.494428
vn 0.833705 -0.231470 0.501355
vn 0.852951 -0.158335 0.497398
vn 0.913574 -0.194299 -0.357252
vn 0.913574 -0.194299 -0.357253
vn 0.873557 -0.324600 -0.362676
vn 0.895303 -0.261189 -0.360851
vn 0.281963 -0.095271 -0.954683
vn 0.281963 -0.095271 -0.954683
vn 0.261857 -0.146121 -0.953981
vn 0.270050 -0.125690 -0.954607
vn -0.558163 0.101541 -0.823495
vn -0.558163 0.101541 -0.823495
vn -0.552311 0.119909 -0.824970
vn -0.539237 0.158652 -0.827075
vn -0.966180 0.245677 -0.078353
vn -0.966180 0.245677 -0.078353
vn -0.949988 0.302377 -0.078045
vn -0.922148 0.379061 -0.077172
vn -0.642023 0.231046 0.731043
vn -0.642023 0.231046 0.731043
vn -0.622387 0.279929 0.730941
vn -0.578449 0.374333 0.724756
vn 0.180420 0.064736 0.981457
vn 0.180420 0.064736 0.981457
vn 0.176143 0.052993 0.982937
vn 0.178893 0.060534 0.982005
vn 0.360384 0.932723 0.012311
vn 0.360380 0.932724 0.012314
vn 0.360381 0.932724 0.012314
vn 0.360385 0.932722 0.012317
vn 0.360387 0.932721 0.012320
vn 0.360381 0.932724 0.012320
vn 0.360377 0.932725 0.012313
vn 0.360374 0.932727 0.012304
vn -0.505862 0.500395 0.702644
vn -0.505862 0.500395 0.702644
vn -0.778362 0.623882 -0.070163
vn -0.778362 0.623882 -0.070163
vn -0.477753 0.311185 -0.821533
vn -0.477753 0.311185 -0.821533
vn 0.222109 -0.240141 -0.944987
vn 0.222109 -0.240141 -0.944987
vn 0.739921 -0.572979 -0.352437
vn 0.739921 -0.572979 -0.352437
vn 0.731151 -0.471707 0.492859
vn 0.731151 -0.471707 0.492859
vn 0.163674 0.019141 0.986329
vn 0.163674 0.019141 0.986329
s 1
g pCylinder15
usemtl lambert26SG
f 800/899/1632 801/900/1633 820/901/1634 821/902/1635
s 2
f 801/900/1636 802/903/1637 819/904/1638 820/901/1639
s 3
f 802/923/1640 803/905/1641 818/906/1642 819/921/1643
s 4
f 803/905/1644 804/907/1645 817/908/1646 818/906/1647
s 5
f 804/907/1648 805/909/1649 816/910/1650 817/908/1651
s 6
f 805/909/1652 806/911/1653 815/912/1654 816/910/1655
s 7
f 806/911/1656 800/899/1657 821/902/1658 815/912/1659
s 8
f 807/913/1660 808/914/1661 814/915/1662
f 808/914/1661 809/916/1663 814/915/1662
f 809/922/1663 810/917/1664 814/915/1662
f 810/917/1664 811/918/1665 814/915/1662
f 811/918/1665 812/919/1666 814/915/1662
f 812/919/1666 813/920/1667 814/915/1662
f 813/920/1667 807/913/1660 814/915/1662
s 6
f 816/910/1655 815/912/1654 813/920/1668 812/919/1669
s 5
f 817/908/1651 816/910/1650 812/919/1670 811/918/1671
s 4
f 818/906/1647 817/908/1646 811/918/1672 810/917/1673
s 3
f 819/921/1643 818/906/1642 810/917/1674 809/922/1675
s 2
f 820/901/1639 819/904/1638 809/916/1676 808/914/1677
s 1
f 821/902/1635 820/901/1634 808/914/1678 807/913/1679
s 7
f 815/912/1659 821/902/1658 807/913/1680 813/920/1681
g default
v 9.134249 -0.011122 24.401902
v 10.955321 -0.011122 20.539751
v 9.134249 0.312303 24.401902
v 10.955321 0.312303 20.539751
v 6.533742 0.312303 23.175717
v 8.354814 0.312303 19.313566
v 6.533742 -0.011122 23.175717
v 8.354814 -0.011122 19.313566
vt 0.753653 0.517697
vt 0.167454 0.513082
vt 0.167804 0.468681
vt 0.754002 0.473296
vt 0.170911 0.073975
vt 0.750196 0.956804
vt 0.126510 0.073626
vt 0.750546 0.912403
vt 0.164347 0.907788
vt 0.163998 0.952189
vt 0.757109 0.078590
vt 0.794947 0.912752
vt 0.123403 0.468331
vt 0.798054 0.518046
vn 0.904495 0.000000 0.426485
vn 0.904495 0.000000 0.426485
vn 0.904495 0.000000 0.426485
vn 0.904495 0.000000 0.426485
vn 0.000000 1.000000 0.000000
vn 0.000000 1.000000 0.000000
vn 0.000000 1.000000 0.000000
vn 0.000000 1.000000 0.000000
vn -0.904495 0.000000 -0.426485
vn -0.904495 0.000000 -0.426485
vn -0.904495 0.000000 -0.426485
vn -0.904495 0.000000 -0.426485
vn 0.000000 -1.000000 0.000000
vn 0.000000 -1.000000 0.000000
vn 0.000000 -1.000000 0.000000
vn 0.000000 -1.000000 0.000000
vn 0.426485 0.000000 -0.904495
vn 0.426485 0.000000 -0.904495
vn 0.426485 0.000000 -0.904495
vn 0.426485 0.000000 -0.904495
vn -0.426485 0.000000 0.904495
vn -0.426485 0.000000 0.904495
vn -0.426485 0.000000 0.904495
vn -0.426485 0.000000 0.904495
s off
g steps pCube15
usemtl lambert30SG
f 822/924/1682 823/925/1683 825/926/1684 824/927/1685
f 824/927/1686 825/926/1687 827/928/1688 826/934/1689
f 826/929/1690 827/933/1691 829/932/1692 828/931/1693
f 828/931/1694 829/932/1695 823/925/1696 822/924/1697
f 823/936/1698 829/930/1699 827/928/1700 825/926/1701
f 828/931/1702 822/924/1703 824/937/1704 826/935/1705
g default
v 11.429233 -1.087030 1.410731
v 11.397599 -1.087030 1.672579
v 11.600225 -1.087030 1.797948
v 11.823802 -1.087030 1.699221
v 11.800501 -1.087030 1.402815
v 11.652787 -1.087030 1.312003
v 11.558415 5.748343 1.513414
v 11.549301 5.748343 1.588860
v 11.607683 5.748343 1.624983
v 11.672101 5.748343 1.596537
v 11.665387 5.748343 1.511134
v 11.622826 5.748343 1.484969
v 11.567240 7.636762 1.409357
v 11.483831 7.982567 1.276815
v 11.376304 8.202393 1.134315
v 11.267679 8.472027 0.994108
v 11.067633 8.780095 0.791427
v 10.638248 9.116554 0.416101
v 9.878520 9.394705 -0.288712
v 8.937352 9.428934 -1.521862
v 7.951276 8.835912 -3.615522
v 11.558566 7.643312 1.480595
v 11.473966 8.002900 1.340862
v 11.363877 8.230020 1.190365
v 11.257493 8.494487 1.048745
v 11.056766 8.803410 0.841092
v 10.624233 9.142292 0.458766
v 9.887202 9.445836 -0.242839
v 8.912583 9.454862 -1.498570
v 7.922931 8.857829 -3.603679
v 7.937286 8.869493 -3.635912
v 11.613802 7.646896 1.514231
v 11.523720 8.026805 1.367401
v 11.405925 8.265462 1.208305
v 11.298599 8.523709 1.067404
v 11.091392 8.837433 0.853937
v 10.648496 9.182234 0.462929
v 9.856609 9.502623 -0.258114
v 8.920427 9.493194 -1.508610
v 7.926312 8.891411 -3.619543
v 11.674630 7.643932 1.487511
v 11.580253 8.030368 1.340767
v 11.457315 8.273273 1.181074
v 11.346807 8.530464 1.042302
v 11.133807 8.848141 0.827996
v 10.683687 9.196445 0.435294
v 9.900713 9.517800 -0.290968
v 8.949957 9.505606 -1.531069
v 7.954951 8.903075 -3.636378
v 11.667479 7.637381 1.406320
v 11.574283 8.010035 1.266758
v 11.453912 8.245640 1.115065
v 11.341159 8.508003 0.977702
v 11.128843 8.824825 0.768374
v 10.681875 9.170711 0.382668
v 9.928800 9.459186 -0.321280
v 8.958898 9.479680 -1.564321
v 7.967467 8.881157 -3.658181
v 11.628073 7.633798 1.382639
v 11.540362 7.986133 1.250181
v 11.427694 8.210204 1.107083
v 11.315882 8.478787 0.969006
v 11.110046 8.790804 0.765487
v 10.673439 9.130765 0.388470
v 9.916477 9.411609 -0.329457
v 8.966881 9.441347 -1.544321
v 7.979914 8.847578 -3.632356
v 9.814249 9.508282 -0.308397
v 9.802483 9.457150 -0.343398
v 9.836158 9.400367 -0.338995
v 9.873028 9.422640 -0.377682
v 9.841903 9.481248 -0.417728
v 9.857265 9.528825 -0.339193
v 9.411169 9.852698 -0.502158
v 9.162348 10.128688 -0.609161
v 8.898483 10.297861 -0.712423
v 8.601419 10.316833 -0.849327
v 8.249060 10.156052 -1.051145
v 7.843781 9.842639 -1.311102
v 7.401559 9.425752 -1.608167
v 6.935243 8.956963 -1.922237
v 9.437281 9.895644 -0.461819
v 9.188316 10.166902 -0.570301
v 8.913569 10.340784 -0.679499
v 8.595301 10.363066 -0.826840
v 8.225823 10.195300 -1.038876
v 7.816030 9.874385 -1.303318
v 7.374234 9.452443 -1.602042
v 6.910172 8.980087 -1.916595
v 9.478601 9.872885 -0.576199
v 9.219861 10.153389 -0.680561
v 8.943962 10.327333 -0.781446
v 8.634446 10.346964 -0.916313
v 8.274131 10.182769 -1.114648
v 7.864603 9.865811 -1.369428
v 7.419363 9.445932 -1.660623
v 6.950484 8.974498 -1.968538
v 9.431829 9.841318 -0.559349
v 9.178122 10.121938 -0.664294
v 8.913680 10.291138 -0.763396
v 8.620992 10.308789 -0.894066
v 8.273215 10.149780 -1.089033
v 7.868069 9.838344 -1.344160
v 7.424124 9.422495 -1.637459
v 6.955400 8.954169 -1.948210
v 9.487135 9.927200 -0.489540
v 9.233139 10.198352 -0.597442
v 8.946935 10.376980 -0.708425
v 8.611838 10.401251 -0.859964
v 8.229822 10.228289 -1.075366
v 7.815648 9.901851 -1.339461
v 7.372552 9.475875 -1.636081
v 6.908336 9.000416 -1.947798
v 9.507796 9.915819 -0.546732
v 9.248914 10.191602 -0.652573
v 8.962133 10.370254 -0.759399
v 8.631412 10.393197 -0.904701
v 8.253978 10.222018 -1.113254
v 7.839937 9.897558 -1.372517
v 7.395120 9.472622 -1.665372
v 6.928495 8.997622 -1.973769
v 9.547417 10.472997 -1.037803
v 9.454482 10.766406 -1.439355
v 9.449745 10.763690 -1.828549
v 9.481177 10.556809 -2.321618
v 9.517812 10.097268 -2.943123
v 9.562904 10.462509 -1.100464
v 9.473915 10.743959 -1.490537
v 9.473397 10.721702 -1.850785
v 9.502341 10.515298 -2.328889
v 9.534967 10.059504 -2.944317
v 9.454549 10.415243 -1.108863
v 9.377179 10.703182 -1.499263
v 9.389549 10.683424 -1.849866
v 9.430200 10.484119 -2.320801
v 9.474448 10.036965 -2.931494
v 9.493241 10.449369 -1.042004
v 9.406114 10.746013 -1.443718
v 9.407819 10.744551 -1.828087
v 9.445106 10.541212 -2.317573
v 9.487552 10.086001 -2.936710
v 9.574620 10.426144 -1.125036
v 9.485542 10.705743 -1.500176
v 9.482884 10.690989 -1.832762
v 9.509147 10.497036 -2.302586
v 9.540411 10.051304 -2.917252
v 9.520442 10.402506 -1.129238
v 9.437175 10.685351 -1.504537
v 9.440960 10.671849 -1.832302
v 9.473074 10.481442 -2.298543
v 9.510152 10.040040 -2.910840
v 11.596447 2.885820 1.437719
v 11.707423 2.980578 1.509954
v 11.708072 2.893648 1.620185
v 11.607683 2.972408 1.624983
v 11.549301 2.972408 1.588860
v 11.558415 2.972408 1.513414
v 11.710429 2.214102 1.624041
v 11.607683 2.683563 1.624983
v 11.549301 2.683563 1.588860
v 11.558415 2.683563 1.513414
v 11.598805 2.206272 1.441574
v 11.713253 2.119342 1.519484
v 11.549301 5.380019 1.588860
v 11.558415 5.380019 1.513414
v 11.622826 5.532564 1.484969
v 11.665387 5.532564 1.511134
v 11.672101 5.532564 1.596537
v 11.607683 5.380019 1.624983
v 12.086115 3.878098 1.173955
v 12.646482 4.428261 0.876434
v 13.321461 4.535088 0.517547
v 13.950821 4.171448 0.183160
v 14.353749 3.516523 -0.029663
v 14.341400 2.800093 -0.019514
v 13.924219 2.201110 0.207986
v 13.318951 1.886582 0.536474
v 12.775210 2.010434 0.831925
v 12.410630 2.481800 1.031184
v 12.292591 3.070674 1.098075
v 12.464309 3.542040 1.009391
v 12.830614 3.823986 0.816238
v 13.247261 3.873957 0.596051
v 13.580783 3.687768 0.420493
v 13.773761 3.354840 0.320400
v 13.773860 2.988457 0.323858
v 13.587066 2.680182 0.427666
v 13.305899 2.506648 0.582144
v 13.047228 2.537601 0.724537
v 12.866924 2.741964 0.824857
v 12.798589 3.014237 0.865060
v 12.864353 3.229302 0.833268
v 13.016192 3.345439 0.755257
v 13.170743 3.339407 0.675793
v 12.233479 3.904667 1.229247
v 12.791264 4.407143 0.929920
v 13.439638 4.464042 0.581426
v 14.020739 4.073024 0.269051
v 14.380709 3.421215 0.075408
v 14.323702 2.738409 0.105633
v 13.887113 2.195539 0.339665
v 13.287995 1.922563 0.660957
v 12.775450 2.087909 0.935769
v 12.457822 2.571495 1.105928
v 12.373036 3.146085 1.151070
v 12.572308 3.577669 1.043705
v 12.941608 3.812181 0.845048
v 13.342733 3.826181 0.629304
v 13.643371 3.612765 0.467514
v 13.798795 3.274804 0.383688
v 13.761470 2.926124 0.403352
v 13.551171 2.654823 0.515884
v 13.266176 2.514738 0.668522
v 13.022008 2.585716 0.799239
v 12.876483 2.813960 0.876994
v 12.836644 3.084640 0.898006
v 12.932514 3.276319 0.846155
v 13.097095 3.351808 0.757413
v 13.241077 3.304316 0.679731
v 11.986926 3.925516 1.222344
v 12.578166 4.517347 0.908159
v 13.307101 4.647336 0.520451
v 13.994006 4.268410 0.155309
v 14.429454 3.575890 -0.074822
v 14.430034 2.796131 -0.071474
v 13.990112 2.138166 0.168387
v 13.351081 1.798781 0.515146
v 12.755957 1.920252 0.838333
v 12.349198 2.424440 1.060385
v 12.217357 3.053302 1.134835
v 12.396794 3.575228 1.042153
v 12.791919 3.890138 0.833671
v 13.240858 3.948819 0.596293
v 13.609435 3.750831 0.402065
v 13.824019 3.389974 0.290516
v 13.829669 2.985445 0.291146
v 13.628984 2.643176 0.402555
v 13.327319 2.454769 0.568183
v 13.038590 2.483966 0.726867
v 12.832582 2.708081 0.841135
v 12.757054 3.003517 0.885347
v 12.827998 3.246692 0.850917
v 12.998157 3.380855 0.763221
v 13.174784 3.376070 0.672050
v 11.988360 4.021848 1.348824
v 12.622445 4.627292 1.008314
v 13.404148 4.741428 0.588599
v 14.127474 4.312640 0.200229
v 14.567792 3.567925 -0.036195
v 14.542747 2.728619 -0.022761
v 14.049952 2.039988 0.241808
v 13.367400 1.705584 0.608260
v 12.727875 1.865046 0.951610
v 12.306010 2.429743 1.178099
v 12.187118 3.103149 1.241919
v 12.405459 3.659684 1.124673
v 12.845986 3.975659 0.888141
v 13.326918 4.011186 0.629912
v 13.714169 3.768615 0.421981
v 13.922998 3.361632 0.309844
v 13.899378 2.918685 0.322513
v 13.654762 2.563377 0.453829
v 13.319113 2.386538 0.634029
v 13.000666 2.453172 0.804992
v 12.791618 2.730225 0.917218
v 12.733994 3.058146 0.948140
v 12.842673 3.319291 0.889774
v 13.052529 3.439330 0.777089
v 13.251053 3.394919 0.670488
v 12.183403 3.894670 1.357140
v 12.746504 4.442632 1.051466
v 13.424825 4.544008 0.684002
v 14.053801 4.171492 0.343031
v 14.452185 3.509304 0.125870
v 14.430819 2.786508 0.134071
v 14.002337 2.186720 0.360857
v 13.388735 1.875554 0.687032
v 12.838132 2.007485 0.979385
v 12.471882 2.488281 1.172758
v 12.355310 3.082613 1.232076
v 12.531845 3.556388 1.134021
v 12.902326 3.835459 0.931840
v 13.320050 3.879825 0.704291
v 13.651644 3.685524 0.522987
v 13.838896 3.345681 0.419181
v 13.829922 2.974935 0.420732
v 13.632836 2.667155 0.523275
v 13.344060 2.497408 0.675050
v 13.079557 2.536269 0.813789
v 12.898538 2.749724 0.907714
v 12.832080 3.026541 0.940124
v 12.902650 3.242682 0.898963
v 13.058469 3.354204 0.812034
v 13.212974 3.339862 0.725808
v 12.084211 3.942088 1.405529
v 12.678189 4.531718 1.083189
v 13.410462 4.656255 0.686904
v 14.096994 4.268453 0.315180
v 14.527892 3.568670 0.080708
v 14.519455 2.782544 0.082115
v 14.068228 2.123774 0.321257
v 13.420863 1.787754 0.665707
v 12.818879 1.917303 0.985794
v 12.410449 2.430921 1.201957
v 12.280077 3.065239 1.268834
v 12.464330 3.589576 1.166787
v 12.863632 3.901612 0.949275
v 13.313652 3.954688 0.704536
v 13.680293 3.748588 0.504560
v 13.889150 3.380813 0.389299
v 13.885722 2.971923 0.388018
v 13.674753 2.630149 0.498165
v 13.365480 2.445532 0.661095
v 13.070918 2.482636 0.816121
v 12.864196 2.715843 0.923991
v 12.790541 3.015821 0.960413
v 12.866298 3.260073 0.916615
v 13.040440 3.389622 0.819997
v 13.217014 3.376525 0.722068
v 10.575814 7.185501 2.482756
v 10.173991 7.898618 2.861538
v 9.923322 8.195371 3.109793
v 9.647554 8.355427 3.388534
v 9.239614 8.425880 3.761157
v 8.611755 8.380475 4.272629
v 7.803858 7.686664 4.858040
v 6.891918 5.496303 5.419670
v 10.559888 7.158655 2.418616
v 10.161285 7.871442 2.801830
v 9.916767 8.175276 3.050993
v 9.647181 8.346537 3.330850
v 9.246138 8.426524 3.707042
v 8.624207 8.387783 4.223735
v 7.814829 7.713407 4.819909
v 6.894067 5.534999 5.396412
v 10.707501 7.305987 2.399628
v 10.292900 8.007815 2.786518
v 10.013251 8.316218 3.058467
v 9.701431 8.483361 3.368475
v 9.263551 8.544791 3.765461
v 8.617102 8.481499 4.289088
v 7.774821 7.754543 4.897292
v 6.851767 5.524078 5.462177
v 10.691573 7.279140 2.335486
v 10.280192 7.980637 2.726813
v 10.006690 8.296123 2.999667
v 9.701056 8.474470 3.310794
v 9.270074 8.545436 3.711347
v 8.629553 8.488805 4.240194
v 7.785793 7.781286 4.859160
v 6.853915 5.562773 5.438918
v 10.623677 7.151676 2.509557
v 10.218917 7.865201 2.884101
v 9.969893 8.166357 3.123074
v 9.696235 8.335502 3.392215
v 9.287892 8.416181 3.760586
v 8.657702 8.378438 4.270200
v 7.843296 7.704312 4.856702
v 6.917758 5.527675 5.423579
v 10.755363 7.272164 2.426426
v 10.337826 7.974396 2.809085
v 10.059816 8.287203 3.071749
v 9.750109 8.463434 3.372158
v 9.311829 8.535094 3.764890
v 8.663050 8.479462 4.286657
v 7.814261 7.772190 4.895952
v 6.877608 5.555451 5.466084
v 8.094018 7.911846 4.676142
v 8.052574 7.900258 4.677817
v 8.064004 7.921020 4.636372
v 8.036413 8.008578 4.649281
v 8.048814 7.986432 4.697279
v 8.097590 7.995232 4.719449
v 8.158483 7.965209 4.629717
v 8.116523 7.955177 4.631478
v 8.128069 7.974397 4.589181
v 8.072787 8.039530 4.623453
v 8.121563 8.048333 4.645623
v 8.133965 8.026184 4.693622
v 7.427016 7.913267 4.847991
v 6.286882 6.411640 5.077092
v 5.832020 5.564660 5.086171
v 7.424738 7.931068 4.885552
v 6.281789 6.420888 5.104058
v 5.827477 5.567147 5.101617
v 7.445986 7.876486 4.843505
v 6.309705 6.394659 5.071677
v 5.846018 5.556986 5.082937
v 7.462675 7.857502 4.876580
v 6.327433 6.386923 5.093226
v 5.855472 5.551796 5.095142
v 7.441428 7.912087 4.918627
v 6.299520 6.413153 5.125607
v 5.836931 5.561958 5.113823
v 7.460398 7.875305 4.914142
v 6.322341 6.396171 5.120192
v 5.850930 5.554284 5.110586
vt 0.039120 0.105294
vt 0.052897 0.089035
vt 0.280833 0.292615
vt 0.276803 0.297322
vt 0.066045 0.074974
vt 0.284627 0.288496
vt 0.080142 0.061105
vt 0.984489 0.765162
vt 0.098072 0.045069
vt 0.980499 0.774721
vt 0.108879 0.036124
vt 0.968760 0.777472
vt 0.976830 0.974709
vt 0.978440 0.972166
vt 0.982549 0.972315
vt 0.980745 0.970411
vt 0.982697 0.968487
vt 0.985151 0.968053
vt 0.975650 0.977264
vt 0.029330 0.299753
vt 0.106326 0.221153
vt 0.578767 0.561555
vt 0.575168 0.566081
vt 0.602449 0.582773
vt 0.599216 0.587164
vt 0.620137 0.598690
vt 0.616694 0.602520
vt 0.639556 0.615892
vt 0.636593 0.619757
vt 0.665399 0.638996
vt 0.662810 0.642696
vt 0.706092 0.674978
vt 0.703833 0.678468
vt 0.039320 0.471299
vt 0.025662 0.481459
vt 0.761357 0.955401
vt 0.753127 0.952642
vt 0.753725 0.942770
vt 0.753097 0.939233
vt 0.848865 0.834275
vt 0.850777 0.831487
vt 0.097239 0.228568
vt 0.581866 0.557395
vt 0.605401 0.578900
vt 0.623598 0.595465
vt 0.642262 0.612481
vt 0.667673 0.635710
vt 0.708330 0.671973
vt 0.054099 0.478320
vt 0.751791 0.948030
vt 0.751910 0.944598
vt 0.853232 0.829367
vt 0.473479 0.449563
vt 0.585299 0.553291
vt 0.608648 0.575071
vt 0.626919 0.591921
vt 0.645075 0.609061
vt 0.670179 0.632484
vt 0.710728 0.669048
vt 0.937960 0.515264
vt 0.936970 0.498544
vt 0.070369 0.477076
vt 0.855805 0.827516
vt 0.478377 0.444640
vt 0.590158 0.548926
vt 0.613622 0.571514
vt 0.631489 0.588204
vt 0.649680 0.605981
vt 0.674698 0.630023
vt 0.715000 0.667101
vt 0.932861 0.532842
vt 0.444378 0.053576
vt 0.445046 0.042697
vt 0.450895 0.044104
vt 0.449234 0.051008
vt 0.859302 0.827664
vt 0.481186 0.441739
vt 0.571369 0.569894
vt 0.595692 0.590799
vt 0.613607 0.606103
vt 0.633508 0.622950
vt 0.659887 0.645568
vt 0.701233 0.681223
vt 0.983494 0.492832
vt 0.445653 0.034561
vt 0.451400 0.037962
vt 0.861108 0.824625
vt 0.066570 0.449535
vt 0.966685 0.491477
vt 0.076294 0.462558
vt 0.951261 0.479255
vt 0.162288 0.583629
vt 0.207733 0.523257
vt 0.239497 0.639229
vt 0.283933 0.584738
vt 0.307589 0.686569
vt 0.348822 0.637812
vt 0.376237 0.733937
vt 0.413784 0.688333
vt 0.466829 0.796333
vt 0.500764 0.752548
vt 0.584620 0.876585
vt 0.615411 0.836291
vt 0.719464 0.968671
vt 0.753507 0.938296
vt 0.198082 0.535011
vt 0.189244 0.546428
vt 0.274791 0.595619
vt 0.265077 0.604946
vt 0.340943 0.648350
vt 0.331466 0.656201
vt 0.406882 0.698224
vt 0.398350 0.705596
vt 0.493942 0.761307
vt 0.486706 0.768644
vt 0.608613 0.843802
vt 0.602127 0.850503
vt 0.744559 0.942337
vt 0.736912 0.946425
vt 0.171946 0.570713
vt 0.246985 0.626230
vt 0.313683 0.674173
vt 0.382073 0.722389
vt 0.472948 0.785812
vt 0.590202 0.866844
vt 0.724540 0.959811
vt 0.180982 0.558476
vt 0.255520 0.614834
vt 0.321921 0.663972
vt 0.389671 0.712974
vt 0.479600 0.776807
vt 0.596007 0.858409
vt 0.730295 0.952619
vt 0.690976 0.297044
vt 0.706871 0.291860
vt 0.606154 0.208645
vt 0.620544 0.208325
vt 0.539550 0.152259
vt 0.552850 0.150097
vt 0.438896 0.063159
vt 0.450606 0.061858
vt 0.717458 0.281056
vt 0.725908 0.261179
vt 0.629135 0.198201
vt 0.631287 0.179702
vt 0.560089 0.140698
vt 0.562127 0.123717
vt 0.459791 0.056040
vt 0.466766 0.044888
vt 0.750583 0.239852
vt 0.650802 0.158023
vt 0.580239 0.105229
vt 0.481092 0.028049
vt 0.740214 0.250912
vt 0.642338 0.168487
vt 0.572953 0.114428
vt 0.475716 0.036579
vt 0.915965 0.746151
vt 0.927828 0.748533
vt 0.467951 0.429941
vt 0.465174 0.432881
vt 0.914016 0.756383
vt 0.460458 0.437979
vt 0.302084 0.304184
vt 0.034683 0.223663
vt 0.298417 0.308281
vt 0.028525 0.233634
vt 0.294376 0.312831
vt 0.016478 0.238498
vt 0.201443 0.043475
vt 0.205320 0.044059
vt 0.205953 0.045501
vt 0.203527 0.046837
vt 0.200764 0.043512
vt 0.202456 0.046768
vt 0.882069 0.974676
vt 0.880722 0.972832
vt 0.891378 0.976404
vt 0.891043 0.977996
vt 0.881977 0.971466
vt 0.891070 0.972293
vt 0.890980 0.671315
vt 0.896264 0.660443
vt 0.854815 0.618991
vt 0.858795 0.608085
vt 0.819925 0.571485
vt 0.823371 0.560646
vt 0.782843 0.523326
vt 0.786036 0.512712
vt 0.744428 0.475927
vt 0.747008 0.465328
vt 0.708894 0.434016
vt 0.710936 0.423630
vt 0.670060 0.390602
vt 0.671948 0.380466
vt 0.630220 0.348274
vt 0.631527 0.338184
vt 0.596006 0.313546
vt 0.596754 0.303709
vt 0.561041 0.280049
vt 0.561535 0.270471
vt 0.526302 0.248512
vt 0.526314 0.239050
vt 0.496240 0.222421
vt 0.495787 0.213279
vt 0.465946 0.197634
vt 0.465230 0.188758
vt 0.436607 0.174770
vt 0.435483 0.166103
vt 0.410008 0.154983
vt 0.408474 0.146660
vt 0.384210 0.136897
vt 0.382293 0.128852
vt 0.359887 0.120757
vt 0.357633 0.113078
vt 0.334644 0.105080
vt 0.332153 0.097762
vt 0.309647 0.090500
vt 0.306787 0.083423
vt 0.288681 0.078998
vt 0.285452 0.072371
vt 0.267842 0.068510
vt 0.264304 0.062326
vt 0.247224 0.058991
vt 0.243484 0.053016
vt 0.230462 0.051637
vt 0.226441 0.046085
vt 0.215805 0.046341
vt 0.211080 0.042296
vt 0.884888 0.677600
vt 0.849704 0.625451
vt 0.815371 0.577986
vt 0.777987 0.529532
vt 0.740435 0.482273
vt 0.705381 0.440286
vt 0.665985 0.396528
vt 0.626981 0.354276
vt 0.593210 0.319420
vt 0.557846 0.285653
vt 0.523761 0.254081
vt 0.493836 0.227785
vt 0.463436 0.202788
vt 0.434541 0.179805
vt 0.408036 0.159805
vt 0.382595 0.141555
vt 0.358541 0.125209
vt 0.333104 0.109320
vt 0.308636 0.094579
vt 0.288013 0.082806
vt 0.266905 0.072123
vt 0.246671 0.062419
vt 0.229967 0.054882
vt 0.215535 0.049141
vt 0.874009 0.680607
vt 0.839283 0.629524
vt 0.805328 0.582241
vt 0.767947 0.533493
vt 0.731009 0.486490
vt 0.696283 0.444672
vt 0.656755 0.400479
vt 0.618377 0.358417
vt 0.584937 0.323711
vt 0.549501 0.289606
vt 0.515945 0.258123
vt 0.486198 0.231804
vt 0.455862 0.206550
vt 0.427361 0.183562
vt 0.401022 0.163449
vt 0.375910 0.145160
vt 0.352090 0.128795
vt 0.326623 0.112579
vt 0.302634 0.097824
vt 0.282326 0.086130
vt 0.261100 0.075128
vt 0.241236 0.065358
vt 0.224600 0.057884
vt 0.210476 0.051492
vt 0.859620 0.691380
vt 0.824797 0.639185
vt 0.791478 0.591754
vt 0.755014 0.544056
vt 0.718481 0.496151
vt 0.684363 0.454241
vt 0.645972 0.411356
vt 0.607906 0.368339
vt 0.575055 0.333472
vt 0.540732 0.300296
vt 0.507520 0.268073
vt 0.478488 0.241835
vt 0.449067 0.216897
vt 0.420959 0.193378
vt 0.395316 0.173234
vt 0.370683 0.154536
vt 0.347431 0.137888
vt 0.323000 0.121911
vt 0.299181 0.106412
vt 0.279252 0.094219
vt 0.259154 0.083424
vt 0.239414 0.072972
vt 0.222859 0.064950
vt 0.207295 0.056611
vt 0.867675 0.688075
vt 0.832618 0.636549
vt 0.799019 0.589234
vt 0.762221 0.540841
vt 0.725483 0.493503
vt 0.691085 0.451650
vt 0.652277 0.407867
vt 0.614061 0.365434
vt 0.580927 0.330646
vt 0.546168 0.296795
vt 0.512802 0.265001
vt 0.483441 0.238652
vt 0.453644 0.213425
vt 0.425360 0.190185
vt 0.399400 0.169983
vt 0.374556 0.151481
vt 0.351047 0.134947
vt 0.326187 0.118690
vt 0.302296 0.103599
vt 0.282159 0.091656
vt 0.261591 0.080564
vt 0.241811 0.070457
vt 0.225194 0.062697
vt 0.210071 0.055493
vt 0.318284 0.485147
vt 0.306364 0.488109
vt 0.436700 0.586395
vt 0.425306 0.588562
vt 0.499329 0.638994
vt 0.488489 0.640412
vt 0.557055 0.687158
vt 0.546952 0.688125
vt 0.631393 0.749840
vt 0.622013 0.750127
vt 0.738191 0.840490
vt 0.729407 0.840476
vt 0.833540 0.923668
vt 0.825465 0.922891
vt 0.874279 0.975129
vt 0.878788 0.972497
vt 0.284187 0.513539
vt 0.352250 0.446375
vt 0.403967 0.610527
vt 0.465464 0.548960
vt 0.469146 0.659297
vt 0.523988 0.605078
vt 0.529962 0.704583
vt 0.578538 0.657809
vt 0.607479 0.764718
vt 0.650185 0.724854
vt 0.715492 0.849960
vt 0.751881 0.817028
vt 0.563484 0.945091
vt 0.576647 0.942760
vt 0.897038 0.959286
vt 0.900077 0.954813
vt 0.319261 0.474106
vt 0.437248 0.575915
vt 0.499420 0.629088
vt 0.556379 0.678010
vt 0.629986 0.741488
vt 0.737078 0.832588
vt 0.832222 0.916598
vt 0.881304 0.968056
vt 0.341665 0.449004
vt 0.455480 0.551055
vt 0.514597 0.606596
vt 0.569649 0.658438
vt 0.641879 0.724743
vt 0.744161 0.817123
vt 0.582537 0.930331
vt 0.891745 0.960112
vt 0.844732 0.934953
vt 0.843884 0.927719
vt 0.837220 0.933538
vt 0.550044 0.943837
vt 0.541031 0.953903
vt 0.544345 0.966706
vt 0.032974 0.592391
vt 0.031787 0.594695
vt 0.030879 0.595815
vt 0.030533 0.595752
vt 0.032532 0.592061
vt 0.030558 0.595567
vt 0.424043 0.850667
vt 0.429725 0.842260
vt 0.030987 0.596687
vt 0.033519 0.592697
vt 0.417237 0.857668
vt 0.028457 0.600604
vt 0.410324 0.865492
vt 0.026040 0.604502
vt 0.400786 0.882919
vt 0.017357 0.616089
vt 0.404892 0.874182
vt 0.022080 0.610603
vt 0.264426 0.244323
vt 0.263260 0.255678
vt 0.242420 0.278011
vt 0.315792 0.279170
vt 0.302734 0.293974
vt 0.313945 0.292223
vt 0.447447 0.433994
vt 0.443596 0.438012
vt 0.469559 0.453700
vt 0.439519 0.442622
vt 0.461787 0.462407
vt 0.465908 0.457862
vt 0.790257 0.733097
vt 0.782899 0.731243
vt 0.791657 0.726976
vt 0.781622 0.721862
vt 0.765997 0.740064
vt 0.778996 0.727051
vt 0.777792 0.739096
vt 0.772603 0.740556
vt 0.779435 0.734298
vt 0.770878 0.731059
vt 0.776120 0.730640
vt 0.768912 0.736363
vt 0.444996 0.455058
vt 0.458050 0.466704
vt 0.284681 0.313270
vt 0.716257 0.664018
vt 0.784259 0.718803
vt 0.676283 0.627330
vt 0.651396 0.603302
vt 0.632977 0.584869
vt 0.615831 0.568726
vt 0.592885 0.546438
vt 0.026969 0.120891
vt 0.277534 0.242562
vt 0.769506 0.744084
vt 0.846590 0.836469
vt 0.987170 0.965906
vt 0.434442 0.069640
vt 0.535507 0.160609
vt 0.600024 0.216311
vt 0.685501 0.307043
vt 0.930582 0.545296
vt 0.717379 0.977972
vt 0.580511 0.886436
vt 0.462474 0.807156
vt 0.372807 0.745971
vt 0.303519 0.699476
vt 0.232782 0.652592
vt 0.152432 0.596047
vt 0.062310 0.433872
vt 0.750840 0.808606
vt 0.649652 0.715735
vt 0.578814 0.648047
vt 0.524717 0.594614
vt 0.466346 0.537535
vt 0.353475 0.434004
vt 0.109509 0.208485
vt 0.846386 0.898060
vt 0.844395 0.906946
vt 0.852608 0.913688
vt 0.817773 0.936440
vt 0.855038 0.894781
vt 0.867873 0.907364
vt 0.863075 0.914133
vt 0.824328 0.942251
vt 0.866049 0.985184
vt 0.037405 0.586584
vt 0.434093 0.832894
vt 0.550014 0.978531
vt 0.215257 0.039838
vt 0.231761 0.045053
vt 0.249138 0.051996
vt 0.270146 0.061320
vt 0.291581 0.071495
vt 0.313127 0.082391
vt 0.338579 0.096635
vt 0.364368 0.112210
vt 0.389261 0.127901
vt 0.415617 0.145663
vt 0.442871 0.165123
vt 0.472771 0.187677
vt 0.503609 0.212506
vt 0.534401 0.238255
vt 0.569742 0.269535
vt 0.605261 0.303305
vt 0.640286 0.337619
vt 0.680821 0.379670
vt 0.720101 0.423571
vt 0.756455 0.465144
vt 0.795643 0.512288
vt 0.833235 0.560815
vt 0.868897 0.608142
vt 0.906564 0.658956
vt 0.923970 0.805841
vn -0.992093 0.037254 -0.119851
vn -0.992093 0.037254 -0.119851
vn -0.992137 0.036041 -0.119856
vn -0.992137 0.036038 -0.119856
vn -0.525735 0.040018 0.849707
vn -0.525735 0.040018 0.849707
vn -0.525762 0.038712 0.849750
vn -0.525762 0.038712 0.849750
vn 0.341588 0.038068 0.939079
vn 0.341588 0.038068 0.939079
vn 0.345423 0.036756 0.937727
vn 0.187605 0.020753 0.982025
vn 0.997813 0.031133 -0.058316
vn 0.893262 0.040880 -0.447674
vn 0.898237 -0.014337 -0.439277
vn 0.990397 -0.087550 0.107001
vn 0.550842 0.043545 -0.833473
vn 0.476369 -0.110884 -0.872225
vn -0.498635 0.033787 -0.866154
vn -0.498634 0.033787 -0.866154
vn -0.749755 0.012942 -0.661589
vn -0.500650 0.033648 -0.864995
vn -0.409167 -0.592030 -0.694322
vn -0.758053 -0.427707 -0.492364
vn -0.598610 -0.306741 -0.739984
vn -0.763581 0.094670 -0.638735
vn -0.614257 0.313056 -0.724351
vn -0.482463 -0.313295 -0.817971
vn -0.251789 -0.611490 -0.750121
vn -0.992736 -0.002004 -0.120297
vn -0.992736 -0.002004 -0.120297
vn -0.992601 -0.038634 -0.115112
vn -0.992353 -0.047840 -0.113783
vn -0.943693 -0.327342 -0.047851
vn -0.939709 -0.339395 -0.041925
vn -0.913316 -0.407215 -0.005378
vn -0.913294 -0.407266 -0.005356
vn -0.890124 -0.455211 0.021490
vn -0.887374 -0.460414 0.024217
vn -0.774062 -0.620551 0.125478
vn -0.763985 -0.631318 0.133287
vn -0.726855 -0.289299 0.622886
vn -0.683891 -0.626528 0.373839
vn -0.698626 -0.305097 0.647177
vn -0.671602 -0.486069 0.559185
vn -0.658896 -0.605583 -0.446234
vn -0.635769 -0.644993 -0.424008
vn -0.636076 -0.644497 -0.424300
vn -0.658896 -0.605583 -0.446234
vn -0.522271 -0.719046 0.458481
vn -0.812300 -0.262634 0.520762
vn -0.431818 -0.793835 0.428206
vn -0.431818 -0.793835 0.428205
vn -0.523719 0.051218 0.850350
vn -0.523719 0.051218 0.850350
vn -0.524676 0.071247 0.848315
vn -0.524980 0.078744 0.847464
vn -0.535834 0.220047 0.815145
vn -0.537446 0.223910 0.813029
vn -0.541776 0.239877 0.805567
vn -0.542722 0.241663 0.804395
vn -0.527508 0.218973 0.820845
vn -0.527176 0.218708 0.821128
vn -0.528297 0.227462 0.818024
vn -0.528938 0.228920 0.817203
vn -0.617716 0.124734 0.776446
vn -0.671615 0.041034 0.739763
vn -0.615231 -0.676578 -0.404639
vn -0.615231 -0.676578 -0.404639
vn -0.871802 0.159646 0.463114
vn -0.899257 0.265535 0.347604
vn -0.899257 0.265535 0.347604
vn 0.597909 -0.025158 0.801169
vn 0.403690 0.044995 0.913789
vn 0.402815 0.110445 0.908593
vn 0.402602 0.118431 0.907681
vn 0.346415 0.498793 0.794482
vn 0.344325 0.504584 0.791730
vn 0.308528 0.591074 0.745279
vn 0.308401 0.591402 0.745072
vn 0.294679 0.610827 0.734884
vn 0.292835 0.614411 0.732630
vn 0.192745 0.750872 0.631697
vn 0.186474 0.757667 0.625435
vn 0.039547 0.877197 0.478498
vn 0.036964 0.878752 0.475846
vn -0.024381 0.910112 0.413644
vn -0.025846 0.910568 0.412549
vn -0.275898 0.939568 0.202714
vn -0.276375 0.939524 0.202267
vn -0.358108 0.931806 0.059137
vn -0.362894 0.930496 0.049849
vn -0.417226 0.906676 -0.062141
vn -0.417226 0.906676 -0.062141
vn 0.996599 -0.005254 -0.082239
vn 0.996596 -0.005294 -0.082268
vn 0.995443 0.033038 -0.089457
vn 0.995869 0.023260 -0.087774
vn 0.951639 0.269527 -0.147440
vn 0.958365 0.249479 -0.138915
vn 0.927915 0.325571 -0.181595
vn 0.926490 0.329633 -0.181546
vn 0.898121 0.383998 -0.214302
vn 0.906806 0.367027 -0.207351
vn 0.784805 0.550169 -0.285297
vn 0.812672 0.516084 -0.270593
vn 0.720885 0.358504 -0.593127
vn 0.695506 0.616538 -0.368989
vn 0.710775 0.355922 -0.606728
vn 0.649813 0.626146 -0.430911
vn -0.187629 -0.054187 -0.980744
vn -0.004660 -0.485080 -0.874457
vn -0.029288 -0.433783 -0.900541
vn -0.187629 -0.054187 -0.980744
vn 0.573956 0.676756 -0.461060
vn 0.777907 0.361561 -0.513940
vn 0.500415 0.740545 -0.448529
vn 0.500415 0.740545 -0.448529
vn 0.520926 -0.042643 -0.852536
vn 0.520914 -0.042800 -0.852535
vn 0.521979 -0.072172 -0.849899
vn 0.521658 -0.066313 -0.850574
vn 0.537184 -0.201792 -0.818971
vn 0.538332 -0.203700 -0.817743
vn 0.543779 -0.221676 -0.809422
vn 0.537477 -0.216115 -0.815115
vn 0.519732 -0.205617 -0.829216
vn 0.518128 -0.205561 -0.830234
vn 0.522270 -0.217280 -0.824635
vn 0.524465 -0.220320 -0.822433
vn 0.600041 -0.175900 -0.780391
vn 0.651982 -0.134405 -0.746227
vn 0.267768 -0.905863 -0.328196
vn 0.267768 -0.905863 -0.328196
vn 0.848931 -0.038411 -0.527106
vn 0.905332 -0.013299 -0.424496
vn 0.905332 -0.013299 -0.424496
vn -0.403678 -0.041908 -0.913941
vn -0.600757 0.026844 -0.798981
vn -0.402798 -0.110770 -0.908562
vn -0.402983 -0.102880 -0.909407
vn -0.345703 -0.500359 -0.793807
vn -0.347913 -0.494184 -0.796705
vn -0.314799 -0.576556 -0.753979
vn -0.314898 -0.576301 -0.754133
vn -0.300076 -0.600075 -0.741529
vn -0.301997 -0.596181 -0.743886
vn -0.191021 -0.752119 -0.630736
vn -0.197595 -0.744806 -0.637354
vn -0.030979 -0.888135 -0.458538
vn -0.033949 -0.886255 -0.461951
vn 0.034540 -0.921963 -0.385734
vn 0.036822 -0.922421 -0.384427
vn 0.269064 -0.934028 -0.234937
vn 0.270910 -0.933828 -0.233610
vn 0.360475 -0.930474 -0.065389
vn 0.355461 -0.931605 -0.075895
vn 0.416568 -0.907065 0.060866
vn 0.416568 -0.907065 0.060866
vn -0.760877 -0.299870 0.575451
vn -0.797212 0.006298 0.603667
vn -0.653293 -0.574288 0.493357
vn 0.744797 0.334271 -0.577530
vn 0.789371 -0.060007 -0.610976
vn 0.597392 0.653893 -0.464270
vn -0.653338 -0.335175 0.678828
vn -0.653417 -0.335342 0.678669
vn -0.596871 -0.331964 0.730441
vn -0.590083 -0.338963 0.732739
vn -0.487469 -0.414551 0.768454
vn -0.465901 -0.424938 0.776121
vn -0.346931 -0.450506 0.822608
vn -0.329759 -0.448727 0.830604
vn -0.261509 -0.431033 0.863611
vn -0.257660 -0.429001 0.865777
vn -0.224329 -0.414053 0.882177
vn -0.223002 -0.413613 0.882720
vn -0.199958 -0.409392 0.890177
vn -0.199294 -0.409398 0.890323
vn -0.188861 -0.409473 0.892560
vn -0.188861 -0.409473 0.892560
vn 0.267806 -0.262711 -0.926964
vn 0.267806 -0.262711 -0.926964
vn 0.093056 -0.340035 -0.935797
vn 0.098109 -0.337994 -0.936021
vn -0.019989 -0.433700 -0.900836
vn -0.026504 -0.427813 -0.903479
vn 0.169392 -0.538119 -0.825672
vn 0.135636 -0.524159 -0.840750
vn 0.474453 -0.559405 -0.679677
vn 0.441555 -0.565815 -0.696335
vn 0.650421 -0.482569 -0.586584
vn 0.642960 -0.488348 -0.590016
vn 0.717512 -0.421539 -0.554510
vn 0.715784 -0.423469 -0.555271
vn 0.739908 -0.390791 -0.547557
vn 0.739623 -0.391461 -0.547463
vn 0.744013 -0.380994 -0.548897
vn 0.744013 -0.380994 -0.548897
vn -0.748634 -0.636637 0.185040
vn -0.748634 -0.636637 0.185040
vn -0.742318 -0.667983 0.052555
vn -0.743553 -0.665447 0.065645
vn -0.636955 -0.765822 -0.088348
vn -0.636121 -0.766553 -0.088015
vn -0.348215 -0.937049 0.026172
vn -0.330909 -0.943093 0.032789
vn 0.081120 -0.973983 0.211603
vn 0.099953 -0.970158 0.220914
vn 0.329596 -0.877654 0.347980
vn 0.332988 -0.875418 0.350374
vn 0.421288 -0.807668 0.412539
vn 0.421798 -0.807216 0.412902
vn 0.457816 -0.773493 0.438307
vn 0.457846 -0.773463 0.438328
vn 0.467763 -0.763545 0.445193
vn 0.467763 -0.763545 0.445193
vn -0.022065 0.441387 0.897046
vn -0.022065 0.441387 0.897046
vn 0.070866 0.469741 0.879955
vn 0.073658 0.470526 0.879307
vn 0.121015 0.538664 0.833784
vn 0.114858 0.544574 0.830811
vn -0.076953 0.657750 0.749295
vn -0.104398 0.668393 0.736445
vn -0.423346 0.693166 0.583351
vn -0.445181 0.688645 0.572348
vn -0.650793 0.603107 0.461226
vn -0.653512 0.601204 0.459865
vn -0.737261 0.535652 0.411731
vn -0.737146 0.535751 0.411808
vn -0.766978 0.510641 0.388575
vn -0.766785 0.510770 0.388786
vn -0.773757 0.506021 0.381107
vn -0.773757 0.506021 0.381107
vn 0.812106 0.550571 -0.193277
vn 0.812106 0.550571 -0.193277
vn 0.775486 0.628800 -0.056850
vn 0.773916 0.631126 -0.052275
vn 0.621813 0.778880 0.081826
vn 0.622614 0.778206 0.082140
vn 0.324511 0.945237 -0.034925
vn 0.340120 0.939936 -0.028965
vn -0.092080 0.971677 -0.217634
vn -0.074520 0.975077 -0.208976
vn -0.334852 0.874314 -0.351353
vn -0.331585 0.876469 -0.349075
vn -0.428470 0.801629 -0.416898
vn -0.427985 0.802070 -0.416548
vn -0.464286 0.767224 -0.442500
vn -0.464258 0.767251 -0.442481
vn -0.473935 0.757306 -0.449302
vn -0.473935 0.757306 -0.449302
vn 0.714264 0.156502 -0.682154
vn 0.714264 0.156502 -0.682154
vn 0.651228 0.171415 -0.739269
vn 0.645971 0.172553 -0.743604
vn 0.506544 0.220110 -0.833646
vn 0.511442 0.216156 -0.831687
vn 0.433211 0.256931 -0.863895
vn 0.443033 0.254949 -0.859490
vn 0.390412 0.248965 -0.886338
vn 0.392833 0.252062 -0.884390
vn 0.384684 0.229638 -0.894027
vn 0.384550 0.230488 -0.893866
vn 0.388773 0.214508 -0.896014
vn 0.388731 0.214617 -0.896006
vn 0.394945 0.199087 -0.896874
vn 0.395043 0.198852 -0.896883
vn 0.398626 0.190217 -0.897171
vn 0.398626 0.190217 -0.897171
vn 0.901498 0.418109 0.111744
vn 0.960905 0.248858 -0.121370
vn 0.939187 0.343405 0.000695
vn 0.898350 0.424023 0.114772
vn 0.894474 0.446378 0.025759
vn 0.870723 0.478160 0.114909
vn 0.896443 0.432160 -0.098123
vn 0.829220 0.553865 -0.075020
vn 0.908437 0.372812 -0.189085
vn 0.848311 0.488453 -0.204405
vn 0.913933 0.348607 -0.207846
vn 0.852506 0.441873 -0.279253
vn -0.918467 -0.081177 0.387078
vn -0.918467 -0.081177 0.387078
vn -0.922633 -0.029047 0.384584
vn -0.924297 0.030431 0.380459
vn -0.918233 0.269610 0.290103
vn -0.925905 0.342737 0.158841
vn -0.918024 0.384400 -0.097306
vn -0.926909 0.342015 -0.154486
vn -0.934277 0.281665 -0.218613
vn -0.936876 0.261068 -0.232611
vn -0.938646 0.243155 -0.244578
vn -0.938647 0.243155 -0.244578
vn -0.470902 0.419639 0.775986
vn -0.470902 0.419639 0.775986
vn -0.440996 0.519493 0.731881
vn -0.441258 0.518720 0.732271
vn -0.356534 0.713046 0.603696
vn -0.356534 0.713046 0.603696
vn -0.400931 0.916102 -0.003375
vn -0.400931 0.916102 -0.003375
vn -0.405172 0.891068 -0.204531
vn -0.404928 0.888686 -0.215106
vn -0.391815 0.785485 -0.479057
vn -0.391456 0.781902 -0.485172
vn -0.384879 0.730983 -0.563500
vn -0.384879 0.730983 -0.563500
vn 0.950837 0.106567 -0.290780
vn 0.961785 0.152003 -0.227738
vn 0.955034 0.296367 -0.008774
vn 0.959309 0.279783 -0.038041
vn 0.965224 0.248660 -0.080683
vn 0.968580 0.221894 -0.112319
vn 0.469155 -0.433497 -0.769398
vn 0.469155 -0.433497 -0.769398
vn 0.441846 -0.516992 -0.733138
vn 0.440923 -0.519541 -0.731891
vn 0.354750 -0.707237 -0.611529
vn 0.354750 -0.707237 -0.611529
vn 0.399312 -0.915948 0.039875
vn 0.399312 -0.915948 0.039875
vn 0.402852 -0.884371 0.235792
vn 0.403073 -0.887047 0.225121
vn 0.392254 -0.785670 0.478392
vn 0.392629 -0.789340 0.472001
vn 0.385922 -0.737250 0.554551
vn 0.385922 -0.737250 0.554551
vn -0.336430 -0.646340 -0.684879
vn -0.336430 -0.646340 -0.684879
vn -0.322308 -0.716239 -0.618966
vn -0.325384 -0.702761 -0.632655
vn -0.300470 -0.793837 -0.528716
vn -0.300470 -0.793837 -0.528716
vn -0.259243 -0.964936 0.041134
vn -0.259243 -0.964936 0.041134
vn -0.277287 -0.930667 0.238685
vn -0.274323 -0.941335 0.196558
vn -0.292824 -0.825605 0.482319
vn -0.290356 -0.848641 0.442156
vn -0.295582 -0.782108 0.548579
vn -0.295582 -0.782108 0.548579
vn 0.880798 0.013929 -0.473287
vn 0.535407 0.009480 -0.844541
vn 0.534906 0.009071 -0.844863
vn 0.878593 0.013087 -0.477392
vn 0.999409 0.014885 -0.030995
vn 0.999319 0.013880 -0.034198
vn 0.182033 0.005829 0.983275
vn 0.372569 0.009382 0.927957
vn 0.274442 0.003779 0.961596
vn 0.348073 -0.009145 0.937423
vn -0.526163 0.000000 0.850384
vn -0.526163 0.000000 0.850384
vn -0.526163 0.000000 0.850384
vn -0.526163 0.000000 0.850384
vn -0.992782 0.000000 -0.119930
vn -0.992782 0.000000 -0.119930
vn -0.992782 0.000000 -0.119930
vn -0.992782 0.000000 -0.119930
vn -0.794854 0.004527 -0.606784
vn -0.729766 0.009329 -0.683633
vn -0.686178 0.021297 -0.727122
vn -0.598213 0.006147 -0.801313
vn 0.716989 -0.148480 -0.681088
vn -0.257983 -0.068223 -0.963738
vn -0.240924 -0.070644 -0.967969
vn 0.717512 -0.148482 -0.680537
vn 0.650703 0.011048 0.759252
vn 0.658924 0.009226 0.752153
vn -0.697308 0.099105 -0.709888
vn -0.782954 -0.287964 -0.551416
vn -0.782954 -0.287964 -0.551416
vn -0.697322 0.099068 -0.709878
vn 0.463448 -0.474923 0.748107
vn 0.689827 -0.114652 0.714838
vn 0.689816 -0.114677 0.714844
vn 0.463448 -0.474923 0.748107
vn 0.376894 -0.328794 -0.865936
vn 0.348427 -0.447718 -0.823497
vn 0.164602 -0.756234 -0.633259
vn 0.021426 -0.840404 -0.541537
vn -0.120399 -0.893753 -0.432100
vn -0.120399 -0.893753 -0.432100
vn -0.583991 -0.794657 -0.165755
vn -0.583992 -0.794657 -0.165755
vn -0.684570 -0.716318 -0.135105
vn -0.792489 -0.602591 -0.094055
vn -0.869742 -0.490299 -0.056175
vn -0.869742 -0.490299 -0.056175
vn -0.995836 0.051530 0.075202
vn -0.995836 0.051530 0.075202
vn -0.995836 0.051530 0.075202
vn -0.995836 0.051530 0.075202
vn -0.803839 0.594636 -0.015812
vn -0.803839 0.594636 -0.015812
vn -0.735756 0.672235 -0.082237
vn -0.625937 0.761086 -0.170150
vn -0.526158 0.816763 -0.236760
vn -0.526158 0.816763 -0.236760
vn 0.005335 0.895808 -0.444409
vn 0.005335 0.895808 -0.444409
vn 0.005335 0.895808 -0.444409
vn 0.005335 0.895808 -0.444409
vn 0.457086 0.585533 -0.669495
vn 0.457086 0.585533 -0.669495
vn 0.498048 0.484663 -0.719062
vn 0.548485 0.309804 -0.776651
vn 0.572454 0.176887 -0.800629
vn 0.572454 0.176887 -0.800629
vn 0.566305 -0.390292 -0.725927
vn 0.566305 -0.390292 -0.725927
vn 0.566305 -0.390292 -0.725927
vn 0.566305 -0.390292 -0.725927
vn 0.248927 -0.784962 -0.567335
vn 0.248927 -0.784962 -0.567335
vn 0.155156 -0.830192 -0.535452
vn -0.024824 -0.888157 -0.458870
vn -0.141637 -0.906092 -0.398667
vn -0.141637 -0.906092 -0.398667
vn -0.572498 -0.811871 -0.114502
vn -0.572498 -0.811871 -0.114502
vn -0.657547 -0.749102 -0.080490
vn -0.812309 -0.583212 -0.004225
vn -0.882072 -0.469325 0.041035
vn -0.882072 -0.469325 0.041035
vn -0.988073 0.056075 0.143411
vn -0.988073 0.056075 0.143411
vn -0.988073 0.056075 0.143411
vn -0.988073 0.056075 0.143411
vn -0.810357 0.581640 0.070825
vn -0.810357 0.581640 0.070825
vn -0.763274 0.645694 0.022186
vn -0.621600 0.777382 -0.096388
vn -0.540891 0.827161 -0.152452
vn -0.540891 0.827161 -0.152452
vn 0.015984 0.946039 -0.323660
vn 0.015984 0.946039 -0.323660
vn 0.015984 0.946039 -0.323660
vn 0.015984 0.946039 -0.323660
vn 0.553943 0.637581 -0.535386
vn 0.553943 0.637581 -0.535386
vn 0.584108 0.565984 -0.581791
vn 0.646538 0.316032 -0.694343
vn 0.657059 0.212456 -0.723282
vn 0.657059 0.212456 -0.723282
vn 0.698102 -0.399591 -0.594122
vn 0.698102 -0.399591 -0.594122
vn 0.698102 -0.399591 -0.594122
vn 0.698102 -0.399591 -0.594122
vn 0.449608 -0.881312 -0.145403
vn 0.347176 -0.872485 -0.343858
vn 0.347176 -0.872485 -0.343858
vn 0.449509 -0.881326 -0.145621
vn -0.104558 -0.982844 0.151936
vn -0.185843 -0.982407 -0.018432
vn -0.185843 -0.982407 -0.018432
vn -0.104875 -0.982909 0.151296
vn -0.458935 -0.009682 -0.888417
vn -0.458935 -0.009682 -0.888417
vn -0.456731 -0.013216 -0.889507
vn -0.455681 -0.014896 -0.890019
vn -0.454320 -0.030648 -0.890311
vn -0.457023 -0.032775 -0.888851
vn -0.472439 -0.037967 -0.880545
vn -0.476359 -0.037767 -0.878439
vn -0.490861 -0.032375 -0.870636
vn -0.492807 -0.030644 -0.869599
vn -0.501872 -0.017885 -0.864757
vn -0.503620 -0.013768 -0.863816
vn -0.505874 0.006077 -0.862586
vn -0.504874 0.011045 -0.863122
vn -0.497465 0.026466 -0.867080
vn -0.495728 0.028100 -0.868023
vn -0.483600 0.035494 -0.874569
vn -0.479902 0.036718 -0.876554
vn -0.462503 0.036284 -0.885875
vn -0.458446 0.034421 -0.888056
vn -0.445855 0.023516 -0.894796
vn -0.444620 0.021161 -0.895469
vn -0.440032 0.006010 -0.897962
vn -0.439664 0.001927 -0.898160
vn -0.442638 -0.016633 -0.896546
vn -0.444335 -0.019890 -0.895640
vn -0.454675 -0.032009 -0.890082
vn -0.456672 -0.033202 -0.889015
vn -0.470103 -0.037403 -0.881818
vn -0.473045 -0.037487 -0.880240
vn -0.487759 -0.033653 -0.872329
vn -0.489985 -0.032134 -0.871138
vn -0.500499 -0.020260 -0.865500
vn -0.502010 -0.017203 -0.864691
vn -0.505698 0.000879 -0.862710
vn -0.505412 0.004721 -0.862865
vn -0.500621 0.020828 -0.865416
vn -0.499454 0.022529 -0.866047
vn -0.489390 0.032296 -0.871467
vn -0.486667 0.033887 -0.872930
vn -0.469965 0.037243 -0.881899
vn -0.465903 0.036506 -0.884082
vn -0.450772 0.028850 -0.892173
vn -0.449347 0.027161 -0.892944
vn -0.441885 0.014027 -0.896962
vn -0.440938 0.010889 -0.897471
vn -0.439989 -0.007771 -0.897970
vn -0.440891 -0.011344 -0.897489
vn -0.449026 -0.027641 -0.893091
vn -0.451159 -0.029723 -0.891948
vn -0.921204 0.333488 0.200421
vn -0.921204 0.333488 0.200421
vn -0.921204 0.333488 0.200421
vn -0.921204 0.333488 0.200421
vn -0.743202 0.562586 -0.362143
vn -0.743202 0.562586 -0.362143
vn -0.567063 0.672855 -0.475085
vn -0.620064 0.645532 -0.445880
vn -0.188355 0.705547 -0.683173
vn -0.250307 0.717775 -0.649727
vn 0.118201 0.525147 -0.842763
vn 0.071666 0.571363 -0.817563
vn 0.284469 0.177411 -0.942127
vn 0.265623 0.251352 -0.930734
vn 0.245555 -0.286073 -0.926210
vn 0.271021 -0.208158 -0.939797
vn 0.038265 -0.590956 -0.805796
vn 0.091998 -0.542861 -0.834768
vn -0.288326 -0.710472 -0.641948
vn -0.210417 -0.701068 -0.681343
vn -0.682395 -0.585866 -0.437148
vn -0.609565 -0.634295 -0.475501
vn -0.907237 -0.285860 -0.308552
vn -0.871001 -0.365758 -0.327993
vn -0.949890 0.100951 -0.295833
vn -0.957354 0.000789 -0.288916
vn -0.783714 0.484934 -0.388113
vn -0.842816 0.404103 -0.355474
vn -0.503147 0.679095 -0.534484
vn -0.586226 0.645432 -0.489648
vn -0.178826 0.673766 -0.716980
vn -0.273431 0.696855 -0.663045
vn 0.108151 0.473273 -0.874252
vn 0.035215 0.550933 -0.833806
vn 0.251780 0.123333 -0.959894
vn 0.226216 0.243764 -0.943083
vn 0.196838 -0.284250 -0.938327
vn 0.237415 -0.159786 -0.958177
vn 0.007494 -0.558524 -0.829455
vn 0.086134 -0.479908 -0.873080
vn -0.308094 -0.668157 -0.677232
vn -0.178872 -0.650125 -0.738473
vn -0.684996 -0.536705 -0.492675
vn -0.559199 -0.614991 -0.555952
vn -0.893036 -0.253378 -0.371869
vn -0.831786 -0.377511 -0.406961
vn -0.919299 0.117338 -0.375660
vn -0.932532 -0.048232 -0.357851
vn -0.733641 0.468953 -0.491787
vn -0.838081 0.336625 -0.429307
vn -0.412448 0.611393 -0.675341
vn -0.570247 0.578245 -0.583482
vn -0.299871 0.621793 -0.723499
vn -0.299871 0.621793 -0.723499
vn 0.865745 -0.385528 0.319145
vn 0.909701 -0.283524 0.303412
vn 0.511374 -0.730403 0.452779
vn 0.649420 -0.652980 0.389705
vn 0.082349 -0.746158 0.660656
vn 0.249803 -0.778935 0.575203
vn -0.203038 -0.523101 0.827733
vn -0.121843 -0.627034 0.769404
vn -0.386327 -0.126126 0.913698
vn -0.316506 -0.318571 0.893497
vn -0.331959 0.394141 0.857004
vn -0.400664 0.187124 0.896913
vn -0.065571 0.665180 0.743798
vn -0.187246 0.591643 0.784154
vn 0.299691 0.788674 0.536823
vn 0.122200 0.746881 0.653633
vn 0.443257 0.794957 0.414206
vn 0.443257 0.794957 0.414206
vn 0.833233 0.519165 0.190237
vn 0.833233 0.519165 0.190237
vn 0.945578 0.269306 0.182637
vn 0.883701 0.428181 0.189033
vn 0.971036 -0.180145 0.156964
vn 0.983980 0.049209 0.171355
vn 0.748426 -0.610840 0.258329
vn 0.876631 -0.445302 0.182273
vn 0.433212 -0.780397 0.450897
vn 0.579691 -0.733678 0.354508
vn 0.045817 -0.763270 0.644452
vn 0.248419 -0.795441 0.552776
vn -0.283686 -0.511878 0.810865
vn -0.151805 -0.663098 0.732977
vn -0.459570 -0.084717 0.884092
vn -0.388827 -0.325025 0.862075
vn -0.391457 0.415173 0.821214
vn -0.467073 0.159813 0.869656
vn -0.117685 0.690499 0.713696
vn -0.280880 0.580966 0.763927
vn -0.036215 0.733698 0.678510
vn -0.036215 0.733698 0.678510
vn 0.370398 0.861139 0.348202
vn 0.370398 0.861139 0.348201
vn 0.370398 0.861139 0.348201
vn 0.370398 0.861139 0.348202
vn 0.810884 0.583821 0.040256
vn 0.810884 0.583821 0.040256
vn 0.958119 0.278605 0.066238
vn 0.854991 0.516515 0.046944
vn 0.980392 0.183275 0.072401
vn 0.980392 0.183275 0.072401
vn 0.922187 -0.384920 -0.037515
vn 0.922187 -0.384920 -0.037515
vn 0.922187 -0.384920 -0.037515
vn 0.922187 -0.384920 -0.037515
vn 0.543321 -0.833041 0.104139
vn 0.543321 -0.833041 0.104139
vn -0.000362 -0.935857 0.352381
vn -0.000362 -0.935857 0.352381
vn -0.639895 0.326316 0.695739
vn -0.639895 0.326316 0.695739
vn -0.639895 0.326316 0.695739
vn -0.639895 0.326316 0.695739
vn -0.086003 0.549372 0.831140
vn -0.086003 0.549372 0.831140
vn 0.053199 0.631181 0.773809
vn 0.096062 0.652798 0.751416
vn 0.418205 0.696833 0.582691
vn 0.467529 0.687000 0.556280
vn 0.724872 0.551150 0.413273
vn 0.763321 0.512691 0.393051
vn 0.918078 0.235984 0.318502
vn 0.933887 0.176870 0.310760
vn 0.923493 -0.211633 0.319956
vn 0.902941 -0.274107 0.331002
vn 0.739760 -0.533204 0.410424
vn 0.694446 -0.573082 0.435111
vn 0.449841 -0.682871 0.575613
vn 0.387789 -0.690550 0.610541
vn 0.067365 -0.612915 0.787272
vn 0.008407 -0.573069 0.819464
vn -0.188634 -0.348767 0.918030
vn -0.218488 -0.280899 0.934537
vn -0.261499 0.010853 0.965143
vn -0.253312 0.094166 0.962791
vn -0.142105 0.402022 0.904535
vn -0.091349 0.469644 0.878117
vn 0.107285 0.631870 0.767614
vn 0.178812 0.659942 0.729728
vn 0.417919 0.676205 0.606704
vn 0.500442 0.656228 0.564732
vn 0.720283 0.529396 0.448254
vn 0.783329 0.462250 0.415597
vn 0.907420 0.225966 0.354299
vn 0.930917 0.122606 0.344037
vn 0.919463 -0.167832 0.355555
vn 0.885267 -0.274594 0.375366
vn 0.765274 -0.475077 0.434347
vn 0.695114 -0.542741 0.471433
vn 0.509407 -0.635258 0.580475
vn 0.402517 -0.650449 0.644125
vn 0.153977 -0.593611 0.789884
vn 0.048121 -0.524712 0.849919
vn -0.108741 -0.357773 0.927456
vn -0.162325 -0.247286 0.955249
vn -0.194316 -0.032524 0.980399
vn -0.174119 0.113606 0.978149
vn -0.078536 0.341971 0.936423
vn 0.019776 0.457498 0.888990
vn 0.196994 0.569241 0.798222
vn 0.343105 0.595803 0.726152
vn 0.450603 0.605266 0.656209
vn 0.450603 0.605266 0.656209
vn 0.461918 0.017692 0.886746
vn 0.463345 0.015552 0.886042
vn 0.462260 0.037238 0.885962
vn 0.459006 0.035510 0.887723
vn 0.483001 0.038345 0.874780
vn 0.478916 0.039435 0.876975
vn 0.498606 0.027128 0.866404
vn 0.496852 0.029479 0.867334
vn 0.507086 0.006825 0.861869
vn 0.505867 0.011683 0.862532
vn 0.504196 -0.019084 0.863378
vn 0.506170 -0.014105 0.862318
vn 0.491361 -0.034272 0.870281
vn 0.493609 -0.032976 0.869058
vn 0.472573 -0.039623 0.880400
vn 0.476955 -0.039115 0.878057
vn 0.450313 -0.031904 0.892300
vn 0.454292 -0.035062 0.890162
vn 0.438988 -0.013789 0.898387
vn 0.439744 -0.016845 0.897965
vn 0.438281 0.008822 0.898795
vn 0.437724 0.004022 0.899100
vn 0.448737 0.030527 0.893142
vn 0.445911 0.027581 0.894652
vn 0.465720 0.039759 0.884039
vn 0.463069 0.039260 0.885452
vn 0.484780 0.037863 0.873816
vn 0.481375 0.038968 0.875648
vn 0.501086 0.025026 0.865036
vn 0.499136 0.027822 0.866077
vn 0.508564 0.003557 0.861017
vn 0.508000 0.007784 0.861322
vn 0.504264 -0.020628 0.863303
vn 0.506075 -0.016633 0.862329
vn 0.491036 -0.035465 0.870417
vn 0.493159 -0.034257 0.869264
vn 0.471859 -0.040809 0.880729
vn 0.475952 -0.040412 0.878542
vn 0.448517 -0.032328 0.893189
vn 0.452664 -0.035702 0.890966
vn 0.436850 -0.012218 0.899451
vn 0.437402 -0.015330 0.899135
vn 0.437300 0.012056 0.899235
vn 0.436499 0.007247 0.899675
vn 0.450802 0.035755 0.891907
vn 0.447077 0.032506 0.893904
vn 0.474850 0.044067 0.878963
vn 0.470219 0.044178 0.881444
vn -0.835093 -0.531219 0.142918
vn -0.729447 -0.580709 0.361503
vn -0.698228 -0.593560 0.400206
vn -0.818314 -0.544947 0.182743
vn -0.621570 -0.684706 0.380563
vn -0.656574 -0.628854 0.416477
vn -0.448007 -0.866755 0.219145
vn -0.481945 -0.799360 0.358820
vn -0.245988 -0.969094 0.018639
vn -0.254506 -0.946993 0.196038
vn -0.086367 -0.988063 -0.127563
vn -0.087114 -0.995857 0.026093
vn -0.057340 -0.986827 -0.151278
vn 0.004496 -0.997086 -0.076152
vn 0.615726 -0.785159 -0.066387
vn 0.615726 -0.785159 -0.066387
vn 0.585773 -0.800715 -0.125401
vn 0.613341 -0.786592 -0.071311
vn 0.719378 -0.611975 -0.328606
vn 0.847622 -0.449155 -0.282484
vn 0.858079 -0.432205 -0.277309
vn 0.858079 -0.432205 -0.277309
vn 0.831787 0.536166 -0.143726
vn 0.831787 0.536166 -0.143726
vn 0.810694 0.554024 -0.189298
vn 0.687943 0.606715 -0.398286
vn 0.633900 0.649561 -0.419812
vn 0.604963 0.706590 -0.367083
vn 0.444877 0.820000 -0.360117
vn 0.427519 0.881064 -0.202370
vn 0.221181 0.954861 -0.198291
vn 0.228599 0.973510 -0.004648
vn 0.054565 0.998055 -0.030156
vn 0.070524 0.987687 0.139647
vn -0.035267 0.996891 0.070456
vn 0.041016 0.985713 0.163364
vn -0.364415 0.815497 0.449629
vn -0.515342 0.820880 0.246128
vn -0.349183 0.934273 -0.072149
vn -0.264514 0.879292 0.396077
vn -0.634794 0.456150 0.623669
vn -0.648313 0.653691 0.390357
vn -0.860732 0.429267 0.273623
vn -0.860732 0.429267 0.273623
vn -0.626465 0.056802 -0.777377
vn -0.626361 0.056935 -0.777451
vn -0.602161 0.110731 -0.790659
vn -0.600817 0.108655 -0.791968
vn -0.636354 0.151137 -0.756447
vn -0.633105 0.148385 -0.759710
vn -0.656691 0.163453 -0.736234
vn -0.656483 0.163993 -0.736299
vn -0.645924 0.157939 -0.746885
vn -0.647101 0.158183 -0.745814
vn -0.624240 0.107183 -0.773845
vn -0.628709 0.123577 -0.767759
vn -0.606506 0.050554 -0.793470
vn -0.604694 0.046332 -0.795109
vn -0.681813 0.088477 -0.726157
vn -0.687308 0.095707 -0.720033
vn -0.541693 -0.592745 0.596005
vn -0.559607 -0.595909 0.575962
vn -0.661345 -0.629999 0.407092
vn -0.580976 -0.781833 0.226284
vn -0.418193 -0.908274 0.012334
vn -0.245515 -0.957359 -0.152267
vn -0.127486 -0.963467 -0.235539
vn 0.025245 -0.667492 -0.744189
vn 0.025245 -0.667491 -0.744189
vn 0.029144 -0.670033 -0.741759
vn 0.068036 -0.694397 -0.716369
vn 0.302087 -0.372836 -0.877347
vn 0.299091 -0.525537 -0.796464
vn 0.301869 -0.355591 -0.884551
vn 0.301869 -0.355591 -0.884551
vn 0.622706 -0.053733 0.780609
vn 0.622900 -0.053533 0.780467
vn 0.593847 -0.097466 0.798653
vn 0.594910 -0.099216 0.797646
vn 0.621197 -0.134126 0.772091
vn 0.624253 -0.137263 0.769069
vn 0.643108 -0.155375 0.749847
vn 0.643370 -0.155394 0.749618
vn 0.635581 -0.155531 0.756206
vn 0.634560 -0.155533 0.757062
vn 0.654341 -0.186362 0.732876
vn 0.667583 -0.201818 0.716660
vn 0.706301 -0.257272 0.659508
vn 0.705713 -0.254284 0.661293
vn 0.690924 -0.129146 0.711298
vn 0.689684 -0.143999 0.709648
vn 0.539685 0.603696 -0.586764
vn 0.539685 0.603696 -0.586764
vn 0.560298 0.608050 -0.562443
vn 0.660111 0.647106 -0.381455
vn 0.576114 0.795391 -0.188271
vn 0.415529 0.909332 0.021246
vn 0.244606 0.951820 0.184950
vn 0.127448 0.955342 0.266607
vn -0.181092 0.753598 0.631899
vn -0.060500 0.853237 0.518002
vn -0.340916 0.593740 0.728868
vn -0.298744 0.351390 0.887287
vn -0.298744 0.351390 0.887287
vn 0.258400 -0.786733 -0.560608
vn 0.213310 -0.769107 -0.602473
vn 0.473006 -0.825360 -0.308296
vn 0.430959 -0.825044 -0.365483
vn -0.617741 0.011186 -0.786302
vn -0.624719 0.018838 -0.780622
vn -0.349758 0.813674 0.464332
vn -0.346651 0.813261 0.467375
vn -0.352955 0.814084 0.461184
vn 0.680004 -0.273314 0.680363
vn 0.685637 -0.282656 0.670826
vn -0.480822 -0.876818 -0.000269
vn -0.480832 -0.876813 -0.000331
vn -0.480832 -0.876813 -0.000331
vn -0.480822 -0.876818 -0.000269
vn -0.480811 -0.876824 -0.000206
vn -0.480811 -0.876824 -0.000206
vn -0.248933 0.941848 -0.225730
vn -0.248933 0.941848 -0.225730
vn -0.778022 0.542750 -0.316392
vn -0.778022 0.542750 -0.316392
vn -0.795256 0.517330 -0.316130
vn -0.791803 0.522552 -0.316208
vn -0.837818 0.446649 -0.313951
vn -0.837818 0.446649 -0.313951
vn -0.269952 -0.225578 -0.936077
vn -0.269952 -0.225578 -0.936077
vn -0.228516 -0.043342 -0.972575
vn -0.230513 -0.051392 -0.971711
vn -0.203669 0.032091 -0.978514
vn -0.204630 0.030368 -0.978368
vn -0.174645 0.083371 -0.981095
vn -0.174645 0.083371 -0.981095
vn 0.048230 -0.883678 -0.465603
vn 0.048230 -0.883678 -0.465603
vn 0.436884 -0.667672 -0.602783
vn 0.412769 -0.687517 -0.597446
vn 0.592369 -0.497252 -0.633908
vn 0.594991 -0.492145 -0.635436
vn 0.649906 -0.368741 -0.664570
vn 0.649906 -0.368741 -0.664570
vn -0.383726 0.706814 0.594279
vn -0.410326 0.686519 0.600270
vn -0.602291 0.482217 0.636171
vn -0.599504 0.487724 0.634602
vn -0.659896 0.349336 0.665208
vn -0.659896 0.349336 0.665208
vn 0.258155 -0.941146 0.218177
vn 0.258155 -0.941146 0.218177
vn 0.258155 -0.941146 0.218177
vn 0.258155 -0.941146 0.218177
vn 0.772324 -0.549570 0.318572
vn 0.772324 -0.549570 0.318572
vn 0.784712 -0.531824 0.318417
vn 0.787847 -0.527208 0.318353
vn 0.826104 -0.466147 0.316636
vn 0.826105 -0.466147 0.316636
vn 0.255859 0.230131 0.938923
vn 0.255859 0.230131 0.938923
vn 0.220673 0.050148 0.974058
vn 0.219191 0.043306 0.974721
vn 0.194620 -0.040675 0.980035
vn 0.193580 -0.042681 0.980156
vn 0.162337 -0.101947 0.981455
vn 0.162337 -0.101947 0.981455
s 1
g polySurface15 polySurface9
usemtl lambert15SG
f 830/938/1706 831/939/1707 989/940/1708 990/941/1709
s 2
f 831/939/1710 832/942/1711 988/943/1712 989/940/1713
s 3
f 832/942/1714 833/944/1715 987/1336/1716 988/943/1717
s 4
f 833/944/1718 834/946/1719 992/1335/1720 987/1336/1721
f 834/946/1719 835/948/1722 991/1370/1723 992/1335/1720
s 5
f 835/1369/1724 830/938/1725 990/941/1726 991/1337/1727
s 6
f 850/950/1728 859/951/1729 860/952/1730
f 859/951/1729 869/953/1731 860/952/1730
f 869/953/1731 878/954/1732 860/952/1730
f 878/954/1732 887/955/1733 860/952/1730
f 887/955/1733 896/1373/1734 860/952/1730
f 896/956/1734 850/950/1728 860/952/1730
s 7
f 836/1345/1735 837/1346/1736 851/959/1737 842/960/1738
f 842/960/1738 851/959/1737 852/961/1739 843/962/1740
f 843/962/1740 852/961/1739 853/963/1741 844/964/1742
f 844/964/1742 853/963/1741 854/965/1743 845/966/1744
f 845/966/1744 854/965/1743 855/967/1745 846/968/1746
f 846/968/1746 855/967/1745 856/969/1747 847/970/1748
f 847/970/1748 856/969/1747 857/1356/1749 848/1358/1750
s 8
f 910/973/1751 918/974/1752 926/975/1753 934/976/1754
s 9
f 849/977/1755 858/978/1756 859/951/1757 850/950/1758
s 7
f 837/1346/1759 838/1343/1760 861/980/1761 851/959/1762
f 851/959/1762 861/980/1761 862/981/1763 852/961/1764
f 852/961/1764 862/981/1763 863/982/1765 853/963/1766
f 853/963/1766 863/982/1765 864/983/1767 854/965/1768
f 854/965/1768 864/983/1767 865/984/1769 855/967/1770
f 855/967/1770 865/984/1769 866/985/1771 856/969/1747
f 856/969/1747 866/985/1771 867/1357/1772 857/1356/1749
s 8
f 918/974/1752 942/987/1773 950/988/1774 926/975/1753
s 9
f 858/978/1756 868/989/1775 869/953/1776 859/951/1777
s 3
f 838/1343/1778 839/990/1779 870/991/1780 861/980/1781
f 861/980/1781 870/991/1780 871/992/1782 862/981/1783
f 862/981/1783 871/992/1782 872/993/1784 863/982/1785
f 863/982/1785 872/993/1784 873/994/1786 864/983/1787
f 864/983/1787 873/994/1786 874/995/1788 865/984/1789
f 865/984/1789 874/995/1788 875/996/1790 866/985/1791
f 866/985/1791 875/996/1790 876/1352/1792 867/1357/1793
f 867/1357/1793 876/1352/1792 902/1348/1794 897/1355/1795
f 868/989/1796 877/1000/1797 878/954/1798 869/953/1799
s 13
f 839/990/1800 840/1001/1801 879/1002/1802 870/991/1803
f 870/991/1803 879/1002/1802 880/1003/1804 871/992/1805
f 871/992/1805 880/1003/1804 881/1004/1806 872/993/1807
f 872/993/1807 881/1004/1806 882/1005/1808 873/994/1809
f 873/994/1809 882/1005/1808 883/1006/1810 874/995/1811
f 874/995/1811 883/1006/1810 884/1007/1812 875/996/1813
f 875/996/1813 884/1007/1812 885/1350/1814 876/1352/1815
s 14
f 955/1009/1816 960/1010/1817 965/1011/1818 970/1012/1819
s 15
f 877/1000/1820 886/1013/1821 887/955/1822 878/954/1823
s 13
f 840/1001/1824 841/1014/1825 888/1368/1826 879/1002/1827
f 879/1002/1827 888/1368/1826 889/1367/1828 880/1003/1829
f 880/1003/1829 889/1367/1828 890/1366/1830 881/1004/1831
f 881/1004/1831 890/1366/1830 891/1365/1832 882/1005/1833
f 882/1005/1833 891/1365/1832 892/1364/1834 883/1006/1835
f 883/1006/1835 892/1364/1834 893/1362/1836 884/1007/1812
f 884/1007/1812 893/1362/1836 894/1363/1837 885/1350/1814
s 14
f 960/1010/1817 975/1022/1838 980/1023/1839 965/1011/1818
s 15
f 886/1013/1821 895/1024/1840 896/1373/1841 887/955/1842
s 5
f 841/1360/1843 836/1345/1844 842/960/1845 888/1015/1846
f 888/1015/1846 842/960/1845 843/962/1847 889/1016/1848
f 889/1016/1848 843/962/1847 844/964/1849 890/1017/1850
f 890/1017/1850 844/964/1849 845/966/1851 891/1018/1852
f 891/1018/1852 845/966/1851 846/968/1853 892/1019/1854
f 892/1019/1854 846/968/1853 847/970/1855 893/1020/1856
f 893/1020/1856 847/970/1855 848/1358/1857 894/1351/1858
f 894/1351/1858 848/1358/1857 899/1354/1859 900/1371/1860
f 895/1372/1861 849/977/1862 850/950/1863 896/956/1864
s 9
f 898/1353/1865 897/1355/1866 868/989/1775 858/978/1756
f 899/1354/1867 898/1353/1865 858/978/1756 849/977/1755
s 5
f 900/1371/1860 899/1354/1859 849/977/1862 895/1372/1861
s 15
f 901/1347/1868 900/1349/1869 895/1024/1840 886/1013/1821
f 902/1348/1870 901/1347/1868 886/1013/1821 877/1000/1820
s 3
f 897/1355/1795 902/1348/1794 877/1000/1797 868/989/1796
s 7
f 848/972/1750 857/971/1749 911/1029/1871 903/1385/1872
f 903/1385/1872 911/1029/1871 912/1031/1873 904/1384/1874
f 904/1384/1874 912/1031/1873 913/1033/1875 905/1383/1876
f 905/1383/1876 913/1033/1875 914/1035/1877 906/1382/1878
f 906/1382/1878 914/1035/1877 915/1037/1879 907/1381/1880
f 907/1381/1880 915/1037/1879 916/1039/1881 908/1380/1882
f 908/1380/1882 916/1039/1881 917/1041/1883 909/1379/1884
f 909/1379/1884 917/1041/1883 918/974/1885 910/973/1886
s 19
f 898/1027/1887 899/1025/1888 927/1043/1889 919/1044/1890
f 919/1044/1890 927/1043/1889 928/1045/1891 920/1046/1892
f 920/1046/1892 928/1045/1891 929/1047/1893 921/1048/1894
f 921/1048/1894 929/1047/1893 930/1049/1895 922/1050/1896
f 922/1050/1896 930/1049/1895 931/1051/1897 923/1052/1898
f 923/1052/1898 931/1051/1897 932/1053/1899 924/1054/1900
f 924/1054/1900 932/1053/1899 933/1055/1901 925/1056/1902
f 925/1056/1902 933/1055/1901 934/976/1903 926/975/1904
s 20
f 899/1025/1905 848/1386/1906 903/1030/1907 927/1043/1908
f 927/1043/1908 903/1030/1907 904/1032/1909 928/1045/1910
f 928/1045/1910 904/1032/1909 905/1034/1911 929/1047/1912
f 929/1047/1912 905/1034/1911 906/1036/1913 930/1049/1914
f 930/1049/1914 906/1036/1913 907/1038/1915 931/1051/1916
f 931/1051/1916 907/1038/1915 908/1040/1917 932/1053/1918
f 932/1053/1918 908/1040/1917 909/1042/1919 933/1055/1920
f 933/1055/1920 909/1042/1919 910/973/1921 934/976/1922
s 21
f 857/971/1923 867/986/1924 935/1057/1925 911/1029/1926
f 911/1029/1926 935/1057/1925 936/1058/1927 912/1031/1928
f 912/1031/1928 936/1058/1927 937/1059/1929 913/1033/1930
f 913/1033/1930 937/1059/1929 938/1060/1931 914/1035/1932
f 914/1035/1932 938/1060/1931 939/1061/1933 915/1037/1934
f 915/1037/1934 939/1061/1933 940/1062/1935 916/1039/1936
f 916/1039/1936 940/1062/1935 941/1063/1937 917/1041/1938
f 917/1041/1938 941/1063/1937 942/987/1939 918/974/1940
s 22
f 867/986/1941 897/999/1942 943/1064/1943 935/1057/1944
f 935/1057/1944 943/1064/1943 944/1065/1945 936/1058/1946
f 936/1058/1946 944/1065/1945 945/1066/1947 937/1059/1948
f 937/1059/1948 945/1066/1947 946/1067/1949 938/1060/1950
f 938/1060/1950 946/1067/1949 947/1068/1951 939/1061/1952
f 939/1061/1952 947/1068/1951 948/1069/1953 940/1062/1954
f 940/1062/1954 948/1069/1953 949/1070/1955 941/1063/1956
f 941/1063/1956 949/1070/1955 950/988/1957 942/987/1958
s 23
f 897/999/1959 898/1027/1960 919/1044/1961 943/1064/1962
f 943/1064/1962 919/1044/1961 920/1046/1963 944/1065/1964
f 944/1065/1964 920/1046/1963 921/1048/1965 945/1066/1966
f 945/1066/1966 921/1048/1965 922/1050/1967 946/1067/1968
f 946/1067/1968 922/1050/1967 923/1052/1969 947/1068/1970
f 947/1068/1970 923/1052/1969 924/1054/1971 948/1069/1972
f 948/1069/1972 924/1054/1971 925/1056/1973 949/1070/1974
f 949/1070/1974 925/1056/1973 926/975/1975 950/988/1976
s 24
f 876/997/1977 885/1008/1978 956/1071/1979 951/1072/1980
f 951/1072/1980 956/1071/1979 957/1073/1981 952/1074/1982
f 952/1074/1982 957/1073/1981 958/1075/1983 953/1076/1984
f 953/1076/1984 958/1075/1983 959/1077/1985 954/1078/1986
f 954/1078/1986 959/1077/1985 960/1010/1987 955/1009/1988
s 25
f 901/1028/1989 902/998/1990 966/1079/1991 961/1080/1992
f 961/1080/1992 966/1079/1991 967/1081/1993 962/1082/1994
f 962/1082/1994 967/1081/1993 968/1083/1995 963/1084/1996
f 963/1084/1996 968/1083/1995 969/1085/1997 964/1086/1998
f 964/1086/1998 969/1085/1997 970/1012/1999 965/1011/2000
s 26
f 902/998/2001 876/997/2002 951/1072/2003 966/1079/2004
f 966/1079/2004 951/1072/2003 952/1074/2005 967/1081/2006
s 27
f 967/1081/2007 952/1074/2008 953/1076/2009 968/1083/2010
f 968/1083/2010 953/1076/2009 954/1078/2011 969/1085/2012
f 969/1085/2012 954/1078/2011 955/1009/2013 970/1012/2014
s 24
f 885/1008/1978 894/1378/2015 971/1377/2016 956/1071/1979
f 956/1071/1979 971/1377/2016 972/1376/2017 957/1073/1981
f 957/1073/1981 972/1376/2017 973/1375/2018 958/1075/1983
f 958/1075/1983 973/1375/2018 974/1374/2019 959/1077/1985
f 959/1077/1985 974/1374/2019 975/1022/2020 960/1010/1987
s 28
f 894/1021/2021 900/1026/2022 976/1091/2023 971/1087/2024
f 971/1087/2024 976/1091/2023 977/1092/2025 972/1088/2026
s 29
f 972/1088/2027 977/1092/2028 978/1093/2029 973/1089/2030
f 973/1089/2030 978/1093/2029 979/1094/2031 974/1090/2032
f 974/1090/2032 979/1094/2031 980/1023/2033 975/1022/2034
s 30
f 900/1026/2035 901/1028/2036 961/1080/2037 976/1091/2038
f 976/1091/2038 961/1080/2037 962/1082/2039 977/1092/2040
s 31
f 977/1092/2041 962/1082/2042 963/1084/2043 978/1093/2044
f 978/1093/2044 963/1084/2043 964/1086/2045 979/1094/2046
f 979/1094/2046 964/1086/2045 965/1011/2047 980/1023/2048
s 13
f 982/1340/2049 981/1338/2050 995/1097/2051 996/1098/2052
f 983/1339/2053 982/1340/2049 996/1098/2052 997/1100/2054
s 3
f 984/1101/2055 983/1339/2056 997/1100/2057 998/1341/2058
s 2
f 985/1103/2059 984/1101/2060 998/1341/2061 993/1342/2062
s 1
f 986/1105/2063 985/1103/2064 993/1342/2065 994/1344/2066
s 5
f 981/1361/2067 986/1105/2068 994/1344/2069 995/1359/2070
s 3
f 988/943/1717 987/1336/1716 983/1339/2056 984/1101/2055
s 2
f 989/940/1713 988/943/1712 984/1101/2060 985/1103/2059
s 1
f 990/941/1709 989/940/1708 985/1103/2064 986/1105/2063
s 5
f 991/1337/1727 990/941/1726 986/1105/2068 981/1361/2067
s 3
f 1048/1107/2071 1023/1108/2072 1073/1109/2073 1098/1110/2074
f 1123/1111/2075 1048/1107/2071 1098/1110/2074 1148/1112/2076
s 5
f 1164/1113/2077 1156/1114/2078 1172/1115/2079 1180/1116/2080
f 995/1359/2070 994/1344/2069 836/1345/1844 841/1360/1843
s 13
f 996/1098/2052 995/1097/2051 841/1014/1825 840/1001/1824
f 997/1100/2054 996/1098/2052 840/1001/1801 839/990/1800
s 3
f 998/1341/2058 997/1100/2057 839/990/1779 838/1343/1778
f 1156/1114/2081 1188/1117/2082 1196/1118/2083 1172/1115/2084
s 4
f 992/947/1720 991/949/1723 999/1119/2085 1024/1120/2086
f 1024/1120/2086 999/1119/2085 1000/1121/2087 1025/1122/2088
f 1025/1122/2088 1000/1121/2087 1001/1123/2089 1026/1124/2090
s 35
f 1026/1124/2091 1001/1123/2092 1002/1125/2093 1027/1126/2094
f 1027/1126/2094 1002/1125/2093 1003/1127/2095 1028/1128/2096
s off
f 1028/1128/2097 1003/1127/2098 1004/1129/2099 1029/1130/2100
s 36
f 1029/1130/2101 1004/1129/2102 1005/1131/2103 1030/1132/2104
f 1030/1132/2104 1005/1131/2103 1006/1133/2105 1031/1134/2106
s off
f 1031/1134/2107 1006/1133/2108 1007/1135/2109 1032/1136/2110
s 37
f 1032/1136/2111 1007/1135/2112 1008/1137/2113 1033/1138/2114
f 1033/1138/2114 1008/1137/2113 1009/1139/2115 1034/1140/2116
s off
f 1034/1140/2117 1009/1139/2118 1010/1141/2119 1035/1142/2120
s 38
f 1035/1142/2121 1010/1141/2122 1011/1143/2123 1036/1144/2124
f 1036/1144/2124 1011/1143/2123 1012/1145/2125 1037/1146/2126
s 39
f 1037/1146/2127 1012/1145/2128 1013/1147/2129 1038/1148/2130
f 1038/1148/2130 1013/1147/2129 1014/1149/2131 1039/1150/2132
s off
f 1039/1150/2133 1014/1149/2134 1015/1151/2135 1040/1152/2136
s 40
f 1040/1152/2137 1015/1151/2138 1016/1153/2139 1041/1154/2140
f 1041/1154/2140 1016/1153/2139 1017/1155/2141 1042/1156/2142
s off
f 1042/1156/2143 1017/1155/2144 1018/1157/2145 1043/1158/2146
s 41
f 1043/1158/2147 1018/1157/2148 1019/1159/2149 1044/1160/2150
f 1044/1160/2150 1019/1159/2149 1020/1161/2151 1045/1162/2152
s off
f 1045/1162/2153 1020/1161/2154 1021/1163/2155 1046/1164/2156
s 42
f 1046/1164/2157 1021/1163/2158 1022/1165/2159 1047/1166/2160
s 43
f 1047/1166/2161 1022/1165/2162 1023/1108/2163 1048/1107/2164
s 3
f 991/949/2165 981/1096/2166 1049/1167/2167 999/1119/2168
f 999/1119/2168 1049/1167/2167 1050/1168/2169 1000/1121/2170
f 1000/1121/2170 1050/1168/2169 1051/1169/2171 1001/1123/2172
f 1001/1123/2172 1051/1169/2171 1052/1170/2173 1002/1125/2174
f 1002/1125/2174 1052/1170/2173 1053/1171/2175 1003/1127/2176
f 1003/1127/2176 1053/1171/2175 1054/1172/2177 1004/1129/2178
f 1004/1129/2178 1054/1172/2177 1055/1173/2179 1005/1131/2180
f 1005/1131/2180 1055/1173/2179 1056/1174/2181 1006/1133/2182
f 1006/1133/2182 1056/1174/2181 1057/1175/2183 1007/1135/2184
f 1007/1135/2184 1057/1175/2183 1058/1176/2185 1008/1137/2186
f 1008/1137/2186 1058/1176/2185 1059/1177/2187 1009/1139/2188
f 1009/1139/2188 1059/1177/2187 1060/1178/2189 1010/1141/2190
f 1010/1141/2190 1060/1178/2189 1061/1179/2191 1011/1143/2192
f 1011/1143/2192 1061/1179/2191 1062/1180/2193 1012/1145/2194
f 1012/1145/2194 1062/1180/2193 1063/1181/2195 1013/1147/2196
f 1013/1147/2196 1063/1181/2195 1064/1182/2197 1014/1149/2198
f 1014/1149/2198 1064/1182/2197 1065/1183/2199 1015/1151/2200
f 1015/1151/2200 1065/1183/2199 1066/1184/2201 1016/1153/2202
f 1016/1153/2202 1066/1184/2201 1067/1185/2203 1017/1155/2204
f 1017/1155/2204 1067/1185/2203 1068/1186/2205 1018/1157/2206
f 1018/1157/2206 1068/1186/2205 1069/1187/2207 1019/1159/2208
f 1019/1159/2208 1069/1187/2207 1070/1188/2209 1020/1161/2210
f 1020/1161/2210 1070/1188/2209 1071/1189/2211 1021/1163/2212
f 1021/1163/2212 1071/1189/2211 1072/1190/2213 1022/1165/2214
f 1022/1165/2214 1072/1190/2213 1073/1109/2073 1023/1108/2072
s off
f 981/1096/2215 982/1095/2216 1074/1191/2217 1049/1167/2218
s 45
f 1049/1167/2219 1074/1191/2220 1075/1192/2221 1050/1168/2222
f 1050/1168/2222 1075/1192/2221 1076/1193/2223 1051/1169/2224
f 1051/1169/2224 1076/1193/2223 1077/1194/2225 1052/1170/2226
f 1052/1170/2226 1077/1194/2225 1078/1195/2227 1053/1171/2228
f 1053/1171/2228 1078/1195/2227 1079/1196/2229 1054/1172/2230
f 1054/1172/2230 1079/1196/2229 1080/1197/2231 1055/1173/2232
f 1055/1173/2232 1080/1197/2231 1081/1198/2233 1056/1174/2234
f 1056/1174/2234 1081/1198/2233 1082/1199/2235 1057/1175/2236
f 1057/1175/2236 1082/1199/2235 1083/1200/2237 1058/1176/2238
f 1058/1176/2238 1083/1200/2237 1084/1201/2239 1059/1177/2240
f 1059/1177/2240 1084/1201/2239 1085/1202/2241 1060/1178/2242
f 1060/1178/2242 1085/1202/2241 1086/1203/2243 1061/1179/2244
f 1061/1179/2244 1086/1203/2243 1087/1204/2245 1062/1180/2246
f 1062/1180/2246 1087/1204/2245 1088/1205/2247 1063/1181/2248
f 1063/1181/2248 1088/1205/2247 1089/1206/2249 1064/1182/2250
f 1064/1182/2250 1089/1206/2249 1090/1207/2251 1065/1183/2252
f 1065/1183/2252 1090/1207/2251 1091/1208/2253 1066/1184/2254
f 1066/1184/2254 1091/1208/2253 1092/1209/2255 1067/1185/2256
f 1067/1185/2256 1092/1209/2255 1093/1210/2257 1068/1186/2258
f 1068/1186/2258 1093/1210/2257 1094/1211/2259 1069/1187/2260
f 1069/1187/2260 1094/1211/2259 1095/1212/2261 1070/1188/2262
f 1070/1188/2262 1095/1212/2261 1096/1213/2263 1071/1189/2264
f 1071/1189/2264 1096/1213/2263 1097/1214/2265 1072/1190/2266
f 1072/1190/2266 1097/1214/2265 1098/1110/2267 1073/1109/2268
s 4
f 987/945/1721 992/947/1720 1024/1120/2269 1099/1429/2270
f 1099/1429/2270 1024/1120/2269 1025/1122/2271 1100/1428/2272
f 1100/1428/2272 1025/1122/2271 1026/1124/2273 1101/1427/2274
f 1101/1427/2274 1026/1124/2273 1027/1126/2275 1102/1426/2276
f 1102/1426/2276 1027/1126/2275 1028/1128/2277 1103/1425/2278
f 1103/1425/2278 1028/1128/2277 1029/1130/2279 1104/1424/2280
f 1104/1424/2280 1029/1130/2279 1030/1132/2281 1105/1423/2282
f 1105/1423/2282 1030/1132/2281 1031/1134/2283 1106/1422/2284
f 1106/1422/2284 1031/1134/2283 1032/1136/2285 1107/1421/2286
s 46
f 1107/1421/2287 1032/1136/2288 1033/1138/2289 1108/1420/2290
f 1108/1420/2290 1033/1138/2289 1034/1140/2291 1109/1419/2292
f 1109/1419/2292 1034/1140/2291 1035/1142/2293 1110/1418/2294
f 1110/1418/2294 1035/1142/2293 1036/1144/2295 1111/1417/2296
f 1111/1417/2296 1036/1144/2295 1037/1146/2297 1112/1416/2298
f 1112/1416/2298 1037/1146/2297 1038/1148/2299 1113/1415/2300
f 1113/1415/2300 1038/1148/2299 1039/1150/2301 1114/1414/2302
f 1114/1414/2302 1039/1150/2301 1040/1152/2303 1115/1413/2304
f 1115/1413/2304 1040/1152/2303 1041/1154/2305 1116/1412/2306
f 1116/1412/2306 1041/1154/2305 1042/1156/2307 1117/1411/2308
s off
f 1117/1411/2309 1042/1156/2310 1043/1158/2311 1118/1410/2312
s 47
f 1118/1410/2313 1043/1158/2314 1044/1160/2315 1119/1409/2316
f 1119/1409/2316 1044/1160/2315 1045/1162/2317 1120/1408/2318
s off
f 1120/1408/2319 1045/1162/2320 1046/1164/2321 1121/1407/2322
s 42
f 1121/1407/2323 1046/1164/2157 1047/1166/2160 1122/1406/2324
s 43
f 1122/1406/2325 1047/1166/2161 1048/1107/2164 1123/1111/2326
s off
f 982/1095/2327 983/1099/2328 1124/1239/2329 1074/1191/2330
s 48
f 1074/1191/2331 1124/1239/2332 1125/1240/2333 1075/1192/2334
f 1075/1192/2334 1125/1240/2333 1126/1241/2335 1076/1193/2336
f 1076/1193/2336 1126/1241/2335 1127/1242/2337 1077/1194/2338
f 1077/1194/2338 1127/1242/2337 1128/1243/2339 1078/1195/2340
f 1078/1195/2340 1128/1243/2339 1129/1244/2341 1079/1196/2342
f 1079/1196/2342 1129/1244/2341 1130/1245/2343 1080/1197/2344
f 1080/1197/2344 1130/1245/2343 1131/1246/2345 1081/1198/2346
f 1081/1198/2346 1131/1246/2345 1132/1247/2347 1082/1199/2348
f 1082/1199/2348 1132/1247/2347 1133/1248/2349 1083/1200/2350
f 1083/1200/2350 1133/1248/2349 1134/1249/2351 1084/1201/2352
f 1084/1201/2352 1134/1249/2351 1135/1250/2353 1085/1202/2354
f 1085/1202/2354 1135/1250/2353 1136/1251/2355 1086/1203/2356
f 1086/1203/2356 1136/1251/2355 1137/1252/2357 1087/1204/2358
f 1087/1204/2358 1137/1252/2357 1138/1253/2359 1088/1205/2360
f 1088/1205/2360 1138/1253/2359 1139/1254/2361 1089/1206/2362
f 1089/1206/2362 1139/1254/2361 1140/1255/2363 1090/1207/2364
f 1090/1207/2364 1140/1255/2363 1141/1256/2365 1091/1208/2366
f 1091/1208/2366 1141/1256/2365 1142/1257/2367 1092/1209/2368
f 1092/1209/2368 1142/1257/2367 1143/1258/2369 1093/1210/2370
f 1093/1210/2370 1143/1258/2369 1144/1259/2371 1094/1211/2372
f 1094/1211/2372 1144/1259/2371 1145/1260/2373 1095/1212/2374
f 1095/1212/2374 1145/1260/2373 1146/1261/2375 1096/1213/2376
f 1096/1213/2376 1146/1261/2375 1147/1262/2377 1097/1214/2378
f 1097/1214/2378 1147/1262/2377 1148/1112/2379 1098/1110/2380
s 3
f 983/1099/2056 987/1430/1716 1099/1215/2381 1124/1239/2382
f 1124/1239/2382 1099/1215/2381 1100/1216/2383 1125/1240/2384
f 1125/1240/2384 1100/1216/2383 1101/1217/2385 1126/1241/2386
f 1126/1241/2386 1101/1217/2385 1102/1218/2387 1127/1242/2388
f 1127/1242/2388 1102/1218/2387 1103/1219/2389 1128/1243/2390
f 1128/1243/2390 1103/1219/2389 1104/1220/2391 1129/1244/2392
f 1129/1244/2392 1104/1220/2391 1105/1221/2393 1130/1245/2394
f 1130/1245/2394 1105/1221/2393 1106/1222/2395 1131/1246/2396
f 1131/1246/2396 1106/1222/2395 1107/1223/2397 1132/1247/2398
f 1132/1247/2398 1107/1223/2397 1108/1224/2399 1133/1248/2400
f 1133/1248/2400 1108/1224/2399 1109/1225/2401 1134/1249/2402
f 1134/1249/2402 1109/1225/2401 1110/1226/2403 1135/1250/2404
f 1135/1250/2404 1110/1226/2403 1111/1227/2405 1136/1251/2406
f 1136/1251/2406 1111/1227/2405 1112/1228/2407 1137/1252/2408
f 1137/1252/2408 1112/1228/2407 1113/1229/2409 1138/1253/2410
f 1138/1253/2410 1113/1229/2409 1114/1230/2411 1139/1254/2412
f 1139/1254/2412 1114/1230/2411 1115/1231/2413 1140/1255/2414
f 1140/1255/2414 1115/1231/2413 1116/1232/2415 1141/1256/2416
f 1141/1256/2416 1116/1232/2415 1117/1233/2417 1142/1257/2418
f 1142/1257/2418 1117/1233/2417 1118/1234/2419 1143/1258/2420
f 1143/1258/2420 1118/1234/2419 1119/1235/2421 1144/1259/2422
f 1144/1259/2422 1119/1235/2421 1120/1236/2423 1145/1260/2424
f 1145/1260/2424 1120/1236/2423 1121/1237/2425 1146/1261/2426
f 1146/1261/2426 1121/1237/2425 1122/1238/2427 1147/1262/2428
f 1147/1262/2428 1122/1238/2427 1123/1111/2075 1148/1112/2076
s 49
f 994/1106/2429 993/1104/2430 1149/1263/2431 1157/1264/2432
f 1157/1264/2432 1149/1263/2431 1150/1265/2433 1158/1266/2434
f 1158/1266/2434 1150/1265/2433 1151/1267/2435 1159/1268/2436
f 1159/1268/2436 1151/1267/2435 1152/1269/2437 1160/1270/2438
f 1160/1270/2438 1152/1269/2437 1153/1271/2439 1161/1272/2440
f 1161/1272/2440 1153/1271/2439 1154/1273/2441 1162/1274/2442
s 50
f 1162/1274/2443 1154/1273/2444 1204/1275/2445 1205/1276/2446
f 1163/1277/2447 1155/1278/2448 1156/1114/2449 1164/1113/2450
s 52
f 837/958/2451 836/1393/2452 1173/1392/2453 1165/1280/2454
f 1165/1280/2454 1173/1392/2453 1174/1391/2455 1166/1282/2456
f 1166/1282/2456 1174/1391/2455 1175/1390/2457 1167/1284/2458
f 1167/1284/2458 1175/1390/2457 1176/1389/2459 1168/1286/2460
f 1168/1286/2460 1176/1389/2459 1177/1388/2461 1169/1288/2462
f 1169/1288/2462 1177/1388/2461 1178/1387/2463 1170/1290/2464
s 53
f 1170/1290/2465 1178/1387/2466 1206/1398/2467 1207/1394/2468
s 54
f 1171/1293/2469 1179/1294/2470 1180/1116/2471 1172/1115/2472
s 5
f 836/957/1844 994/1106/2069 1157/1264/2473 1173/1279/2474
f 1173/1279/2474 1157/1264/2473 1158/1266/2475 1174/1281/2476
f 1174/1281/2476 1158/1266/2475 1159/1268/2477 1175/1283/2478
f 1175/1283/2478 1159/1268/2477 1160/1270/2479 1176/1285/2480
f 1176/1285/2480 1160/1270/2479 1161/1272/2481 1177/1287/2482
f 1177/1287/2482 1161/1272/2481 1162/1274/2483 1178/1289/2484
f 1178/1289/2484 1162/1274/2483 1205/1276/2485 1206/1397/2486
f 1179/1402/2487 1163/1277/2488 1164/1113/2077 1180/1116/2080
s 49
f 993/1104/2430 998/1102/2489 1181/1295/2490 1149/1263/2431
f 1149/1263/2431 1181/1295/2490 1182/1296/2491 1150/1265/2433
f 1150/1265/2433 1182/1296/2491 1183/1297/2492 1151/1267/2435
f 1151/1267/2435 1183/1297/2492 1184/1298/2493 1152/1269/2437
f 1152/1269/2437 1184/1298/2493 1185/1299/2494 1153/1271/2439
f 1153/1271/2439 1185/1299/2494 1186/1300/2495 1154/1273/2441
s 55
f 1154/1273/2496 1186/1300/2497 1203/1301/2498 1204/1275/2499
f 1155/1278/2500 1187/1302/2501 1188/1117/2502 1156/1114/2503
s 3
f 998/1102/2058 838/979/1778 1189/1303/2504 1181/1295/2505
f 1181/1295/2505 1189/1303/2504 1190/1304/2506 1182/1296/2507
f 1182/1296/2507 1190/1304/2506 1191/1305/2508 1183/1297/2509
f 1183/1297/2509 1191/1305/2508 1192/1306/2510 1184/1298/2511
f 1184/1298/2511 1192/1306/2510 1193/1307/2512 1185/1299/2513
f 1185/1299/2513 1193/1307/2512 1194/1308/2514 1186/1300/2515
f 1186/1300/2515 1194/1308/2514 1208/1395/2516 1203/1301/2517
f 1187/1302/2518 1195/1310/2519 1196/1118/2083 1188/1117/2082
s 52
f 838/979/2520 837/958/2521 1165/1280/2454 1189/1303/2522
f 1189/1303/2522 1165/1280/2454 1166/1282/2456 1190/1304/2523
f 1190/1304/2523 1166/1282/2456 1167/1284/2458 1191/1305/2524
f 1191/1305/2524 1167/1284/2458 1168/1286/2460 1192/1306/2525
f 1192/1306/2525 1168/1286/2460 1169/1288/2462 1193/1307/2526
f 1193/1307/2526 1169/1288/2462 1170/1290/2464 1194/1308/2527
s 53
f 1194/1308/2528 1170/1290/2465 1207/1394/2468 1208/1395/2529
s 54
f 1195/1310/2530 1171/1293/2469 1172/1115/2531 1196/1118/2532
s 55
f 1198/1311/2533 1197/1312/2534 1187/1302/2501 1155/1278/2500
s 50
f 1199/1313/2535 1198/1311/2536 1155/1278/2448 1163/1277/2447
s 5
f 1200/1401/2537 1199/1313/2538 1163/1277/2488 1179/1402/2487
s 54
f 1201/1400/2539 1200/1399/2540 1179/1294/2470 1171/1293/2469
f 1202/1396/2541 1201/1400/2539 1171/1293/2469 1195/1310/2530
s 3
f 1197/1312/2542 1202/1396/2543 1195/1310/2519 1187/1302/2518
s 55
f 1204/1275/2499 1203/1301/2498 1197/1312/2534 1198/1311/2533
s 50
f 1205/1276/2446 1204/1275/2445 1198/1311/2536 1199/1313/2535
s 5
f 1206/1397/2486 1205/1276/2485 1199/1313/2538 1200/1401/2537
s 58
f 1214/1317/2544 1211/1318/2545 1217/1319/2546 1220/1320/2547
f 1223/1321/2548 1214/1317/2544 1220/1320/2547 1226/1322/2549
s 3
f 1203/1301/2517 1208/1395/2516 1202/1396/2543 1197/1312/2542
s 53
f 1207/1292/2468 1206/1291/2467 1209/1323/2550 1212/1324/2551
s 59
f 1212/1324/2552 1209/1323/2553 1210/1325/2554 1213/1326/2555
f 1213/1326/2555 1210/1325/2554 1211/1318/2556 1214/1317/2557
s 60
f 1206/1291/2558 1200/1314/2559 1215/1327/2560 1209/1323/2561
f 1209/1323/2561 1215/1327/2560 1216/1328/2562 1210/1325/2563
f 1210/1325/2563 1216/1328/2562 1217/1319/2564 1211/1318/2565
s 61
f 1200/1314/2566 1201/1315/2567 1218/1329/2568 1215/1327/2569
f 1215/1327/2569 1218/1329/2568 1219/1330/2570 1216/1328/2571
f 1216/1328/2571 1219/1330/2570 1220/1320/2572 1217/1319/2573
s 53
f 1208/1309/2529 1207/1292/2468 1212/1324/2574 1221/1404/2575
f 1221/1404/2575 1212/1324/2574 1213/1326/2576 1222/1403/2577
f 1222/1403/2577 1213/1326/2576 1214/1317/2578 1223/1321/2579
s off
f 1201/1315/2580 1202/1316/2581 1224/1333/2582 1218/1329/2583
s 62
f 1218/1329/2584 1224/1333/2585 1225/1334/2586 1219/1330/2587
f 1219/1330/2587 1225/1334/2586 1226/1322/2588 1220/1320/2589
s 63
f 1202/1316/2590 1208/1405/2591 1221/1331/2592 1224/1333/2593
f 1224/1333/2593 1221/1331/2592 1222/1332/2594 1225/1334/2595
f 1225/1334/2595 1222/1332/2594 1223/1321/2596 1226/1322/2597
g default
v 8.701394 7.717843 -1.614766
v 8.962780 7.749263 -1.940504
v 8.475152 7.239432 -1.525015
v 8.851698 7.478434 -1.754910
v 7.875857 7.437281 -1.182445
v 8.033233 7.189101 -1.409766
v 7.511250 7.849368 -0.721652
v 7.378253 7.564699 -0.720366
v 7.264071 8.281067 -0.391361
v 7.872428 9.113451 -0.016132
v 7.741958 8.661978 -0.202474
v 7.632572 8.859974 -0.191474
v 10.022368 8.584022 -0.635912
v 9.758229 8.517545 -0.373751
v 9.819873 9.391357 -0.241814
v 9.459003 8.577241 -0.179909
v 9.234541 8.732578 0.011486
v 9.066393 8.947423 0.166974
v 8.948969 9.185701 0.255939
v 10.029345 8.215743 -0.961735
v 9.693121 8.087243 -0.527903
v 9.892220 8.013913 -1.499377
v 9.400892 7.846000 -0.962949
v 9.677135 7.796779 -1.722899
v 9.178400 7.659915 -1.232977
v 9.240388 8.086981 -0.128890
v 8.821562 7.830512 -0.425024
v 8.545346 7.662381 -0.660699
v 8.087914 7.737183 -1.254791
v 8.921005 8.278697 0.099488
v 8.455620 8.058271 -0.141439
v 8.203764 7.907277 -0.295449
v 7.780740 8.057549 -0.836634
v 8.633147 8.663841 0.239974
v 8.231079 8.603858 0.102113
v 8.017691 8.484439 0.084426
v 8.570008 9.108049 0.345231
v 8.187469 9.137181 0.241095
v 7.972684 9.106124 0.239621
v 8.921788 7.860107 -1.954370
v 8.813335 7.565135 -1.830687
v 8.466841 7.347444 -1.591691
v 8.638870 7.812713 -1.691763
v 7.976660 7.229457 -1.511760
v 7.840004 7.516860 -1.281090
v 7.334939 7.626585 -0.782151
v 7.473373 7.950084 -0.795780
v 7.251813 8.394137 -0.472165
v 7.812291 8.743446 -0.275482
v 7.688622 8.922839 -0.277259
v 7.940832 9.173713 -0.092928
v 9.753169 9.446732 -0.322652
v 9.663590 8.597276 -0.464384
v 9.924152 8.646700 -0.702921
v 9.374508 8.657495 -0.282340
v 9.159288 8.801090 -0.096415
v 9.000312 8.996737 0.054761
v 8.895232 9.231487 0.141026
v 9.947760 8.276212 -1.007700
v 9.630792 8.194154 -0.603458
v 9.829659 8.090352 -1.507051
v 9.372693 7.978116 -1.008821
v 9.185246 7.803662 -1.259622
v 9.665133 7.914135 -1.727327
v 9.173937 8.205986 -0.234147
v 8.817840 7.968432 -0.495244
v 8.083651 7.848220 -1.329423
v 8.572877 7.805244 -0.705246
v 8.863122 8.390018 -0.012871
v 8.459811 8.200728 -0.215693
v 7.804444 8.171004 -0.902898
v 8.251030 8.046876 -0.344739
v 8.611638 8.759716 0.124605
v 8.281122 8.727244 0.022644
v 8.106397 8.630540 0.011296
v 8.564631 9.186901 0.222434
v 8.220876 9.223129 0.152914
v 8.038787 9.195779 0.151804
v 10.481038 9.761961 -2.499123
v 10.495806 10.142711 -2.267516
v 10.785404 9.606992 -3.065863
v 10.683292 9.941957 -2.693554
v 10.590253 9.023478 -2.985094
v 10.756519 9.259988 -3.267153
v 10.325753 8.511231 -2.583737
v 10.538654 8.419058 -2.701236
v 10.047081 8.187696 -2.488912
v 9.609242 8.088540 -1.611293
v 9.921555 8.278865 -2.010816
v 9.742510 8.150579 -2.019609
v 10.318767 9.908503 -0.639981
v 10.394870 9.605363 -0.636338
v 9.946726 9.414578 -0.165216
v 10.362648 9.335203 -0.611626
v 10.252944 9.085437 -0.557360
v 10.072968 8.882750 -0.489975
v 9.850207 8.755269 -0.440857
v 10.586820 10.016361 -0.893681
v 10.662367 9.644239 -0.906630
v 10.672209 10.142568 -1.321567
v 10.755103 9.660947 -1.328652
v 10.742361 10.240389 -1.671383
v 10.809858 9.718177 -1.663123
v 10.612417 9.270689 -0.908332
v 10.682361 9.194735 -1.318703
v 10.724352 9.169930 -1.629438
v 10.417098 9.219832 -2.458712
v 10.455945 8.932559 -0.857519
v 10.493441 8.785625 -1.271007
v 10.527746 8.719501 -1.579188
v 10.193473 8.769772 -2.327957
v 10.193403 8.629480 -0.748024
v 10.171769 8.394880 -1.168024
v 10.184694 8.285640 -1.432817
v 9.857768 8.424336 -0.656757
v 9.772556 8.130851 -1.044899
v 9.731926 7.985166 -1.253951
v 10.388765 10.130623 -2.226908
v 10.582606 9.973956 -2.703201
v 10.678601 9.637987 -3.078937
v 10.377001 9.784203 -2.483160
v 10.688309 9.286304 -3.348180
v 10.494725 9.059246 -3.044470
v 10.461065 8.428110 -2.760458
v 10.220508 8.534265 -2.633195
v 9.936934 8.232323 -2.513580
v 9.846480 8.353833 -1.984607
v 9.674413 8.232873 -2.013797
v 9.550549 8.184319 -1.591198
v 9.868284 9.421873 -0.234142
v 10.299197 9.585840 -0.710406
v 10.235744 9.872982 -0.716436
v 10.267240 9.334295 -0.684724
v 10.161113 9.100768 -0.635779
v 9.991898 8.912429 -0.578483
v 9.774745 8.790930 -0.533878
v 10.463433 9.990154 -0.935717
v 10.538452 9.634204 -0.949402
v 10.541463 10.118423 -1.322681
v 10.622089 9.656423 -1.327909
v 10.680410 9.717673 -1.631233
v 10.631956 10.219099 -1.638824
v 10.485714 9.283634 -0.946416
v 10.552413 9.224391 -1.316477
v 10.315560 9.261789 -2.429629
v 10.601280 9.207432 -1.595496
v 10.336562 8.963565 -0.897166
v 10.366443 8.836311 -1.270617
v 10.094228 8.825536 -2.307173
v 10.411623 8.781365 -1.547014
v 10.094118 8.682068 -0.807523
v 10.062838 8.466349 -1.171406
v 10.079982 8.368274 -1.392378
v 9.770666 8.489038 -0.727135
v 9.677632 8.214400 -1.054069
v 9.643566 8.083509 -1.232744
v 9.877432 11.413676 -1.351256
v 9.675813 11.304502 -0.993671
v 10.090696 11.765346 -1.795035
v 9.882674 11.581668 -1.438624
v 10.306380 11.647236 -2.111012
v 10.469159 11.862657 -2.100146
v 10.570531 11.220679 -2.441460
v 10.724697 11.411107 -2.507953
v 10.766230 10.844527 -2.506064
v 10.737650 10.036513 -2.015553
v 10.728956 10.494421 -2.114301
v 10.735233 10.374045 -2.316405
v 9.861419 10.144366 -0.159370
v 10.093535 10.104853 -0.234297
v 9.876337 9.428077 -0.214116
v 10.253429 10.022486 -0.329656
v 10.366023 9.899555 -0.435880
v 10.424629 9.742665 -0.544191
v 10.423385 9.573602 -0.650393
v 9.923536 10.454853 -0.149675
v 10.204095 10.400977 -0.250749
v 9.846035 10.764907 -0.318764
v 10.201200 10.682745 -0.449616
v 9.803494 11.013189 -0.464373
v 10.174136 10.905248 -0.604631
v 10.432714 10.281873 -0.396025
v 10.482924 10.514358 -0.633128
v 10.494493 10.698211 -0.803485
v 10.260756 11.167415 -1.570928
v 10.588582 10.108690 -0.545135
v 10.679611 10.293995 -0.817266
v 10.715930 10.448612 -1.011299
v 10.481028 10.861940 -1.824446
v 10.673885 9.881022 -0.691110
v 10.806662 10.007337 -1.014689
v 10.863461 10.129484 -1.252403
v 10.670759 9.629594 -0.842428
v 10.818111 9.686079 -1.221200
v 10.874824 9.768768 -1.499754
v 9.639822 11.209157 -1.023008
v 9.801965 11.532865 -1.487105
v 10.011690 11.718413 -1.847965
v 9.805993 11.344615 -1.388314
v 10.402637 11.881296 -2.180604
v 10.224676 11.632571 -2.177009
v 10.668280 11.408691 -2.597717
v 10.496505 11.187042 -2.509540
v 10.677573 10.796123 -2.538363
v 10.630198 10.456201 -2.108638
v 10.631279 10.353083 -2.315722
v 10.637758 10.017589 -1.985394
v 9.820036 9.429261 -0.303978
v 10.052052 10.093882 -0.331274
v 9.838246 10.132500 -0.258194
v 10.199347 10.017608 -0.420745
v 10.304302 9.903211 -0.522036
v 10.358764 9.758982 -0.625687
v 10.356467 9.597695 -0.729055
v 9.885365 10.406693 -0.236104
v 10.153846 10.357193 -0.333235
v 9.807723 10.690952 -0.384407
v 10.148255 10.612032 -0.508289
v 10.123257 10.820333 -0.642673
v 9.774111 10.932329 -0.500659
v 10.363896 10.246001 -0.468299
v 10.407839 10.454098 -0.677596
v 10.182397 11.097753 -1.586835
v 10.419625 10.626025 -0.824238
v 10.508339 10.086129 -0.610697
v 10.589978 10.249424 -0.852273
v 10.393437 10.802278 -1.828273
v 10.627364 10.390872 -1.019558
v 10.588355 9.879068 -0.753774
v 10.707619 9.986187 -1.046137
v 10.763656 10.093681 -1.250530
v 10.583421 9.640574 -0.901572
v 10.716603 9.678469 -1.250935
v 10.770939 9.748258 -1.493960
v 7.665967 10.107203 -0.165295
v 7.695441 9.664105 -0.124970
v 7.165363 10.508002 -0.002184
v 7.366759 10.039382 -0.034972
v 7.540703 10.987945 -0.119959
v 7.151006 10.906931 -0.051323
v 8.179157 11.259639 -0.229511
v 8.061897 11.402045 -0.046210
v 8.475425 11.497339 -0.446422
v 9.389519 11.181794 -0.637767
v 8.880243 11.199504 -0.454172
v 8.975939 11.311760 -0.617980
v 9.230037 9.144334 0.098207
v 9.338646 9.415957 0.181689
v 9.878707 9.354862 -0.278093
v 9.473688 9.647951 0.155628
v 9.639608 9.850282 0.054916
v 9.819280 10.003543 -0.101658
v 9.975093 10.091914 -0.287771
v 8.908380 9.172830 0.321234
v 9.039374 9.514775 0.422547
v 8.462676 9.252197 0.284449
v 8.644474 9.689933 0.403677
v 8.100536 9.321897 0.255159
v 8.317294 9.788647 0.366902
v 9.213614 9.848515 0.405509
v 8.875396 10.100603 0.375919
v 8.607750 10.261854 0.339860
v 7.953839 10.572743 -0.170373
v 9.435989 10.127324 0.281140
v 9.144180 10.439330 0.240181
v 8.899239 10.635998 0.201592
v 8.321578 10.909944 -0.314334
v 9.712865 10.348777 0.053709
v 9.482102 10.734594 -0.019360
v 9.304952 10.947380 -0.054888
v 9.963743 10.482412 -0.237642
v 9.807518 10.902510 -0.352097
v 9.709279 11.120938 -0.420651
v 7.763964 9.653034 -0.216809
v 7.371158 10.011273 -0.137174
v 7.168869 10.482087 -0.111063
v 7.697536 10.076386 -0.263411
v 7.087876 10.916691 -0.139811
v 7.499310 10.978652 -0.230099
v 8.027533 11.417284 -0.136741
v 8.154416 11.257012 -0.345417
v 8.463900 11.464216 -0.562622
v 8.889994 11.117972 -0.526290
v 8.963103 11.232945 -0.689160
v 9.380609 11.084926 -0.697422
v 9.834982 9.376777 -0.374744
v 9.304201 9.462337 0.061548
v 9.198874 9.206347 -0.005534
v 9.430827 9.678116 0.033575
v 9.585537 9.868735 -0.062662
v 9.749743 10.013162 -0.208945
v 9.898577 10.098149 -0.389481
v 8.916276 9.210373 0.193933
v 9.039148 9.538012 0.291635
v 8.506827 9.269517 0.160231
v 8.682278 9.688767 0.276069
v 8.379197 9.770232 0.250270
v 8.167032 9.322506 0.158826
v 9.206069 9.849337 0.267087
v 8.898769 10.068267 0.248725
v 7.987448 10.518548 -0.264444
v 8.653176 10.208708 0.226646
v 9.414307 10.114092 0.143218
v 9.153971 10.389938 0.110486
v 8.341422 10.847132 -0.409476
v 8.930689 10.562059 0.092546
v 9.661301 10.325361 -0.068070
v 9.472481 10.669893 -0.137871
v 9.329985 10.852208 -0.154803
v 9.895859 10.453294 -0.348194
v 9.785112 10.829570 -0.457859
v 9.706545 11.020822 -0.511094
vt 0.021439 0.789857
vt 0.429646 0.565611
vt 0.027835 0.681439
vt 0.009547 0.745997
vt 0.297245 0.548729
vt 0.068496 0.631534
vt 0.240258 0.606128
vt 0.204883 0.594132
vt 0.234554 0.649587
vt 0.269886 0.682476
vt 0.264578 0.720518
vt 0.254778 0.696081
vt 0.425216 0.799394
vt 0.229919 0.941473
vt 0.344820 0.887129
vt 0.395286 0.789889
vt 0.365984 0.789380
vt 0.337567 0.792860
vt 0.311769 0.798398
vt 0.158496 0.941698
vt 0.448411 0.749402
vt 0.081587 0.917707
vt 0.463052 0.683254
vt 0.042044 0.885759
vt 0.458562 0.636179
vt 0.401880 0.734024
vt 0.392686 0.675428
vt 0.378610 0.635864
vt 0.337777 0.571640
vt 0.367859 0.734884
vt 0.350639 0.684813
vt 0.337108 0.656533
vt 0.285893 0.608934
vt 0.331792 0.747947
vt 0.313033 0.717195
vt 0.303647 0.698065
vt 0.299899 0.771645
vt 0.284054 0.748452
vt 0.278512 0.734301
vt 0.031670 0.789593
vt 0.019532 0.754730
vt 0.035025 0.693874
vt 0.054308 0.753989
vt 0.072463 0.642612
vt 0.112031 0.649516
vt 0.199281 0.604665
vt 0.189752 0.641128
vt 0.226824 0.658765
vt 0.229280 0.711121
vt 0.247306 0.703595
vt 0.258534 0.725763
vt 0.228946 0.893147
vt 0.333130 0.883894
vt 0.227941 0.928343
vt 0.239768 0.863450
vt 0.257465 0.839346
vt 0.277668 0.819255
vt 0.299751 0.803434
vt 0.157153 0.929935
vt 0.180524 0.885153
vt 0.086279 0.908691
vt 0.126820 0.858655
vt 0.095830 0.829901
vt 0.054011 0.882621
vt 0.197832 0.838138
vt 0.162203 0.802310
vt 0.107553 0.697311
vt 0.140417 0.771459
vt 0.219329 0.810981
vt 0.193908 0.774649
vt 0.165196 0.683344
vt 0.178955 0.752656
vt 0.251252 0.790354
vt 0.239460 0.764119
vt 0.229994 0.749462
vt 0.288787 0.778457
vt 0.276372 0.753874
vt 0.271570 0.740974
vt 0.533679 0.695656
vt 0.532083 0.646714
vt 0.479407 0.561927
vt 0.498648 0.763314
vt 0.455457 0.820333
vt 0.324168 0.513907
vt 0.383360 0.515064
vt 0.444106 0.535970
vt 0.579934 0.077316
vt 0.572716 0.142030
vt 0.510501 0.208639
vt 0.532053 0.140228
vt 0.562330 0.272977
vt 0.513410 0.262241
vt 0.636981 0.306995
vt 0.628298 0.338997
vt 0.675807 0.326171
vt 0.702362 0.286262
vt 0.750062 0.289089
vt 0.719652 0.304800
vt 0.836785 0.104213
vt 0.853491 0.071579
vt 0.909468 0.175499
vt 0.832752 0.134229
vt 0.836536 0.164334
vt 0.844987 0.193780
vt 0.855544 0.220454
vt 0.797832 0.046444
vt 0.786808 0.087395
vt 0.728049 0.028291
vt 0.727132 0.083673
vt 0.671855 0.034449
vt 0.680642 0.087842
vt 0.783869 0.125479
vt 0.732251 0.133996
vt 0.695241 0.145300
vt 0.603106 0.206135
vt 0.791471 0.162091
vt 0.745039 0.177004
vt 0.712588 0.191684
vt 0.644386 0.254722
vt 0.808442 0.199514
vt 0.767311 0.220284
vt 0.742048 0.233077
vt 0.826047 0.236857
vt 0.791702 0.258583
vt 0.774182 0.268942
vt 0.845302 0.524300
vt 0.765952 0.546547
vt 0.690972 0.532878
vt 0.784933 0.506590
vt 0.637776 0.504666
vt 0.657010 0.454557
vt 0.629822 0.351978
vt 0.668706 0.369756
vt 0.684977 0.336188
vt 0.738406 0.335977
vt 0.727753 0.314019
vt 0.756712 0.296791
vt 0.951201 0.292982
vt 0.920387 0.182486
vt 0.986274 0.295791
vt 0.924635 0.282484
vt 0.901242 0.267284
vt 0.880237 0.250311
vt 0.861554 0.232955
vt 0.984075 0.355932
vt 0.943880 0.344537
vt 0.963241 0.424777
vt 0.918303 0.396381
vt 0.893520 0.435101
vt 0.934174 0.473507
vt 0.910262 0.327940
vt 0.881361 0.370018
vt 0.748421 0.451698
vt 0.855015 0.397102
vt 0.883348 0.306190
vt 0.850895 0.340128
vt 0.730201 0.396354
vt 0.825348 0.362483
vt 0.858352 0.278976
vt 0.823616 0.303516
vt 0.804203 0.318646
vt 0.832371 0.248825
vt 0.799075 0.267943
vt 0.781643 0.276425
vt 0.497610 0.204398
vt 0.524067 0.130227
vt 0.576735 0.062852
vt 0.501837 0.268830
vt 0.867364 0.066420
vt 0.809450 0.035661
vt 0.737111 0.013342
vt 0.673033 0.021257
vt 0.143213 0.058119
vt 0.107838 0.112636
vt 0.043022 0.187515
vt 0.081596 0.122672
vt 0.055388 0.246614
vt 0.025526 0.264818
vt 0.110651 0.306908
vt 0.097471 0.342448
vt 0.154746 0.311945
vt 0.191063 0.268037
vt 0.239283 0.277573
vt 0.201295 0.293236
vt 0.379303 0.111665
vt 0.398583 0.088510
vt 0.463456 0.185123
vt 0.371065 0.134889
vt 0.369280 0.159544
vt 0.372711 0.185630
vt 0.380690 0.211578
vt 0.349771 0.058192
vt 0.335089 0.093185
vt 0.289564 0.035082
vt 0.284673 0.081415
vt 0.239120 0.030589
vt 0.243975 0.077993
vt 0.328427 0.125781
vt 0.284103 0.125625
vt 0.250925 0.127241
vt 0.129230 0.171133
vt 0.329291 0.156900
vt 0.289313 0.162863
vt 0.259143 0.167358
vt 0.154118 0.219154
vt 0.337377 0.189016
vt 0.300229 0.201343
vt 0.271420 0.208557
vt 0.348837 0.223911
vt 0.312966 0.241609
vt 0.288051 0.252623
vt 0.343811 0.485810
vt 0.255729 0.496140
vt 0.186453 0.481956
vt 0.282711 0.480958
vt 0.115402 0.445285
vt 0.153016 0.436996
vt 0.109225 0.349557
vt 0.145320 0.358941
vt 0.164415 0.320725
vt 0.224103 0.325195
vt 0.208302 0.303090
vt 0.246300 0.285893
vt 0.453033 0.295958
vt 0.457930 0.197513
vt 0.480830 0.296689
vt 0.431468 0.286264
vt 0.412704 0.270567
vt 0.397269 0.250090
vt 0.385317 0.225804
vt 0.476838 0.346067
vt 0.440807 0.334167
vt 0.452994 0.400187
vt 0.419585 0.372930
vt 0.398159 0.402402
vt 0.427050 0.439009
vt 0.413613 0.317261
vt 0.388686 0.345082
vt 0.260765 0.427440
vt 0.368817 0.365970
vt 0.391623 0.295969
vt 0.364592 0.316901
vt 0.242284 0.379754
vt 0.345327 0.334204
vt 0.372685 0.269360
vt 0.342294 0.285172
vt 0.321126 0.300044
vt 0.354836 0.236550
vt 0.318115 0.252187
vt 0.294148 0.261811
vt 0.252169 0.509320
vt 0.177321 0.492199
vt 0.343117 0.499046
vt 0.104485 0.451299
vt 0.493262 0.296791
vt 0.488686 0.352909
vt 0.461874 0.410329
vt 0.431778 0.450521
vt 0.580727 0.925626
vt 0.637881 0.929606
vt 0.698092 0.981883
vt 0.637414 0.965314
vt 0.752910 0.934000
vt 0.745064 0.977591
vt 0.780326 0.866648
vt 0.808481 0.873423
vt 0.795808 0.831456
vt 0.760019 0.808849
vt 0.760443 0.765964
vt 0.775512 0.792907
vt 0.593370 0.699632
vt 0.565664 0.686985
vt 0.652441 0.627022
vt 0.620132 0.701385
vt 0.647160 0.696401
vt 0.673612 0.687399
vt 0.696676 0.676199
vt 0.546104 0.737330
vt 0.583122 0.746167
vt 0.532920 0.798259
vt 0.582007 0.797707
vt 0.540217 0.846947
vt 0.587164 0.837732
vt 0.616035 0.746481
vt 0.626050 0.790594
vt 0.637313 0.822266
vt 0.693331 0.900393
vt 0.647593 0.737920
vt 0.663053 0.776521
vt 0.677240 0.804301
vt 0.734553 0.861842
vt 0.680108 0.721076
vt 0.699879 0.754398
vt 0.711937 0.775691
vt 0.712231 0.702644
vt 0.731985 0.730677
vt 0.741616 0.745224
vt 0.966354 0.679070
vt 0.987262 0.748469
vt 0.976592 0.814517
vt 0.951787 0.732383
vt 0.952718 0.861655
vt 0.908623 0.845703
vt 0.819759 0.871691
vt 0.834171 0.836894
vt 0.804261 0.823046
vt 0.802095 0.775569
vt 0.783259 0.785471
vt 0.766870 0.759825
vt 0.759680 0.588557
vt 0.658782 0.615443
vt 0.759704 0.558748
vt 0.751478 0.612033
vt 0.738313 0.633616
vt 0.723005 0.653074
vt 0.706933 0.669341
vt 0.814712 0.560634
vt 0.806848 0.596355
vt 0.876400 0.577043
vt 0.852888 0.616978
vt 0.887053 0.638209
vt 0.919984 0.601727
vt 0.793697 0.624927
vt 0.829555 0.650611
vt 0.904119 0.765301
vt 0.853852 0.672889
vt 0.774755 0.649559
vt 0.803256 0.677194
vt 0.855715 0.782134
vt 0.823331 0.699089
vt 0.750317 0.672570
vt 0.770990 0.701541
vt 0.784503 0.717789
vt 0.722322 0.695478
vt 0.739894 0.723096
vt 0.747774 0.738133
vt 0.694723 0.993351
vt 0.628841 0.972654
vt 0.568098 0.928876
vt 0.751203 0.987606
vt 0.561548 0.673530
vt 0.536955 0.726809
vt 0.519471 0.790581
vt 0.528554 0.846274
vn 0.163495 -0.986074 -0.030446
vn 0.182809 -0.961950 0.203059
vn 0.501415 -0.110549 0.858116
vn 0.662101 -0.022808 0.749068
vn 0.571471 -0.250547 0.781439
vn 0.380306 -0.481370 0.789715
vn 0.515205 -0.418792 0.747781
vn 0.605696 -0.281529 0.744227
vn 0.358490 -0.549664 0.754556
vn -0.554318 -0.463138 0.691545
vn -0.790014 -0.120898 0.601050
vn -0.287716 -0.210854 0.934216
vn 0.654115 -0.261475 0.709763
vn 0.744619 -0.305823 0.593308
vn 0.582313 -0.154640 0.798122
vn 0.551783 -0.207401 0.807787
vn 0.486160 -0.175666 0.856032
vn 0.406825 -0.156898 0.899931
vn 0.358949 -0.153158 0.920705
vn 0.589717 -0.759105 0.275669
vn 0.528435 -0.730787 0.432095
vn 0.500718 -0.841710 0.202003
vn 0.403031 -0.876948 0.261781
vn 0.318515 -0.945492 0.067764
vn 0.165316 -0.984513 0.058347
vn 0.356737 -0.694536 0.624787
vn 0.194884 -0.867612 0.457461
vn -0.116829 -0.972751 0.200264
vn 0.123089 -0.837367 0.532602
vn 0.130394 -0.488064 0.863012
vn -0.056825 -0.641831 0.764738
vn -0.491929 -0.731619 0.471953
vn -0.143198 -0.761323 0.632362
vn -0.032187 -0.329390 0.943645
vn -0.140057 -0.383736 0.912760
vn -0.586133 -0.458919 0.667714
vn -0.045213 -0.242672 0.969054
vn -0.153429 -0.257510 0.954017
vn -0.510820 -0.191403 0.838110
vn -0.191221 0.981513 -0.008229
vn -0.623162 -0.000277 -0.782093
vn -0.488170 0.113955 -0.865277
vn -0.207464 0.940213 -0.270108
vn -0.410223 0.442042 -0.797694
vn -0.576196 0.269792 -0.771499
vn -0.646688 0.252932 -0.719597
vn -0.500542 0.443721 -0.743350
vn -0.306780 0.583903 -0.751627
vn 0.506786 0.479377 -0.716495
vn 0.295164 0.194215 -0.935499
vn 0.759283 0.147203 -0.633894
vn -0.625555 0.250870 -0.738746
vn -0.561044 0.186951 -0.806399
vn -0.718139 0.292816 -0.631297
vn -0.538482 0.210126 -0.816017
vn -0.490030 0.194439 -0.849744
vn -0.409582 0.173449 -0.895633
vn -0.361388 0.160822 -0.918442
vn -0.550273 0.773499 -0.314481
vn -0.510870 0.716907 -0.474401
vn -0.464561 0.853334 -0.236653
vn -0.382406 0.877886 -0.288238
vn -0.162444 0.983544 -0.079075
vn -0.289353 0.954509 -0.072032
vn -0.353090 0.679796 -0.642810
vn -0.204956 0.856107 -0.474420
vn -0.139934 0.826728 -0.544921
vn 0.110181 0.967551 -0.227387
vn -0.141813 0.485844 -0.862464
vn 0.036636 0.631041 -0.774884
vn 0.102789 0.756299 -0.646101
vn 0.482858 0.720993 -0.497008
vn 0.009273 0.325768 -0.945404
vn 0.128183 0.373246 -0.918834
vn 0.571502 0.443359 -0.690520
vn 0.021353 0.241299 -0.970216
vn 0.124469 0.254532 -0.959021
vn 0.508078 0.204246 -0.836744
vn -0.127201 -0.605341 -0.785737
vn -0.127201 -0.605341 -0.785737
vn -0.127201 -0.605341 -0.785737
vn -0.127201 -0.605341 -0.785737
vn -0.104528 -0.445481 -0.889169
vn -0.104528 -0.445481 -0.889169
vn -0.104528 -0.445481 -0.889169
vn -0.104528 -0.445481 -0.889169
vn -0.002514 -0.751324 -0.659928
vn -0.002514 -0.751325 -0.659928
vn -0.002514 -0.751325 -0.659928
vn -0.002514 -0.751325 -0.659928
vn -0.604016 -0.787396 -0.123174
vn -0.604016 -0.787396 -0.123174
vn -0.604016 -0.787396 -0.123174
vn -0.604016 -0.787396 -0.123174
vn -0.970960 -0.191091 0.143949
vn -0.970960 -0.191092 0.143949
vn -0.970960 -0.191092 0.143949
vn -0.970960 -0.191091 0.143949
vn -0.711321 0.702760 -0.012281
vn -0.711321 0.702760 -0.012281
vn -0.711321 0.702760 -0.012281
vn -0.711321 0.702760 -0.012281
vn -0.819183 0.488479 0.300545
vn -0.819183 0.488479 0.300545
vn -0.819183 0.488479 0.300545
vn -0.819183 0.488479 0.300545
vn 0.753763 0.419019 -0.506226
vn 0.753763 0.419019 -0.506226
vn 0.753763 0.419019 -0.506226
vn 0.753763 0.419019 -0.506226
vn 0.029301 0.895243 0.444613
vn 0.029301 0.895243 0.444613
vn 0.029301 0.895243 0.444613
vn 0.029301 0.895243 0.444613
vn 0.679227 0.492552 -0.544098
vn 0.679227 0.492552 -0.544098
vn 0.679227 0.492552 -0.544098
vn 0.679227 0.492552 -0.544098
vn 0.705810 0.588825 -0.393851
vn 0.705810 0.588825 -0.393851
vn 0.705810 0.588825 -0.393851
vn 0.705810 0.588825 -0.393851
vn 0.292308 -0.008778 -0.956284
vn 0.292308 -0.008778 -0.956284
vn 0.292308 -0.008778 -0.956284
vn 0.292308 -0.008778 -0.956284
vn 0.647698 0.203353 -0.734258
vn 0.647698 0.203353 -0.734258
vn 0.647698 0.203353 -0.734258
vn 0.647698 0.203353 -0.734258
vn -0.038352 0.881037 0.471490
vn -0.038352 0.881037 0.471490
vn -0.038352 0.881037 0.471490
vn -0.038352 0.881037 0.471490
vn -0.074160 0.790662 0.607745
vn -0.074160 0.790662 0.607745
vn -0.074160 0.790662 0.607745
vn -0.074160 0.790662 0.607745
vn -0.598344 0.772069 0.214231
vn -0.598344 0.772069 0.214231
vn -0.598344 0.772069 0.214231
vn -0.598344 0.772069 0.214231
vn -0.112450 0.734482 0.669247
vn -0.112450 0.734482 0.669247
vn -0.112450 0.734482 0.669247
vn -0.112450 0.734482 0.669247
vn 0.955604 0.091580 -0.280060
vn 0.989795 -0.142497 0.000547
vn 0.879384 -0.186800 0.437939
vn 0.790764 -0.335505 0.511984
vn 0.835387 -0.025345 0.549078
vn 0.884895 -0.118869 0.450368
vn 0.813410 -0.158016 0.559817
vn 0.625071 0.229052 0.746205
vn 0.806325 -0.371922 0.459907
vn 0.690507 -0.712873 -0.122525
vn 0.396850 -0.890486 -0.222586
vn 0.565429 -0.802272 0.191443
vn 0.705418 0.061910 0.706082
vn 0.673641 0.153323 0.722980
vn 0.654696 -0.127485 0.745064
vn 0.732890 -0.127381 0.668316
vn 0.688765 -0.275007 0.670801
vn 0.552245 -0.403572 0.729490
vn 0.458637 -0.466538 0.756303
vn 0.888715 0.167480 0.426774
vn 0.906643 0.029927 0.420837
vn 0.963081 0.157282 0.218490
vn 0.980534 0.006796 0.196229
vn 0.968011 0.151298 -0.200159
vn 0.975840 -0.018796 -0.217677
vn 0.893177 -0.222142 0.391008
vn 0.945990 -0.266766 0.184223
vn 0.924627 -0.296663 -0.238864
vn 0.966407 -0.256852 -0.009141
vn 0.810155 -0.423910 0.404906
vn 0.840543 -0.489628 0.231846
vn 0.808529 -0.546688 -0.217747
vn 0.888077 -0.459000 -0.025244
vn 0.663594 -0.579203 0.473462
vn 0.687256 -0.651218 0.321860
vn 0.656134 -0.742357 -0.135626
vn 0.555192 -0.664098 0.500734
vn 0.586626 -0.718597 0.373480
vn 0.484224 -0.874071 -0.039094
vn -0.963467 -0.082682 0.254745
vn -0.815134 0.336242 -0.471698
vn -0.890295 0.196616 -0.410752
vn -0.986960 0.156715 -0.036752
vn -0.850855 0.078049 -0.519572
vn -0.840918 0.027747 -0.540452
vn -0.617332 -0.252353 -0.745130
vn -0.831186 0.169279 -0.529598
vn -0.824768 0.390543 -0.408942
vn -0.706108 0.702086 0.092120
vn -0.543917 0.818436 -0.185250
vn -0.405230 0.894600 0.188359
vn -0.714016 -0.057008 -0.697804
vn -0.666375 0.151556 -0.730051
vn -0.680350 -0.147113 -0.717971
vn -0.737976 0.134132 -0.661363
vn -0.686311 0.290254 -0.666880
vn -0.540805 0.423380 -0.726829
vn -0.445819 0.481810 -0.754391
vn -0.891058 -0.168683 -0.421381
vn -0.907006 -0.028666 -0.420140
vn -0.956178 -0.149403 -0.251797
vn -0.975661 -0.004986 -0.219228
vn -0.979561 0.025921 0.199471
vn -0.972794 -0.145074 0.180626
vn -0.892221 0.231837 -0.387548
vn -0.941319 0.272735 -0.198831
vn -0.964261 0.264732 -0.010858
vn -0.926042 0.303438 0.224437
vn -0.808818 0.431648 -0.399367
vn -0.837606 0.489630 -0.242238
vn -0.891197 0.453572 -0.006352
vn -0.811374 0.547591 0.204489
vn -0.657100 0.585210 -0.475130
vn -0.681374 0.648882 -0.338648
vn -0.660786 0.741473 0.116530
vn -0.544135 0.667041 -0.508895
vn -0.578109 0.713930 -0.395087
vn -0.480854 0.876545 0.021185
vn 0.292515 0.749084 -0.594397
vn 0.292515 0.749084 -0.594397
vn 0.292515 0.749084 -0.594397
vn 0.292515 0.749084 -0.594397
vn 0.036710 0.934308 -0.354572
vn 0.036710 0.934308 -0.354572
vn 0.036710 0.934308 -0.354572
vn 0.036710 0.934308 -0.354572
vn 0.532580 0.462676 -0.708724
vn 0.532580 0.462676 -0.708724
vn 0.532580 0.462676 -0.708724
vn 0.532580 0.462675 -0.708724
vn 0.491276 -0.573681 -0.655391
vn 0.491276 -0.573681 -0.655391
vn 0.491276 -0.573681 -0.655391
vn 0.491276 -0.573681 -0.655391
vn 0.051232 -0.785221 -0.617092
vn 0.051232 -0.785221 -0.617092
vn 0.051232 -0.785221 -0.617092
vn 0.051232 -0.785221 -0.617092
vn -0.794199 -0.519676 -0.314936
vn -0.794199 -0.519676 -0.314936
vn -0.794199 -0.519676 -0.314936
vn -0.794199 -0.519676 -0.314936
vn -0.522638 -0.783807 -0.335404
vn -0.522638 -0.783807 -0.335404
vn -0.522638 -0.783807 -0.335404
vn -0.522638 -0.783807 -0.335404
vn -0.488982 0.779375 0.391754
vn -0.488982 0.779375 0.391754
vn -0.488982 0.779375 0.391754
vn -0.488982 0.779375 0.391754
vn -0.736425 -0.182081 0.651555
vn -0.736425 -0.182081 0.651555
vn -0.736425 -0.182081 0.651555
vn -0.736425 -0.182081 0.651555
vn -0.334888 0.937455 0.095012
vn -0.334888 0.937455 0.095012
vn -0.334888 0.937455 0.095012
vn -0.334888 0.937455 0.095012
vn -0.228642 0.941358 0.248129
vn -0.228642 0.941358 0.248129
vn -0.228642 0.941358 0.248129
vn -0.228642 0.941358 0.248129
vn -0.177697 0.980772 -0.080688
vn -0.177697 0.980772 -0.080688
vn -0.177697 0.980772 -0.080688
vn -0.177697 0.980772 -0.080688
vn -0.147759 0.957008 0.249606
vn -0.147759 0.957008 0.249606
vn -0.147759 0.957008 0.249606
vn -0.147759 0.957008 0.249606
vn -0.762655 -0.354141 0.541240
vn -0.762655 -0.354141 0.541240
vn -0.762655 -0.354141 0.541240
vn -0.762655 -0.354141 0.541240
vn -0.655719 -0.502980 0.563066
vn -0.655719 -0.502980 0.563066
vn -0.655719 -0.502980 0.563066
vn -0.655719 -0.502980 0.563066
vn -0.788965 -0.611157 0.063417
vn -0.788965 -0.611157 0.063417
vn -0.788965 -0.611157 0.063417
vn -0.788965 -0.611157 0.063417
vn -0.571475 -0.612024 0.546665
vn -0.571475 -0.612024 0.546665
vn -0.571475 -0.612024 0.546665
vn -0.571475 -0.612024 0.546665
vn 0.366334 0.832705 0.415212
vn 0.650478 0.640863 0.407643
vn 0.743774 0.372267 0.555174
vn 0.784767 0.266522 0.559560
vn 0.820431 0.146218 0.552733
vn 0.566206 -0.361026 0.740993
vn 0.838345 0.200622 0.506881
vn 0.530453 -0.279812 0.800203
vn 0.879010 0.316627 0.356495
vn 0.951100 0.296470 0.086687
vn 0.986909 0.049765 -0.153409
vn 0.999195 -0.012120 0.038252
vn 0.381956 -0.095057 0.919279
vn 0.304048 -0.072654 0.949882
vn 0.500851 -0.206160 0.840622
vn 0.514612 -0.153016 0.843659
vn 0.584154 -0.231652 0.777883
vn 0.617546 -0.346662 0.706018
vn 0.624088 -0.415368 0.661804
vn 0.377007 0.305054 0.874533
vn 0.497882 0.280174 0.820742
vn 0.402955 0.528644 0.747103
vn 0.534361 0.505301 0.677591
vn 0.377392 0.776999 0.503833
vn 0.545801 0.735624 0.401197
vn 0.685087 0.197834 0.701083
vn 0.741307 0.408269 0.532710
vn 0.737832 0.630267 0.241592
vn 0.784043 0.547518 0.292405
vn 0.797816 0.053953 0.600482
vn 0.879949 0.236325 0.412117
vn 0.865368 0.487154 0.117555
vn 0.875992 0.445048 0.185931
vn 0.845594 -0.148338 0.512802
vn 0.951207 -0.009540 0.308405
vn 0.960983 0.275825 0.020781
vn 0.856403 -0.266246 0.442364
vn 0.962295 -0.129023 0.239460
vn 0.995181 0.024504 -0.094949
vn -0.372944 -0.832359 -0.409989
vn -0.786489 -0.300111 -0.539785
vn -0.738796 -0.385227 -0.552974
vn -0.660514 -0.626208 -0.414229
vn -0.601778 0.319414 -0.732010
vn -0.823298 -0.139652 -0.550162
vn -0.561813 0.243380 -0.790653
vn -0.834876 -0.200613 -0.512578
vn -0.879318 -0.319863 -0.352828
vn -0.950800 -0.294698 -0.095564
vn -0.999130 0.035006 -0.022650
vn -0.986563 -0.039159 0.158619
vn -0.383136 0.119989 -0.915865
vn -0.512227 0.214687 -0.831584
vn -0.311047 0.096022 -0.945531
vn -0.508058 0.178653 -0.842591
vn -0.576959 0.255272 -0.775857
vn -0.611053 0.364626 -0.702611
vn -0.617810 0.428109 -0.659571
vn -0.378258 -0.294893 -0.877473
vn -0.497240 -0.264984 -0.826158
vn -0.409535 -0.498062 -0.764340
vn -0.534930 -0.484622 -0.692092
vn -0.551488 -0.733013 -0.398188
vn -0.385311 -0.773357 -0.503443
vn -0.685127 -0.177860 -0.706376
vn -0.743141 -0.393012 -0.541556
vn -0.786635 -0.541444 -0.296721
vn -0.739156 -0.630111 -0.237924
vn -0.795745 -0.034083 -0.604672
vn -0.880425 -0.219314 -0.420421
vn -0.877674 -0.438998 -0.192274
vn -0.864988 -0.488406 -0.115129
vn -0.842258 0.165696 -0.512978
vn -0.948653 0.031461 -0.314751
vn -0.960407 -0.277966 -0.018818
vn -0.852992 0.279394 -0.440844
vn -0.957877 0.146814 -0.246812
vn -0.994697 -0.014720 0.101786
vn -0.557371 0.824257 0.099686
vn -0.557371 0.824257 0.099686
vn -0.557371 0.824257 0.099686
vn -0.557371 0.824257 0.099686
vn -0.794579 0.602428 0.075664
vn -0.794579 0.602428 0.075664
vn -0.794578 0.602428 0.075664
vn -0.794579 0.602428 0.075664
vn -0.259758 0.962415 0.079264
vn -0.259758 0.962415 0.079264
vn -0.259758 0.962415 0.079264
vn -0.259758 0.962415 0.079264
vn 0.617772 0.688118 -0.380592
vn 0.617772 0.688118 -0.380592
vn 0.617772 0.688118 -0.380592
vn 0.617772 0.688118 -0.380592
vn 0.646185 -0.011782 -0.763090
vn 0.646185 -0.011782 -0.763090
vn 0.646185 -0.011782 -0.763090
vn 0.646185 -0.011782 -0.763090
vn 0.023435 -0.683714 -0.729373
vn 0.023435 -0.683714 -0.729373
vn 0.023435 -0.683714 -0.729373
vn 0.023435 -0.683714 -0.729373
vn 0.290675 -0.413932 -0.862652
vn 0.290675 -0.413932 -0.862652
vn 0.290675 -0.413932 -0.862652
vn 0.290675 -0.413932 -0.862652
vn -0.920774 -0.025431 0.389266
vn -0.920774 -0.025431 0.389266
vn -0.920774 -0.025431 0.389266
vn -0.920774 -0.025431 0.389266
vn 0.104546 -0.969458 -0.221860
vn 0.104546 -0.969458 -0.221860
vn 0.104546 -0.969458 -0.221860
vn 0.104546 -0.969458 -0.221860
vn -0.951128 0.163455 0.261988
vn -0.951128 0.163455 0.261988
vn -0.951128 0.163455 0.261988
vn -0.951128 0.163455 0.261988
vn -0.894880 0.004732 0.446281
vn -0.894880 0.004732 0.446281
vn -0.894880 0.004732 0.446281
vn -0.894880 0.004732 0.446281
vn -0.915273 0.212006 0.342533
vn -0.915273 0.212006 0.342533
vn -0.915273 0.212006 0.342533
vn -0.915273 0.212006 0.342533
vn -0.891238 0.098184 0.442781
vn -0.891238 0.098184 0.442781
vn -0.891238 0.098184 0.442781
vn -0.891238 0.098184 0.442781
vn 0.006671 -0.967272 -0.253654
vn 0.006671 -0.967272 -0.253654
vn 0.006671 -0.967272 -0.253654
vn 0.006671 -0.967272 -0.253654
vn 0.036267 -0.992738 -0.114701
vn 0.036267 -0.992738 -0.114701
vn 0.036267 -0.992738 -0.114701
vn 0.036267 -0.992738 -0.114701
vn 0.082609 -0.870001 -0.486081
vn 0.082609 -0.870001 -0.486081
vn 0.082609 -0.870001 -0.486081
vn 0.082609 -0.870001 -0.486081
vn 0.159533 -0.956165 -0.245554
vn 0.159533 -0.956165 -0.245554
vn 0.159533 -0.956165 -0.245554
vn 0.159533 -0.956165 -0.245554
vn -0.533675 0.076989 0.842178
vn -0.199322 0.163837 0.966141
vn 0.225501 0.005955 0.974225
vn 0.377442 0.103185 0.920266
vn 0.262417 -0.189505 0.946163
vn 0.205141 -0.060211 0.976879
vn 0.335270 -0.076185 0.939037
vn 0.376826 -0.512405 0.771650
vn 0.344380 0.159429 0.925195
vn 0.022487 0.718348 0.695321
vn 0.091538 0.910977 0.402171
vn 0.364640 0.654967 0.661857
vn 0.545584 -0.349973 0.761483
vn 0.510818 -0.427559 0.745827
vn 0.663969 -0.232853 0.710581
vn 0.610312 -0.206675 0.764726
vn 0.669911 -0.131922 0.730627
vn 0.738780 -0.088003 0.668177
vn 0.776239 -0.065542 0.627022
vn 0.106120 -0.313045 0.943791
vn 0.164664 -0.189666 0.967943
vn -0.135353 -0.202187 0.969948
vn -0.093423 -0.056826 0.994004
vn -0.494233 -0.011415 0.869254
vn -0.437271 0.149033 0.886895
vn 0.282035 0.030248 0.958927
vn 0.031434 0.192802 0.980734
vn -0.320801 0.405527 0.855941
vn -0.151649 0.269731 0.950920
vn 0.426377 0.172336 0.887977
vn 0.219183 0.359550 0.907019
vn -0.161706 0.615888 0.771060
vn -0.056709 0.455110 0.888627
vn 0.569816 0.241962 0.785343
vn 0.416387 0.434964 0.798391
vn 0.036227 0.747852 0.662877
vn 0.640912 0.286166 0.712278
vn 0.515368 0.455994 0.725579
vn 0.225502 0.814893 0.533947
vn 0.510097 -0.074052 -0.856923
vn -0.336654 -0.122566 -0.933617
vn -0.203500 -0.027181 -0.978698
vn 0.161226 -0.160455 -0.973787
vn -0.255901 0.128660 -0.958103
vn -0.254578 0.183333 -0.949515
vn -0.367799 0.533096 -0.761927
vn -0.309476 0.052071 -0.949480
vn -0.303766 -0.199340 -0.931660
vn -0.040377 -0.695366 -0.717520
vn -0.372038 -0.671391 -0.640954
vn -0.121141 -0.899399 -0.420007
vn -0.561353 0.340306 -0.754370
vn -0.656002 0.202121 -0.727192
vn -0.528585 0.414405 -0.740855
vn -0.623073 0.203378 -0.755260
vn -0.679430 0.127008 -0.722665
vn -0.746325 0.080104 -0.660743
vn -0.781850 0.060779 -0.620497
vn -0.115209 0.312868 -0.942784
vn -0.182518 0.190655 -0.964540
vn 0.100546 0.209704 -0.972581
vn 0.068574 0.065364 -0.995503
vn 0.419485 -0.147501 -0.895698
vn 0.475977 0.014304 -0.879341
vn -0.308373 -0.031572 -0.950741
vn -0.057338 -0.190164 -0.980077
vn 0.130441 -0.267864 -0.954586
vn 0.305413 -0.405342 -0.861638
vn -0.444375 -0.167923 -0.879962
vn -0.242450 -0.348105 -0.905561
vn 0.032477 -0.436279 -0.899225
vn 0.148995 -0.610673 -0.777740
vn -0.582058 -0.231717 -0.779433
vn -0.440744 -0.412170 -0.797409
vn -0.053113 -0.737365 -0.673404
vn -0.653451 -0.271995 -0.706414
vn -0.539970 -0.427107 -0.725267
vn -0.246659 -0.805918 -0.538196
vn -0.915132 -0.397471 0.067460
vn -0.915132 -0.397471 0.067460
vn -0.915132 -0.397471 0.067460
vn -0.915132 -0.397471 0.067460
vn -0.721818 -0.678953 -0.134171
vn -0.721818 -0.678953 -0.134171
vn -0.721818 -0.678953 -0.134171
vn -0.721818 -0.678953 -0.134171
vn -0.952228 -0.081426 0.294333
vn -0.952228 -0.081426 0.294333
vn -0.952228 -0.081426 0.294333
vn -0.952228 -0.081426 0.294333
vn -0.443907 0.822082 0.356551
vn -0.443907 0.822082 0.356551
vn -0.443907 0.822082 0.356551
vn -0.443907 0.822082 0.356551
vn -0.202365 0.978504 -0.039725
vn -0.202365 0.978504 -0.039725
vn -0.202365 0.978504 -0.039725
vn -0.202365 0.978504 -0.039725
vn 0.165570 0.575787 -0.800660
vn 0.165570 0.575787 -0.800660
vn 0.165570 0.575787 -0.800660
vn 0.165570 0.575787 -0.800660
vn 0.191187 0.831510 -0.521573
vn 0.191187 0.831510 -0.521573
vn 0.191187 0.831510 -0.521573
vn 0.191187 0.831510 -0.521573
vn 0.040276 -0.916172 -0.398757
vn 0.040276 -0.916172 -0.398757
vn 0.040276 -0.916172 -0.398757
vn 0.040276 -0.916172 -0.398757
vn 0.844299 -0.101423 -0.526187
vn 0.844299 -0.101423 -0.526187
vn 0.844299 -0.101423 -0.526187
vn 0.844299 -0.101423 -0.526187
vn -0.294605 -0.888034 -0.352993
vn -0.294605 -0.888034 -0.352993
vn -0.294605 -0.888034 -0.352993
vn -0.294605 -0.888034 -0.352993
vn -0.136155 -0.961689 -0.237940
vn -0.136155 -0.961689 -0.237940
vn -0.136155 -0.961689 -0.237940
vn -0.136155 -0.961689 -0.237940
vn -0.449698 -0.849652 -0.275432
vn -0.449698 -0.849652 -0.275432
vn -0.449698 -0.849652 -0.275432
vn -0.449698 -0.849652 -0.275432
vn -0.163097 -0.973393 -0.160953
vn -0.163097 -0.973393 -0.160953
vn -0.163097 -0.973393 -0.160953
vn -0.163097 -0.973393 -0.160953
vn 0.819542 0.084936 -0.566689
vn 0.819542 0.084936 -0.566689
vn 0.819542 0.084936 -0.566689
vn 0.819542 0.084936 -0.566689
vn 0.878708 0.168923 -0.446473
vn 0.878708 0.168923 -0.446473
vn 0.878708 0.168923 -0.446473
vn 0.878708 0.168923 -0.446473
vn 0.527290 0.495039 -0.690581
vn 0.527290 0.495039 -0.690581
vn 0.527290 0.495039 -0.690581
vn 0.527290 0.495039 -0.690581
vn 0.890989 0.277758 -0.359151
vn 0.890989 0.277758 -0.359151
vn 0.890989 0.277758 -0.359151
vn 0.890989 0.277758 -0.359151
s 1
g polySurface12
usemtl lambert23SG
f 1228/1511/2598 1227/1432/2599 1229/1515/2600 1230/1516/2601
f 1229/1515/2600 1231/1435/2602 1232/1514/2603
f 1231/1435/2602 1233/1437/2604 1234/1438/2605 1232/1514/2603
f 1233/1437/2604 1235/1439/2606 1234/1438/2605
f 1237/1440/2607 1236/1441/2608 1238/1442/2609 1235/1439/2606
f 1240/1443/2610 1239/1513/2611 1241/1445/2612
f 1242/1446/2613 1240/1443/2610 1241/1445/2612
f 1243/1447/2614 1242/1446/2613 1241/1445/2612
f 1244/1448/2615 1243/1447/2614 1241/1445/2612
f 1245/1449/2616 1244/1448/2615 1241/1445/2612
f 1246/1512/2617 1239/1513/2611 1240/1443/2610 1247/1451/2618
f 1248/1509/2619 1246/1512/2617 1247/1451/2618 1249/1453/2620
f 1228/1511/2598 1250/1510/2621 1251/1455/2622 1227/1432/2599
f 1250/1510/2621 1248/1509/2619 1249/1453/2620 1251/1455/2622
f 1247/1451/2618 1240/1443/2610 1242/1446/2613 1252/1456/2623
f 1249/1453/2620 1247/1451/2618 1252/1456/2623 1253/1457/2624
f 1227/1432/2599 1251/1455/2622 1254/1458/2625 1255/1459/2626
f 1251/1455/2622 1249/1453/2620 1253/1457/2624 1254/1458/2625
f 1252/1456/2623 1242/1446/2613 1243/1447/2614 1256/1460/2627
f 1253/1457/2624 1252/1456/2623 1256/1460/2627 1257/1461/2628
f 1255/1459/2626 1254/1458/2625 1258/1462/2629 1259/1463/2630
f 1254/1458/2625 1253/1457/2624 1257/1461/2628 1258/1462/2629
f 1256/1460/2627 1243/1447/2614 1244/1448/2615 1260/1464/2631
f 1257/1461/2628 1256/1460/2627 1260/1464/2631 1261/1465/2632
f 1259/1463/2630 1258/1462/2629 1262/1466/2633 1237/1440/2607
f 1258/1462/2629 1257/1461/2628 1261/1465/2632 1262/1466/2633
f 1260/1464/2631 1244/1448/2615 1245/1449/2616 1263/1467/2634
f 1261/1465/2632 1260/1464/2631 1263/1467/2634 1264/1468/2635
f 1237/1440/2607 1262/1466/2633 1265/1469/2636 1236/1441/2608
f 1262/1466/2633 1261/1465/2632 1264/1468/2635 1265/1469/2636
f 1227/1432/2599 1255/1459/2626 1231/1435/2602 1229/1515/2600
f 1255/1459/2626 1259/1463/2630 1233/1437/2604 1231/1435/2602
f 1259/1463/2630 1237/1440/2607 1235/1439/2606 1233/1437/2604
s 4
f 1266/1470/2637 1267/1471/2638 1268/1472/2639 1269/1473/2640
f 1268/1472/2639 1270/1474/2641 1271/1475/2642
f 1271/1475/2642 1270/1474/2641 1272/1476/2643 1273/1477/2644
f 1273/1477/2644 1272/1476/2643 1274/1478/2645
f 1275/1479/2646 1274/1478/2645 1276/1480/2647 1277/1481/2648
f 1279/1482/2649 1278/1483/2650 1280/1484/2651
f 1281/1485/2652 1278/1483/2650 1279/1482/2649
f 1282/1486/2653 1278/1483/2650 1281/1485/2652
f 1283/1487/2654 1278/1483/2650 1282/1486/2653
f 1284/1488/2655 1278/1483/2650 1283/1487/2654
f 1285/1489/2656 1286/1490/2657 1279/1482/2649 1280/1484/2651
f 1287/1491/2658 1288/1492/2659 1286/1490/2657 1285/1489/2656
f 1266/1470/2637 1269/1473/2640 1289/1493/2660 1290/1494/2661
f 1290/1494/2661 1289/1493/2660 1288/1492/2659 1287/1491/2658
f 1286/1490/2657 1291/1495/2662 1281/1485/2652 1279/1482/2649
f 1288/1492/2659 1292/1496/2663 1291/1495/2662 1286/1490/2657
f 1269/1473/2640 1293/1497/2664 1294/1498/2665 1289/1493/2660
f 1289/1493/2660 1294/1498/2665 1292/1496/2663 1288/1492/2659
f 1291/1495/2662 1295/1499/2666 1282/1486/2653 1281/1485/2652
f 1292/1496/2663 1296/1500/2667 1295/1499/2666 1291/1495/2662
f 1293/1497/2664 1297/1501/2668 1298/1502/2669 1294/1498/2665
f 1294/1498/2665 1298/1502/2669 1296/1500/2667 1292/1496/2663
f 1295/1499/2666 1299/1503/2670 1283/1487/2654 1282/1486/2653
f 1296/1500/2667 1300/1504/2671 1299/1503/2670 1295/1499/2666
f 1297/1501/2668 1275/1479/2646 1301/1505/2672 1298/1502/2669
f 1298/1502/2669 1301/1505/2672 1300/1504/2671 1296/1500/2667
f 1299/1503/2670 1302/1506/2673 1284/1488/2655 1283/1487/2654
f 1300/1504/2671 1303/1507/2674 1302/1506/2673 1299/1503/2670
f 1275/1479/2646 1277/1481/2648 1304/1508/2675 1301/1505/2672
f 1301/1505/2672 1304/1508/2675 1303/1507/2674 1300/1504/2671
f 1269/1473/2640 1268/1472/2639 1271/1475/2642 1293/1497/2664
f 1293/1497/2664 1271/1475/2642 1273/1477/2644 1297/1501/2668
f 1297/1501/2668 1273/1477/2644 1274/1478/2645 1275/1479/2646
s off
f 1268/1472/2676 1267/1471/2677 1230/1434/2678 1229/1433/2679
f 1267/1471/2680 1266/1470/2681 1228/1431/2682 1230/1434/2683
f 1270/1474/2684 1268/1472/2685 1229/1433/2686 1232/1436/2687
f 1272/1476/2688 1270/1474/2689 1232/1436/2690 1234/1438/2691
f 1274/1478/2692 1272/1476/2693 1234/1438/2694 1235/1439/2695
f 1277/1481/2696 1276/1480/2697 1238/1442/2698 1236/1441/2699
f 1276/1480/2700 1274/1478/2701 1235/1439/2702 1238/1442/2703
f 1280/1484/2704 1278/1483/2705 1241/1445/2706 1239/1444/2707
f 1278/1483/2708 1284/1488/2709 1245/1449/2710 1241/1445/2711
f 1285/1489/2712 1280/1484/2713 1239/1444/2714 1246/1450/2715
g defaultHideFaceDataSet polySurface4ShapeHiddenFacesSet polySurface12
f 1287/1491/2716 1285/1489/2717 1246/1450/2718 1248/1452/2719
g polySurface12
f 1266/1470/2720 1290/1494/2721 1250/1454/2722 1228/1431/2723
f 1290/1494/2724 1287/1491/2725 1248/1452/2726 1250/1454/2727
f 1284/1488/2728 1302/1506/2729 1263/1467/2730 1245/1449/2731
f 1302/1506/2732 1303/1507/2733 1264/1468/2734 1263/1467/2735
f 1304/1508/2736 1277/1481/2737 1236/1441/2738 1265/1469/2739
f 1303/1507/2740 1304/1508/2741 1265/1469/2742 1264/1468/2743
s 7
f 1306/1517/2744 1305/1518/2745 1307/1519/2746 1308/1520/2747
f 1307/1519/2746 1309/1521/2748 1310/1522/2749
f 1309/1521/2748 1311/1523/2750 1312/1524/2751 1310/1522/2749
f 1311/1523/2750 1313/1525/2752 1312/1524/2751
f 1315/1526/2753 1314/1527/2754 1316/1528/2755 1313/1525/2752
f 1318/1529/2756 1317/1530/2757 1319/1531/2758
f 1320/1532/2759 1318/1529/2756 1319/1531/2758
f 1321/1533/2760 1320/1532/2759 1319/1531/2758
f 1322/1534/2761 1321/1533/2760 1319/1531/2758
f 1323/1535/2762 1322/1534/2761 1319/1531/2758
f 1324/1536/2763 1317/1530/2757 1318/1529/2756 1325/1537/2764
f 1326/1538/2765 1324/1536/2763 1325/1537/2764 1327/1539/2766
f 1306/1517/2744 1328/1540/2767 1329/1541/2768 1305/1518/2745
f 1328/1540/2767 1326/1538/2765 1327/1539/2766 1329/1541/2768
f 1325/1537/2764 1318/1529/2756 1320/1532/2759 1330/1542/2769
f 1327/1539/2766 1325/1537/2764 1330/1542/2769 1331/1543/2770
f 1305/1518/2745 1329/1541/2768 1332/1544/2771 1333/1545/2772
f 1329/1541/2768 1327/1539/2766 1331/1543/2770 1332/1544/2771
f 1330/1542/2769 1320/1532/2759 1321/1533/2760 1334/1546/2773
f 1331/1543/2770 1330/1542/2769 1334/1546/2773 1335/1547/2774
f 1333/1545/2772 1332/1544/2771 1336/1548/2775 1337/1549/2776
f 1332/1544/2771 1331/1543/2770 1335/1547/2774 1336/1548/2775
f 1334/1546/2773 1321/1533/2760 1322/1534/2761 1338/1550/2777
f 1335/1547/2774 1334/1546/2773 1338/1550/2777 1339/1551/2778
f 1337/1549/2776 1336/1548/2775 1340/1552/2779 1315/1526/2753
f 1336/1548/2775 1335/1547/2774 1339/1551/2778 1340/1552/2779
f 1338/1550/2777 1322/1534/2761 1323/1535/2762 1341/1553/2780
f 1339/1551/2778 1338/1550/2777 1341/1553/2780 1342/1554/2781
f 1315/1526/2753 1340/1552/2779 1343/1555/2782 1314/1527/2754
f 1340/1552/2779 1339/1551/2778 1342/1554/2781 1343/1555/2782
f 1305/1518/2745 1333/1545/2772 1309/1521/2748 1307/1519/2746
f 1333/1545/2772 1337/1549/2776 1311/1523/2750 1309/1521/2748
f 1337/1549/2776 1315/1526/2753 1313/1525/2752 1311/1523/2750
s 10
f 1344/1556/2783 1345/1557/2784 1346/1558/2785 1347/1559/2786
f 1346/1558/2785 1348/1560/2787 1349/1561/2788
f 1349/1561/2788 1348/1560/2787 1350/1562/2789 1351/1563/2790
f 1351/1563/2790 1350/1562/2789 1352/1564/2791
f 1353/1565/2792 1352/1564/2791 1354/1566/2793 1355/1567/2794
f 1357/1568/2795 1356/1569/2796 1358/1570/2797
f 1359/1571/2798 1356/1569/2796 1357/1568/2795
f 1360/1572/2799 1356/1569/2796 1359/1571/2798
f 1361/1573/2800 1356/1569/2796 1360/1572/2799
f 1362/1574/2801 1356/1569/2796 1361/1573/2800
f 1363/1575/2802 1364/1576/2803 1357/1568/2795 1358/1570/2797
f 1365/1577/2804 1366/1578/2805 1364/1576/2803 1363/1575/2802
f 1344/1556/2783 1347/1559/2786 1367/1579/2806 1368/1580/2807
f 1368/1580/2807 1367/1579/2806 1366/1578/2805 1365/1577/2804
f 1364/1576/2803 1369/1581/2808 1359/1571/2798 1357/1568/2795
f 1366/1578/2805 1370/1582/2809 1369/1581/2808 1364/1576/2803
f 1347/1559/2786 1371/1583/2810 1372/1584/2811 1367/1579/2806
f 1367/1579/2806 1372/1584/2811 1370/1582/2809 1366/1578/2805
f 1369/1581/2808 1373/1585/2812 1360/1572/2799 1359/1571/2798
f 1370/1582/2809 1374/1586/2813 1373/1585/2812 1369/1581/2808
f 1371/1583/2810 1375/1587/2814 1376/1588/2815 1372/1584/2811
f 1372/1584/2811 1376/1588/2815 1374/1586/2813 1370/1582/2809
f 1373/1585/2812 1377/1589/2816 1361/1573/2800 1360/1572/2799
f 1374/1586/2813 1378/1590/2817 1377/1589/2816 1373/1585/2812
f 1375/1587/2814 1353/1565/2792 1379/1591/2818 1376/1588/2815
f 1376/1588/2815 1379/1591/2818 1378/1590/2817 1374/1586/2813
f 1377/1589/2816 1380/1592/2819 1362/1574/2801 1361/1573/2800
f 1378/1590/2817 1381/1593/2820 1380/1592/2819 1377/1589/2816
f 1353/1565/2792 1355/1567/2794 1382/1594/2821 1379/1591/2818
f 1379/1591/2818 1382/1594/2821 1381/1593/2820 1378/1590/2817
f 1347/1559/2786 1346/1558/2785 1349/1561/2788 1371/1583/2810
f 1371/1583/2810 1349/1561/2788 1351/1563/2790 1375/1587/2814
f 1375/1587/2814 1351/1563/2790 1352/1564/2791 1353/1565/2792
s off
f 1346/1595/2822 1345/1596/2823 1308/1520/2824 1307/1519/2825
f 1345/1596/2826 1344/1597/2827 1306/1517/2828 1308/1520/2829
f 1348/1598/2830 1346/1595/2831 1307/1519/2832 1310/1522/2833
f 1350/1562/2834 1348/1598/2835 1310/1522/2836 1312/1524/2837
f 1352/1564/2838 1350/1562/2839 1312/1524/2840 1313/1525/2841
f 1355/1567/2842 1354/1566/2843 1316/1528/2844 1314/1527/2845
f 1354/1566/2846 1352/1564/2847 1313/1525/2848 1316/1528/2849
f 1358/1599/2850 1356/1569/2851 1319/1531/2852 1317/1530/2853
f 1356/1569/2854 1362/1574/2855 1323/1535/2856 1319/1531/2857
f 1363/1600/2858 1358/1599/2859 1317/1530/2860 1324/1536/2861
f 1365/1601/2862 1363/1600/2863 1324/1536/2864 1326/1538/2865
f 1344/1597/2866 1368/1602/2867 1328/1540/2868 1306/1517/2869
f 1368/1602/2870 1365/1601/2871 1326/1538/2872 1328/1540/2873
f 1362/1574/2874 1380/1592/2875 1341/1553/2876 1323/1535/2877
f 1380/1592/2878 1381/1593/2879 1342/1554/2880 1341/1553/2881
f 1382/1594/2882 1355/1567/2883 1314/1527/2884 1343/1555/2885
f 1381/1593/2886 1382/1594/2887 1343/1555/2888 1342/1554/2889
s 13
f 1384/1603/2890 1383/1604/2891 1385/1605/2892 1386/1606/2893
f 1385/1605/2892 1387/1607/2894 1388/1608/2895
f 1387/1607/2894 1389/1609/2896 1390/1610/2897 1388/1608/2895
f 1389/1609/2896 1391/1611/2898 1390/1610/2897
f 1393/1612/2899 1392/1613/2900 1394/1614/2901 1391/1611/2898
f 1396/1615/2902 1395/1616/2903 1397/1617/2904
f 1398/1618/2905 1396/1615/2902 1397/1617/2904
f 1399/1619/2906 1398/1618/2905 1397/1617/2904
f 1400/1620/2907 1399/1619/2906 1397/1617/2904
f 1401/1621/2908 1400/1620/2907 1397/1617/2904
f 1402/1622/2909 1395/1616/2903 1396/1615/2902 1403/1623/2910
f 1404/1624/2911 1402/1622/2909 1403/1623/2910 1405/1625/2912
f 1384/1603/2890 1406/1626/2913 1407/1627/2914 1383/1604/2891
f 1406/1626/2913 1404/1624/2911 1405/1625/2912 1407/1627/2914
f 1403/1623/2910 1396/1615/2902 1398/1618/2905 1408/1628/2915
f 1405/1625/2912 1403/1623/2910 1408/1628/2915 1409/1629/2916
f 1383/1604/2891 1407/1627/2914 1410/1630/2917 1411/1631/2918
f 1407/1627/2914 1405/1625/2912 1409/1629/2916 1410/1630/2917
f 1408/1628/2915 1398/1618/2905 1399/1619/2906 1412/1632/2919
f 1409/1629/2916 1408/1628/2915 1412/1632/2919 1413/1633/2920
f 1411/1631/2918 1410/1630/2917 1414/1634/2921 1415/1635/2922
f 1410/1630/2917 1409/1629/2916 1413/1633/2920 1414/1634/2921
f 1412/1632/2919 1399/1619/2906 1400/1620/2907 1416/1636/2923
f 1413/1633/2920 1412/1632/2919 1416/1636/2923 1417/1637/2924
f 1415/1635/2922 1414/1634/2921 1418/1638/2925 1393/1612/2899
f 1414/1634/2921 1413/1633/2920 1417/1637/2924 1418/1638/2925
f 1416/1636/2923 1400/1620/2907 1401/1621/2908 1419/1639/2926
f 1417/1637/2924 1416/1636/2923 1419/1639/2926 1420/1640/2927
f 1393/1612/2899 1418/1638/2925 1421/1641/2928 1392/1613/2900
f 1418/1638/2925 1417/1637/2924 1420/1640/2927 1421/1641/2928
f 1383/1604/2891 1411/1631/2918 1387/1607/2894 1385/1605/2892
f 1411/1631/2918 1415/1635/2922 1389/1609/2896 1387/1607/2894
f 1415/1635/2922 1393/1612/2899 1391/1611/2898 1389/1609/2896
s 16
f 1422/1642/2929 1423/1643/2930 1424/1644/2931 1425/1645/2932
f 1424/1644/2931 1426/1646/2933 1427/1647/2934
f 1427/1647/2934 1426/1646/2933 1428/1648/2935 1429/1649/2936
f 1429/1649/2936 1428/1648/2935 1430/1650/2937
f 1431/1651/2938 1430/1650/2937 1432/1652/2939 1433/1653/2940
f 1435/1654/2941 1434/1655/2942 1436/1656/2943
f 1437/1657/2944 1434/1655/2942 1435/1654/2941
f 1438/1658/2945 1434/1655/2942 1437/1657/2944
f 1439/1659/2946 1434/1655/2942 1438/1658/2945
f 1440/1660/2947 1434/1655/2942 1439/1659/2946
f 1441/1661/2948 1442/1662/2949 1435/1654/2941 1436/1656/2943
f 1443/1663/2950 1444/1664/2951 1442/1662/2949 1441/1661/2948
f 1422/1642/2929 1425/1645/2932 1445/1665/2952 1446/1666/2953
f 1446/1666/2953 1445/1665/2952 1444/1664/2951 1443/1663/2950
f 1442/1662/2949 1447/1667/2954 1437/1657/2944 1435/1654/2941
f 1444/1664/2951 1448/1668/2955 1447/1667/2954 1442/1662/2949
f 1425/1645/2932 1449/1669/2956 1450/1670/2957 1445/1665/2952
f 1445/1665/2952 1450/1670/2957 1448/1668/2955 1444/1664/2951
f 1447/1667/2954 1451/1671/2958 1438/1658/2945 1437/1657/2944
f 1448/1668/2955 1452/1672/2959 1451/1671/2958 1447/1667/2954
f 1449/1669/2956 1453/1673/2960 1454/1674/2961 1450/1670/2957
f 1450/1670/2957 1454/1674/2961 1452/1672/2959 1448/1668/2955
f 1451/1671/2958 1455/1675/2962 1439/1659/2946 1438/1658/2945
f 1452/1672/2959 1456/1676/2963 1455/1675/2962 1451/1671/2958
f 1453/1673/2960 1431/1651/2938 1457/1677/2964 1454/1674/2961
f 1454/1674/2961 1457/1677/2964 1456/1676/2963 1452/1672/2959
f 1455/1675/2962 1458/1678/2965 1440/1660/2947 1439/1659/2946
f 1456/1676/2963 1459/1679/2966 1458/1678/2965 1455/1675/2962
f 1431/1651/2938 1433/1653/2940 1460/1680/2967 1457/1677/2964
f 1457/1677/2964 1460/1680/2967 1459/1679/2966 1456/1676/2963
f 1425/1645/2932 1424/1644/2931 1427/1647/2934 1449/1669/2956
f 1449/1669/2956 1427/1647/2934 1429/1649/2936 1453/1673/2960
f 1453/1673/2960 1429/1649/2936 1430/1650/2937 1431/1651/2938
s off
f 1424/1644/2968 1423/1643/2969 1386/1681/2970 1385/1682/2971
f 1423/1643/2972 1422/1642/2973 1384/1683/2974 1386/1681/2975
f 1426/1646/2976 1424/1644/2977 1385/1682/2978 1388/1684/2979
f 1428/1648/2980 1426/1646/2981 1388/1684/2982 1390/1610/2983
f 1430/1650/2984 1428/1648/2985 1390/1610/2986 1391/1611/2987
f 1433/1653/2988 1432/1652/2989 1394/1614/2990 1392/1613/2991
f 1432/1652/2992 1430/1650/2993 1391/1611/2994 1394/1614/2995
f 1436/1656/2996 1434/1655/2997 1397/1617/2998 1395/1685/2999
f 1434/1655/3000 1440/1660/3001 1401/1621/3002 1397/1617/3003
f 1441/1661/3004 1436/1656/3005 1395/1685/3006 1402/1686/3007
f 1443/1663/3008 1441/1661/3009 1402/1686/3010 1404/1687/3011
f 1422/1642/3012 1446/1666/3013 1406/1688/3014 1384/1683/3015
f 1446/1666/3016 1443/1663/3017 1404/1687/3018 1406/1688/3019
f 1440/1660/3020 1458/1678/3021 1419/1639/3022 1401/1621/3023
f 1458/1678/3024 1459/1679/3025 1420/1640/3026 1419/1639/3027
f 1460/1680/3028 1433/1653/3029 1392/1613/3030 1421/1641/3031
f 1459/1679/3032 1460/1680/3033 1421/1641/3034 1420/1640/3035
s 19
f 1462/1689/3036 1461/1690/3037 1463/1691/3038 1464/1692/3039
f 1463/1691/3038 1465/1693/3040 1466/1694/3041
f 1465/1693/3040 1467/1695/3042 1468/1696/3043 1466/1694/3041
f 1467/1695/3042 1469/1697/3044 1468/1696/3043
f 1471/1698/3045 1470/1699/3046 1472/1700/3047 1469/1697/3044
f 1474/1701/3048 1473/1702/3049 1475/1703/3050
f 1476/1704/3051 1474/1701/3048 1475/1703/3050
f 1477/1705/3052 1476/1704/3051 1475/1703/3050
f 1478/1706/3053 1477/1705/3052 1475/1703/3050
f 1479/1707/3054 1478/1706/3053 1475/1703/3050
f 1480/1708/3055 1473/1702/3049 1474/1701/3048 1481/1709/3056
f 1482/1710/3057 1480/1708/3055 1481/1709/3056 1483/1711/3058
f 1462/1689/3036 1484/1712/3059 1485/1713/3060 1461/1690/3037
f 1484/1712/3059 1482/1710/3057 1483/1711/3058 1485/1713/3060
f 1481/1709/3056 1474/1701/3048 1476/1704/3051 1486/1714/3061
f 1483/1711/3058 1481/1709/3056 1486/1714/3061 1487/1715/3062
f 1461/1690/3037 1485/1713/3060 1488/1716/3063 1489/1717/3064
f 1485/1713/3060 1483/1711/3058 1487/1715/3062 1488/1716/3063
f 1486/1714/3061 1476/1704/3051 1477/1705/3052 1490/1718/3065
f 1487/1715/3062 1486/1714/3061 1490/1718/3065 1491/1719/3066
f 1489/1717/3064 1488/1716/3063 1492/1720/3067 1493/1721/3068
f 1488/1716/3063 1487/1715/3062 1491/1719/3066 1492/1720/3067
f 1490/1718/3065 1477/1705/3052 1478/1706/3053 1494/1722/3069
f 1491/1719/3066 1490/1718/3065 1494/1722/3069 1495/1723/3070
f 1493/1721/3068 1492/1720/3067 1496/1724/3071 1471/1698/3045
f 1492/1720/3067 1491/1719/3066 1495/1723/3070 1496/1724/3071
f 1494/1722/3069 1478/1706/3053 1479/1707/3054 1497/1725/3072
f 1495/1723/3070 1494/1722/3069 1497/1725/3072 1498/1726/3073
f 1471/1698/3045 1496/1724/3071 1499/1727/3074 1470/1699/3046
f 1496/1724/3071 1495/1723/3070 1498/1726/3073 1499/1727/3074
f 1461/1690/3037 1489/1717/3064 1465/1693/3040 1463/1691/3038
f 1489/1717/3064 1493/1721/3068 1467/1695/3042 1465/1693/3040
f 1493/1721/3068 1471/1698/3045 1469/1697/3044 1467/1695/3042
s 22
f 1500/1728/3075 1501/1729/3076 1502/1730/3077 1503/1731/3078
f 1502/1730/3077 1504/1732/3079 1505/1733/3080
f 1505/1733/3080 1504/1732/3079 1506/1734/3081 1507/1735/3082
f 1507/1735/3082 1506/1734/3081 1508/1736/3083
f 1509/1737/3084 1508/1736/3083 1510/1738/3085 1511/1739/3086
f 1513/1740/3087 1512/1741/3088 1514/1742/3089
f 1515/1743/3090 1512/1741/3088 1513/1740/3087
f 1516/1744/3091 1512/1741/3088 1515/1743/3090
f 1517/1745/3092 1512/1741/3088 1516/1744/3091
f 1518/1746/3093 1512/1741/3088 1517/1745/3092
f 1519/1747/3094 1520/1748/3095 1513/1740/3087 1514/1742/3089
f 1521/1749/3096 1522/1750/3097 1520/1748/3095 1519/1747/3094
f 1500/1728/3075 1503/1731/3078 1523/1751/3098 1524/1752/3099
f 1524/1752/3099 1523/1751/3098 1522/1750/3097 1521/1749/3096
f 1520/1748/3095 1525/1753/3100 1515/1743/3090 1513/1740/3087
f 1522/1750/3097 1526/1754/3101 1525/1753/3100 1520/1748/3095
f 1503/1731/3078 1527/1755/3102 1528/1756/3103 1523/1751/3098
f 1523/1751/3098 1528/1756/3103 1526/1754/3101 1522/1750/3097
f 1525/1753/3100 1529/1757/3104 1516/1744/3091 1515/1743/3090
f 1526/1754/3101 1530/1758/3105 1529/1757/3104 1525/1753/3100
f 1527/1755/3102 1531/1759/3106 1532/1760/3107 1528/1756/3103
f 1528/1756/3103 1532/1760/3107 1530/1758/3105 1526/1754/3101
f 1529/1757/3104 1533/1761/3108 1517/1745/3092 1516/1744/3091
f 1530/1758/3105 1534/1762/3109 1533/1761/3108 1529/1757/3104
f 1531/1759/3106 1509/1737/3084 1535/1763/3110 1532/1760/3107
f 1532/1760/3107 1535/1763/3110 1534/1762/3109 1530/1758/3105
f 1533/1761/3108 1536/1764/3111 1518/1746/3093 1517/1745/3092
f 1534/1762/3109 1537/1765/3112 1536/1764/3111 1533/1761/3108
f 1509/1737/3084 1511/1739/3086 1538/1766/3113 1535/1763/3110
f 1535/1763/3110 1538/1766/3113 1537/1765/3112 1534/1762/3109
f 1503/1731/3078 1502/1730/3077 1505/1733/3080 1527/1755/3102
f 1527/1755/3102 1505/1733/3080 1507/1735/3082 1531/1759/3106
f 1531/1759/3106 1507/1735/3082 1508/1736/3083 1509/1737/3084
s off
f 1502/1767/3114 1501/1768/3115 1464/1692/3116 1463/1691/3117
f 1501/1768/3118 1500/1769/3119 1462/1689/3120 1464/1692/3121
f 1504/1770/3122 1502/1767/3123 1463/1691/3124 1466/1694/3125
f 1506/1734/3126 1504/1770/3127 1466/1694/3128 1468/1696/3129
f 1508/1736/3130 1506/1734/3131 1468/1696/3132 1469/1697/3133
f 1511/1739/3134 1510/1738/3135 1472/1700/3136 1470/1699/3137
f 1510/1738/3138 1508/1736/3139 1469/1697/3140 1472/1700/3141
f 1514/1771/3142 1512/1741/3143 1475/1703/3144 1473/1702/3145
f 1512/1741/3146 1518/1746/3147 1479/1707/3148 1475/1703/3149
f 1519/1772/3150 1514/1771/3151 1473/1702/3152 1480/1708/3153
f 1521/1773/3154 1519/1772/3155 1480/1708/3156 1482/1710/3157
f 1500/1769/3158 1524/1774/3159 1484/1712/3160 1462/1689/3161
f 1524/1774/3162 1521/1773/3163 1482/1710/3164 1484/1712/3165
f 1518/1746/3166 1536/1764/3167 1497/1725/3168 1479/1707/3169
f 1536/1764/3170 1537/1765/3171 1498/1726/3172 1497/1725/3173
f 1538/1766/3174 1511/1739/3175 1470/1699/3176 1499/1727/3177
f 1537/1765/3178 1538/1766/3179 1499/1727/3180 1498/1726/3181
g default
v -17.315823 0.811446 3.487239
v -19.866987 0.512628 3.832066
v -20.350039 0.199106 6.512918
v -18.868157 0.418908 7.999078
v -16.870400 0.512628 7.268931
v -16.046114 0.716454 4.669527
v -17.040508 2.519688 3.328815
v -19.617331 2.360817 4.118401
v -20.451015 3.107621 5.545572
v -19.216055 3.849861 6.784099
v -17.120056 2.360817 6.982597
v -15.770797 2.424697 4.511102
v -17.881375 4.799502 4.128375
v -19.356630 4.799502 4.417408
v -19.843946 4.799502 5.839532
v -18.856010 4.799502 6.972623
v -17.380757 4.799502 6.683591
v -16.893439 4.799502 5.261466
v -17.283401 10.212583 3.978302
v -15.338473 12.689953 3.647362
v -11.571672 13.658449 3.475996
v -8.425455 15.246908 2.820827
v -6.150356 17.662993 2.639023
v -5.361466 19.682801 2.748397
v -18.597925 10.412452 4.233269
v -16.179608 13.375511 3.850397
v -12.336548 14.213892 3.312977
v -8.730931 15.870799 2.873565
v -6.423232 17.945442 2.688442
v -5.446712 19.721662 2.764127
v -5.389009 19.702568 2.837140
v -19.028420 10.553728 5.506803
v -15.977701 13.730110 5.332980
v -12.257836 14.713578 4.172701
v -8.770314 16.188156 3.492494
v -6.496125 18.089121 3.050004
v -5.474255 19.741437 2.852871
v -18.144391 10.495140 6.525375
v -15.097919 13.015165 5.938317
v -12.007333 14.230936 5.008953
v -8.504221 15.881630 4.058687
v -6.296142 17.950345 3.362146
v -5.416553 19.722341 2.925884
v -16.829868 10.295268 6.270407
v -14.923625 12.703726 5.857501
v -11.835540 13.248624 4.985475
v -8.198744 15.257728 4.005948
v -6.023266 17.667890 3.312723
v -5.331307 19.683471 2.910152
v -16.399371 10.153992 4.996870
v -14.625719 12.299945 4.660053
v -11.087257 13.512413 4.134781
v -8.159362 14.940367 3.387019
v -5.950373 17.524214 2.951161
v -5.303763 19.663707 2.821408
v -17.120799 12.467298 4.040354
v -16.052682 11.849817 3.916914
v -15.380931 11.572197 4.793768
v -15.681630 11.886954 5.853184
v -16.654079 12.479327 6.035748
v -17.434404 12.909680 5.101082
v -15.047551 14.298080 4.651928
v -14.037923 13.904298 3.533098
v -13.510441 13.001927 3.441236
v -13.063936 12.558564 4.352300
v -13.144917 13.017583 5.355223
v -14.167768 13.583130 5.257265
v -9.901004 14.046406 3.499898
v -10.193490 14.155755 4.543210
v -10.425643 14.976243 4.579898
v -10.683185 15.379362 3.865580
v -10.708576 14.962008 3.114577
v -10.251382 14.210573 3.072993
v -16.143571 13.784800 4.506660
v -16.652348 12.829786 3.570764
v -17.197871 13.455405 5.415925
v -17.706647 12.500391 4.480030
v -18.957272 14.208595 4.626748
v -20.565236 14.931360 3.543684
v -22.259075 14.845751 2.591286
v -23.976197 14.310937 1.962382
v -25.701517 14.279127 1.638640
v -27.226947 15.324438 1.643029
v -28.459670 16.893645 1.822136
v -18.779727 14.410945 4.008052
v -20.257948 14.984036 3.060340
v -22.037142 14.894456 2.173448
v -23.860506 14.335764 1.605407
v -25.659559 14.287927 1.365458
v -27.226574 15.336679 1.466476
v -28.463220 16.902171 1.745259
v -18.737415 14.335965 5.251801
v -20.682637 15.274142 3.990381
v -22.454273 15.144922 2.905314
v -24.146903 14.543743 2.203404
v -25.747778 14.467698 1.835536
v -27.159852 15.420984 1.775306
v -28.415990 16.923642 1.878587
v -18.248950 14.718434 5.517064
v -20.541380 15.811597 4.138758
v -22.508388 15.616728 2.931574
v -24.272630 14.897812 2.187284
v -25.771243 14.743176 1.840804
v -27.064588 15.569761 1.785822
v -28.357764 16.974592 1.881551
v -17.778013 15.131970 5.267151
v -20.224212 16.228878 3.901899
v -22.389722 15.984782 2.654683
v -24.279729 15.165736 1.923465
v -25.758165 14.944190 1.651362
v -26.996969 15.683628 1.668418
v -28.319104 17.016655 1.829289
v -17.600468 15.334320 4.648457
v -19.916924 16.281553 3.418553
v -22.167788 16.033493 2.236841
v -24.164042 15.190563 1.566488
v -25.716211 14.952990 1.378178
v -26.996596 15.695863 1.491866
v -28.322653 17.025179 1.752415
v -17.820325 15.206956 4.023404
v -19.799520 15.938764 2.971858
v -21.972593 15.734321 1.922817
v -23.993333 14.957751 1.325469
v -25.669946 14.764425 1.181284
v -27.063691 15.599317 1.359587
v -28.366330 16.995181 1.695959
v -18.308790 14.824481 3.758139
v -19.940776 15.401315 2.823481
v -21.918478 15.262516 1.896558
v -23.867603 14.603682 1.341588
v -25.646481 14.488941 1.176015
v -27.158951 15.450540 1.349071
v -28.424558 16.944229 1.692997
v -15.694835 14.162164 4.867085
v -14.450634 13.151081 5.723161
v -15.730451 13.255007 5.776699
v -14.415018 14.058233 4.813547
v -10.533251 14.091834 3.100317
v -9.930417 13.857596 3.769317
v -11.490263 13.247643 3.731520
v -9.990463 14.189690 3.233564
v -13.387148 15.743106 5.719840
v -12.901894 17.149315 7.078972
v -13.913497 19.256969 8.331080
v -13.571606 22.399719 9.762416
v -11.614916 25.817992 10.268355
v -13.154105 15.397630 6.109208
v -12.746391 16.846657 7.365956
v -13.811000 19.138746 8.610147
v -13.507844 22.320724 9.928608
v -11.590262 25.796184 10.329626
v -12.815085 14.939392 6.090421
v -12.352553 16.650741 7.434145
v -13.543785 19.167803 8.783676
v -13.332945 22.275691 10.001463
v -11.532821 25.763008 10.350531
v -12.568684 14.636823 5.674481
v -11.951085 16.676335 7.243591
v -13.268383 19.327120 8.750015
v -13.149366 22.290992 9.938299
v -11.476240 25.737897 10.318826
v -12.559240 14.667152 5.105046
v -11.777162 16.908436 6.905929
v -13.146120 19.523364 8.528888
v -13.064638 22.357663 9.776123
v -11.453667 25.735546 10.253081
v -12.792283 15.012627 4.715677
v -11.932664 17.211094 6.618947
v -13.248617 19.641590 8.249824
v -13.128402 22.436661 9.609931
v -11.478319 25.757354 10.191811
v -13.131303 15.470861 4.734464
v -12.326502 17.407010 6.550759
v -13.515834 19.612535 8.076295
v -13.303300 22.481698 9.537077
v -11.535763 25.790530 10.170904
v -13.377704 15.773440 5.150402
v -12.727969 17.381422 6.741309
v -13.791235 19.453222 8.109953
v -13.486880 22.466400 9.600240
v -11.592341 25.815648 10.202610
v -8.856523 13.346697 2.837833
v -7.241031 13.558393 1.320613
v -6.344571 13.771908 0.655056
v -5.507200 13.932178 -0.207130
v -4.470389 14.040425 -0.942696
v -8.944754 13.288051 2.609401
v -7.366552 13.508193 1.177965
v -6.418153 13.738036 0.539331
v -5.563275 13.909928 -0.268396
v -4.486535 14.032791 -0.967677
v -9.032405 13.419408 2.413266
v -7.486195 13.606705 1.057112
v -6.494826 13.810089 0.445077
v -5.617455 13.952698 -0.319662
v -4.501632 14.048409 -0.989381
v -9.068131 13.663814 2.364325
v -7.529872 13.796225 1.028849
v -6.529675 13.945841 0.427503
v -5.638002 14.035426 -0.330901
v -4.506834 14.078130 -0.995100
v -9.031008 13.878097 2.491244
v -7.472000 13.965731 1.109732
v -6.502289 14.065782 0.496907
v -5.612885 14.109658 -0.295524
v -4.499102 14.104543 -0.981478
v -8.942774 13.936743 2.719676
v -7.346480 14.015932 1.252377
v -6.428706 14.099654 0.612629
v -5.556808 14.131903 -0.234258
v -4.482955 14.112178 -0.956498
v -8.855124 13.805386 2.915811
v -7.226838 13.917424 1.373231
v -6.352032 14.027606 0.706884
v -5.502626 14.089136 -0.182993
v -4.467857 14.096561 -0.934792
v -8.819396 13.560985 2.964752
v -7.183158 13.727904 1.401493
v -6.317184 13.891849 0.724456
v -5.482079 14.006410 -0.171753
v -4.462653 14.066837 -0.929073
v -16.737991 0.410161 4.111195
v -16.348631 2.825981 3.887147
v -17.441131 1.685240 3.163167
v -15.645490 1.550902 4.835175
v -14.754918 0.808123 4.292676
v -13.721325 0.466869 3.902235
v -12.392410 0.280603 3.453292
v -10.916854 0.186216 2.975619
v -14.849764 0.568143 3.611128
v -13.880101 0.307236 3.436627
v -12.497212 0.191744 3.180312
v -10.939541 0.155320 2.889752
v -15.028961 0.877555 2.976106
v -13.886146 0.512681 2.962033
v -12.486653 0.306105 2.897100
v -10.948593 0.195082 2.805021
v -15.187533 1.555108 2.759600
v -13.735916 0.962854 2.756462
v -12.366913 0.556693 2.769561
v -10.938709 0.282211 2.771060
v -15.232594 2.203902 3.088439
v -13.517420 1.394052 2.940339
v -12.208141 0.796719 2.872403
v -10.915677 0.365666 2.807764
v -15.137746 2.443882 3.769989
v -13.358642 1.553684 3.405949
v -12.103337 0.885577 3.145384
v -10.892988 0.396562 2.893630
v -14.958550 2.134471 4.405009
v -13.352600 1.348240 3.880541
v -12.113899 0.771217 3.428595
v -10.883936 0.356800 2.978361
v -14.799977 1.456917 4.621514
v -13.502827 0.898066 4.086110
v -12.233637 0.520629 3.556134
v -10.893822 0.269671 3.012323
v -21.379472 0.872511 2.990319
v -22.919733 1.037122 2.429567
v -22.771880 0.863451 1.996812
v -22.691033 0.667082 1.237440
v -23.175903 0.595934 0.293997
v -24.607048 0.097744 -0.418062
v -22.344562 0.594115 5.101556
v -23.460780 0.819617 4.275273
v -24.009245 0.631058 2.877068
v -23.751632 0.373136 1.545224
v -23.697675 0.462740 0.837056
v -24.487335 0.208472 -0.005728
v -22.008276 3.084598 4.384721
v -23.462279 2.860464 3.563831
v -24.028719 2.065906 1.943516
v -23.633399 1.377642 0.780448
v -23.746910 1.140813 0.346527
v -24.790008 0.341034 -0.331757
v -21.034936 2.398658 3.388302
v -22.649559 2.323263 2.712160
v -23.007420 1.913489 2.063343
v -23.002364 1.425541 1.258840
v -23.233464 1.097599 0.581246
v -24.408475 0.402853 -0.261529
vt 0.297570 0.085098
vt 0.812896 0.071101
vt 0.551304 0.592590
vt 0.266964 0.160777
vt 0.291535 0.126617
vt 0.306339 0.862693
vt 0.326888 0.864918
vt 0.309728 0.877199
vt 0.310579 0.845147
vt 0.696650 0.751404
vt 0.980419 0.147285
vt 0.446438 0.170236
vt 0.691169 0.900648
vt 0.504806 0.021289
vt 0.515362 0.100350
vt 0.609382 0.014961
vt 0.147630 0.217279
vt 0.188115 0.197926
vt 0.020555 0.032744
vt 0.026217 0.018977
vt 0.025974 0.023031
vt 0.029629 0.025447
vt 0.029793 0.028455
vt 0.028622 0.031103
vt 0.026725 0.033231
vt 0.023918 0.034111
vt 0.731819 0.231174
vt 0.664545 0.217906
vt 0.796407 0.249502
vt 0.464879 0.202123
vt 0.530051 0.203807
vt 0.597303 0.208431
vt 0.230041 0.182718
vt 0.257184 0.592520
vt 0.259615 0.593945
vt 0.254151 0.594889
vt 0.246782 0.594592
vt 0.249082 0.592640
vt 0.251787 0.591851
vt 0.254523 0.591884
vt 0.673608 0.453995
vt 0.618863 0.451074
vt 0.747380 0.959017
vt 0.594391 0.536320
vt 0.584555 0.583125
vt 0.804025 0.979994
vt 0.357725 0.261334
vt 0.326071 0.263149
vt 0.120642 0.711632
vt 0.341275 0.314587
vt 0.333494 0.372816
vt 0.070487 0.644614
vt 0.081946 0.657408
vt 0.295311 0.432860
vt 0.314670 0.441493
vt 0.285450 0.536350
vt 0.274475 0.530967
vt 0.727041 0.465243
vt 0.944647 0.979664
vt 0.730386 0.935814
vt 0.835581 0.979160
vt 0.438204 0.528173
vt 0.414461 0.525002
vt 0.390495 0.528715
vt 0.370956 0.326272
vt 0.358437 0.382669
vt 0.334395 0.450504
vt 0.226158 0.533657
vt 0.452422 0.424472
vt 0.744800 0.585938
vt 0.020967 0.934524
vt 0.022902 0.936132
vt 0.024154 0.938275
vt 0.024507 0.940740
vt 0.023758 0.943175
vt 0.014477 0.932580
vt 0.016473 0.934350
vt 0.018797 0.933343
vt 0.232457 0.305085
vt 0.230373 0.362159
vt 0.232855 0.431657
vt 0.238122 0.530553
vt 0.506236 0.436445
vt 0.503527 0.520190
vt 0.460176 0.567255
vt 0.495000 0.565535
vt 0.258193 0.257326
vt 0.457878 0.613323
vt 0.455176 0.590527
vt 0.262375 0.299356
vt 0.256819 0.358175
vt 0.253793 0.427844
vt 0.250080 0.527989
vt 0.562173 0.447572
vt 0.549044 0.527779
vt 0.540369 0.573021
vt 0.292476 0.264164
vt 0.177498 0.688532
vt 0.180061 0.617918
vt 0.039106 0.638810
vt 0.274854 0.428132
vt 0.262460 0.527987
vt 0.027159 0.236599
vt 0.031051 0.236926
vt 0.030537 0.238522
vt 0.029281 0.239522
vt 0.027722 0.239895
vt 0.026126 0.239900
vt 0.024598 0.239538
vt 0.034415 0.235884
vt 0.773890 0.972085
vt 0.455182 0.544383
vt 0.917232 0.970902
vt 0.933889 0.403093
vt 0.933112 0.400194
vt 0.948390 0.403686
vt 0.945149 0.403696
vt 0.943672 0.406178
vt 0.940990 0.406714
vt 0.938181 0.406541
vt 0.935615 0.405427
vt 0.147824 0.707363
vt 0.368496 0.519601
vt 0.056301 0.636276
vt 0.752997 0.848160
vt 0.783149 0.852385
vt 0.787249 0.762646
vt 0.809142 0.770962
vt 0.816128 0.678620
vt 0.834139 0.686161
vt 0.843708 0.601581
vt 0.857848 0.607411
vt 0.871776 0.538196
vt 0.882282 0.542735
vt 0.899128 0.473383
vt 0.906058 0.476333
vt 0.938240 0.895902
vt 0.941783 0.791801
vt 0.946625 0.701175
vt 0.951301 0.618497
vt 0.949005 0.551801
vt 0.950239 0.483347
vt 0.912958 0.905093
vt 0.918799 0.795344
vt 0.927241 0.702063
vt 0.935782 0.615159
vt 0.939247 0.546894
vt 0.942982 0.482102
vt 0.885381 0.906843
vt 0.895342 0.797191
vt 0.908143 0.702708
vt 0.920074 0.612590
vt 0.927940 0.543496
vt 0.935619 0.480922
vt 0.858642 0.898374
vt 0.871773 0.795927
vt 0.888745 0.701861
vt 0.904424 0.611668
vt 0.915808 0.542348
vt 0.928196 0.480109
vt 0.835586 0.882535
vt 0.849542 0.790656
vt 0.869662 0.698927
vt 0.888769 0.611590
vt 0.904408 0.543470
vt 0.920835 0.479510
vt 0.811692 0.865128
vt 0.829295 0.781456
vt 0.851555 0.693508
vt 0.873110 0.610595
vt 0.893497 0.544600
vt 0.913391 0.478363
vt 0.355734 0.635514
vt 0.339952 0.617980
vt 0.296714 0.689753
vt 0.282419 0.679922
vt 0.219267 0.757780
vt 0.211441 0.748963
vt 0.127636 0.842816
vt 0.122234 0.837615
vt 0.376637 0.646286
vt 0.311261 0.697228
vt 0.225083 0.767926
vt 0.131821 0.848905
vt 0.397584 0.653465
vt 0.323993 0.706661
vt 0.229580 0.778964
vt 0.134762 0.855464
vt 0.415847 0.664857
vt 0.334171 0.720020
vt 0.234953 0.789945
vt 0.137770 0.862132
vt 0.315899 0.557184
vt 0.253619 0.638240
vt 0.181070 0.731873
vt 0.103369 0.826413
vt 0.326598 0.575613
vt 0.261671 0.652544
vt 0.191718 0.737267
vt 0.109577 0.830364
vt 0.332065 0.596444
vt 0.270351 0.666807
vt 0.202062 0.742289
vt 0.116039 0.833638
vt 0.109198 0.553111
vt 0.123726 0.552346
vt 0.082797 0.436852
vt 0.093273 0.433422
vt 0.067220 0.372511
vt 0.075254 0.371075
vt 0.050369 0.306594
vt 0.054928 0.304896
vt 0.094721 0.554144
vt 0.072257 0.439569
vt 0.059085 0.373870
vt 0.045723 0.308111
vt 0.080157 0.557139
vt 0.061559 0.441451
vt 0.050938 0.375403
vt 0.040929 0.309193
vt 0.065800 0.562112
vt 0.050783 0.442457
vt 0.042867 0.377070
vt 0.036031 0.309697
vt 0.051712 0.567167
vt 0.039906 0.442899
vt 0.034844 0.378556
vt 0.031096 0.309701
vt 0.037622 0.570223
vt 0.028866 0.443206
vt 0.026786 0.379404
vt 0.026154 0.309440
vt 0.138100 0.550350
vt 0.103817 0.429720
vt 0.083122 0.369113
vt 0.059546 0.303235
vt 0.095158 0.279103
vt 0.199740 0.036681
vt 0.096512 0.190973
vt 0.155204 0.025383
vt 0.066820 0.149193
vt 0.093941 0.019337
vt 0.040182 0.093705
vt 0.197496 0.068025
vt 0.149955 0.046866
vt 0.091040 0.032185
vt 0.198442 0.099079
vt 0.140664 0.067051
vt 0.084515 0.043573
vt 0.194977 0.129592
vt 0.128533 0.085918
vt 0.076322 0.054113
vt 0.181443 0.157013
vt 0.115106 0.103781
vt 0.067762 0.064557
vt 0.157379 0.175833
vt 0.100636 0.120809
vt 0.059367 0.075221
vt 0.127738 0.184871
vt 0.084742 0.136506
vt 0.050575 0.085419
vt 0.590699 0.788557
vt 0.520096 0.709448
vt 0.532832 0.807699
vt 0.450919 0.763406
vt 0.471877 0.819218
vt 0.427842 0.773110
vt 0.413442 0.833407
vt 0.395164 0.792179
vt 0.382013 0.848006
vt 0.361310 0.816088
vt 0.602592 0.906541
vt 0.532799 0.896557
vt 0.459356 0.893848
vt 0.400551 0.896004
vt 0.376457 0.894256
vt 0.493675 0.640392
vt 0.435486 0.697850
vt 0.417225 0.727099
vt 0.384517 0.757774
vt 0.356039 0.788066
vt 0.611504 0.054171
vt 0.620791 0.091499
vt 0.702065 0.075142
vt 0.678310 0.105196
vt 0.648115 0.110340
vt 0.715167 0.037956
vt 0.118201 0.245746
vt 0.027900 0.098402
vt 0.046683 0.158186
vt 0.065747 0.199286
vt 0.285073 0.045653
vt 0.017818 0.029498
vt 0.912404 0.091935
vt 0.818002 0.179442
vt 0.594883 0.667102
vt 0.772252 0.138803
vt 0.391010 0.916759
vt 0.424483 0.932159
vt 0.471841 0.937605
vt 0.516554 0.948619
vt 0.604680 0.976451
vt 0.679866 0.986620
vt 0.322422 0.889894
vt 0.291627 0.873467
vt 0.671014 0.544694
vt 0.642968 0.544998
vt 0.693103 0.598574
vt 0.868998 0.995222
vt 0.634870 0.569129
vt 0.624080 0.596309
vt 0.396262 0.200011
vt 0.693293 0.570232
vt 0.892924 0.469608
vt 0.863388 0.531317
vt 0.830513 0.593726
vt 0.797520 0.671947
vt 0.764722 0.756751
vt 0.725925 0.849692
vt 0.701652 0.922183
vt 0.930151 0.398821
vt 0.939752 0.400848
vt 0.208053 0.233246
vt 0.400596 0.238571
vt 0.744137 0.637441
vt 0.246673 0.194742
vt 0.481079 0.568595
vt 0.246115 0.216701
vt 0.230237 0.233362
vt 0.408588 0.218106
vt 0.716286 0.645655
vt 0.422915 0.201624
vt 0.296995 0.214445
vt 0.340073 0.207512
vt 0.257550 0.198650
vt 0.372435 0.193040
vt 0.141731 0.868433
vt 0.242239 0.799929
vt 0.340962 0.735339
vt 0.431396 0.680384
vt 0.477327 0.630394
vt 0.025293 0.945361
vt 0.019211 0.939200
vt 0.297715 0.374835
vt 0.288308 0.371300
vt 0.297624 0.319200
vt 0.312616 0.324836
vt 0.282174 0.363766
vt 0.308664 0.361464
vt 0.306196 0.370260
vt 0.280688 0.329148
vt 0.021202 0.309187
vt 0.018699 0.379365
vt 0.017633 0.443706
vt 0.023373 0.570193
vt 0.021953 0.646907
vt 0.023860 0.238082
vt 0.032745 0.236439
vt 0.203680 0.366081
vt 0.211508 0.435576
vt 0.193300 0.217141
vt 0.201615 0.308731
vt 0.261370 0.596399
vt 0.296265 0.542316
vt 0.458347 0.512963
vt 0.770434 0.649864
vt 0.777716 0.488366
vt 0.854874 0.276977
vt 0.860554 0.241119
vt 0.420344 0.029545
vn -0.252908 -0.063753 -0.965388
vn -0.275917 0.082361 -0.957646
vn -0.268565 0.132707 -0.954076
vn -0.220316 0.201240 -0.954444
vn -0.241118 0.011043 -0.970433
vn -0.758878 -0.384148 -0.525865
vn -0.758878 -0.384148 -0.525865
vn -0.758878 -0.384148 -0.525865
vn -0.758878 -0.384148 -0.525865
vn -0.672599 0.208847 0.709925
vn -0.727476 0.176719 0.662985
vn -0.732097 0.170640 0.659481
vn -0.630842 0.230245 0.740962
vn 0.219746 0.289785 0.931523
vn 0.219746 0.289785 0.931523
vn 0.183784 0.238344 0.953633
vn 0.157640 0.201013 0.966821
vn 0.891187 0.055017 0.450288
vn 0.891187 0.055017 0.450288
vn 0.891187 0.055017 0.450287
vn 0.890079 0.125455 0.438202
vn 0.889765 0.131587 0.437038
vn 0.964748 -0.183132 -0.189009
vn 0.964748 -0.183132 -0.189009
vn 0.964748 -0.183132 -0.189009
vn 0.964748 -0.183132 -0.189009
vn 0.964748 -0.183132 -0.189009
vn 0.964748 -0.183132 -0.189009
vn 0.964748 -0.183132 -0.189009
vn 0.964748 -0.183132 -0.189009
vn -0.225217 0.086880 -0.970427
vn -0.223045 0.080664 -0.971465
vn -0.853388 0.245312 -0.459947
vn -0.853388 0.245312 -0.459947
vn -0.916210 0.156284 -0.368964
vn -0.917810 0.153563 -0.366118
vn -0.744652 0.144840 0.651548
vn -0.744628 0.146496 0.651204
vn 0.153382 0.047592 0.987020
vn 0.132883 0.044738 0.990121
vn 0.925325 0.063986 0.373738
vn 0.925012 0.065509 0.374249
vn 0.627487 0.513696 -0.585129
vn 0.627487 0.513696 -0.585129
vn 0.627487 0.513696 -0.585129
vn 0.739632 0.129818 -0.660373
vn 0.740990 0.118937 -0.660900
vn 0.401465 0.912493 -0.078627
vn 0.401489 0.912478 -0.078677
vn 0.401496 0.912476 -0.078661
vn 0.401530 0.912459 -0.078696
vn 0.401537 0.912457 -0.078679
vn 0.401495 0.912477 -0.078662
vn 0.401461 0.912495 -0.078626
vn -0.187086 -0.001775 -0.982342
vn -0.172888 0.011312 -0.984877
vn -0.230307 -0.100625 -0.967901
vn -0.107204 -0.105105 -0.988666
vn -0.133813 0.018854 -0.990827
vn 0.017635 0.008629 -0.999807
vn -0.121323 0.033682 -0.992041
vn -0.058459 -0.042453 -0.997387
vn -0.120649 -0.144331 -0.982147
vn -0.045181 -0.090206 -0.994898
vn -0.125704 -0.121467 -0.984604
vn -0.127011 -0.037883 -0.991178
vn -0.239351 -0.092105 -0.966555
vn -0.119749 0.025204 -0.992484
vn -0.123847 0.010170 -0.992249
vn -0.114132 0.043916 -0.992494
vn -0.108455 0.060010 -0.992288
vn -0.096614 0.093242 -0.990945
vn -0.096614 0.093242 -0.990945
vn -0.923811 0.183487 -0.336015
vn -0.909539 0.234931 -0.342850
vn -0.814550 0.454054 -0.361030
vn -0.814550 0.454054 -0.361030
vn -0.814550 0.454054 -0.361030
vn -0.347853 0.819818 -0.454859
vn -0.347853 0.819818 -0.454859
vn -0.347853 0.819818 -0.454859
vn -0.350485 0.804766 -0.479074
vn -0.333618 0.775904 -0.535418
vn -0.240491 0.844593 -0.478359
vn -0.298031 0.834247 -0.463906
vn -0.293983 0.835116 -0.464925
vn -0.420565 0.798866 -0.430044
vn -0.420552 0.798765 -0.430245
vn -0.537934 0.735615 -0.411701
vn -0.517962 0.747523 -0.415842
vn -0.668574 0.637441 -0.382984
vn -0.684132 0.622138 -0.380667
vn -0.814768 0.462519 -0.349613
vn -0.814768 0.462519 -0.349613
vn -0.699668 0.285201 0.655076
vn -0.716505 0.238390 0.655584
vn -0.442296 0.491752 0.750037
vn -0.531019 0.522578 0.667031
vn 0.461040 0.878244 0.127007
vn 0.461040 0.878244 0.127007
vn 0.461040 0.878244 0.127007
vn 0.461040 0.878244 0.127007
vn 0.461040 0.878244 0.127007
vn 0.461040 0.878244 0.127007
vn 0.461040 0.878244 0.127007
vn 0.461040 0.878244 0.127007
vn -0.133181 0.772926 0.620362
vn -0.140576 0.775938 0.614946
vn -0.234855 0.807567 0.540998
vn -0.234937 0.807659 0.540824
vn -0.332136 0.755515 0.564697
vn -0.351540 0.743960 0.568280
vn -0.500396 0.628922 0.595031
vn -0.485562 0.643767 0.591434
vn -0.634853 0.466453 0.615941
vn -0.634853 0.466453 0.615941
vn 0.203020 0.066234 0.976932
vn 0.196746 0.056375 0.978832
vn 0.165340 -0.032466 0.985702
vn 0.211188 0.074947 0.974568
vn 0.157834 -0.047823 0.986307
vn 0.243206 0.159793 0.956722
vn 0.149031 0.164318 0.975084
vn 0.249818 0.258599 0.933123
vn 0.296072 0.301684 0.906271
vn 0.185029 0.097592 0.977875
vn 0.203885 0.076282 0.976018
vn 0.247129 0.028593 0.968561
vn 0.248120 0.026557 0.968365
vn 0.247930 0.038000 0.968032
vn 0.250568 0.045834 0.967013
vn 0.258109 0.072281 0.963408
vn 0.254286 0.058020 0.965387
vn 0.265896 0.101973 0.958593
vn 0.265896 0.101973 0.958593
vn 0.919400 -0.200336 0.338481
vn 0.933580 -0.134348 0.332234
vn 0.740767 -0.564574 0.364034
vn 0.763508 -0.538123 0.357042
vn 0.246657 -0.887036 0.390292
vn 0.246657 -0.887036 0.390292
vn 0.309701 -0.893653 0.324762
vn 0.288896 -0.892267 0.346987
vn 0.394381 -0.878962 0.268121
vn 0.494543 -0.814762 0.302640
vn 0.539671 -0.779720 0.317478
vn 0.494915 -0.812379 0.308382
vn 0.517576 -0.796306 0.313069
vn 0.603841 -0.724875 0.331561
vn 0.633612 -0.696352 0.337090
vn 0.800562 -0.491504 0.342819
vn 0.775234 -0.527252 0.347876
vn 0.918927 -0.257791 0.298525
vn 0.918927 -0.257791 0.298525
vn 0.738349 -0.165036 -0.653914
vn 0.726522 -0.219470 -0.651152
vn 0.589704 -0.542281 -0.598482
vn 0.566978 -0.566916 -0.597614
vn 0.084171 -0.894845 -0.438370
vn 0.084171 -0.894845 -0.438370
vn 0.149730 -0.879922 -0.450908
vn 0.188023 -0.869205 -0.457308
vn 0.833560 0.040000 -0.550978
vn 0.833560 0.040000 -0.550978
vn 0.833560 0.040000 -0.550978
vn 0.833560 0.040000 -0.550978
vn 0.833560 0.040000 -0.550978
vn 0.833560 0.040000 -0.550978
vn 0.833560 0.040000 -0.550979
vn 0.833560 0.040000 -0.550978
vn 0.495700 -0.638189 -0.589064
vn 0.464467 -0.663580 -0.586457
vn 0.596952 -0.533251 -0.599410
vn 0.621600 -0.498594 -0.604167
vn 0.749223 -0.261561 -0.608482
vn 0.749223 -0.261561 -0.608482
vn 0.000759 0.013627 -0.999907
vn 0.506209 -0.626779 -0.592368
vn 0.506209 -0.626779 -0.592368
vn 0.676380 -0.630816 0.380240
vn 0.676380 -0.630816 0.380240
vn -0.274429 0.421064 0.864519
vn -0.379061 0.448532 0.809402
vn -0.358681 0.443593 0.821324
vn -0.274429 0.421064 0.864520
vn -0.657577 0.744867 0.112980
vn -0.657577 0.744867 0.112980
vn -0.657577 0.744867 0.112980
vn -0.657577 0.744867 0.112980
vn -0.657577 0.744867 0.112980
vn -0.657577 0.744867 0.112980
vn -0.657577 0.744867 0.112980
vn -0.657577 0.744867 0.112980
vn 0.074403 -0.821520 -0.565304
vn 0.117644 -0.829549 -0.545902
vn 0.266483 -0.842473 -0.468215
vn -0.071862 0.745405 0.662727
vn -0.071862 0.745405 0.662727
vn -0.071862 0.745405 0.662727
vn 0.348134 -0.744556 -0.569596
vn 0.348134 -0.744556 -0.569596
vn 0.348134 -0.744556 -0.569596
vn -0.658456 -0.507193 -0.556049
vn -0.658456 -0.507193 -0.556049
vn -0.658456 -0.507193 -0.556049
vn -0.658456 -0.507193 -0.556049
vn -0.193762 -0.933635 -0.301299
vn -0.193762 -0.933635 -0.301299
vn -0.064262 -0.979233 -0.192287
vn -0.069679 -0.977938 -0.196932
vn 0.177352 -0.983969 -0.018735
vn 0.166537 -0.985746 -0.023876
vn 0.177470 -0.984126 -0.000584
vn 0.189074 -0.981958 0.003030
vn 0.029891 -0.998503 -0.045808
vn 0.029891 -0.998503 -0.045808
vn -0.560488 -0.823118 -0.091265
vn -0.560488 -0.823118 -0.091265
vn -0.657718 -0.749805 -0.072114
vn -0.644910 -0.760588 -0.074819
vn -0.787762 -0.614647 -0.040493
vn -0.787762 -0.614647 -0.040493
vn -0.646310 -0.574229 0.502537
vn -0.646311 -0.574229 0.502537
vn -0.632795 -0.614376 0.471288
vn -0.611780 -0.665847 0.427052
vn -0.475980 -0.758021 0.445923
vn -0.423687 -0.770015 0.477039
vn -0.162250 -0.769111 0.618178
vn -0.174281 -0.771681 0.611665
vn -0.066436 -0.736930 0.672696
vn -0.050741 -0.734375 0.676845
vn -0.270321 -0.716842 0.642700
vn -0.236557 -0.724208 0.647737
vn -0.489492 -0.612033 0.621139
vn -0.505738 -0.586387 0.632756
vn -0.550580 -0.507047 0.663148
vn -0.550580 -0.507047 0.663148
vn -0.287700 -0.335834 0.896908
vn -0.287700 -0.335834 0.896908
vn -0.344240 -0.272095 0.898590
vn -0.490276 -0.081330 0.867765
vn -0.529728 -0.033947 0.847488
vn -0.521603 -0.069800 0.850328
vn -0.442622 -0.096913 0.891456
vn -0.451953 -0.097749 0.886670
vn -0.279950 -0.058703 0.958218
vn -0.329057 -0.078262 0.941061
vn -0.146056 -0.031714 0.988768
vn -0.176521 -0.033369 0.983731
vn -0.045371 -0.036936 0.998287
vn -0.020553 -0.053619 0.998350
vn 0.000581 -0.067779 0.997700
vn 0.000581 -0.067779 0.997700
vn 0.138223 0.134896 0.981172
vn 0.138223 0.134896 0.981172
vn 0.138223 0.134896 0.981172
vn 0.138223 0.134896 0.981171
vn -0.165866 0.610902 0.774137
vn -0.165865 0.610902 0.774137
vn -0.249219 0.628911 0.736452
vn -0.306174 0.638251 0.706323
vn -0.465572 0.633322 0.618180
vn -0.465372 0.633444 0.618206
vn -0.388821 0.645980 0.656908
vn -0.428753 0.634613 0.642991
vn -0.230707 0.677756 0.698155
vn -0.230707 0.677756 0.698155
vn 0.361387 0.601588 0.712384
vn 0.361387 0.601588 0.712384
vn 0.413899 0.554509 0.721947
vn 0.453686 0.515550 0.726896
vn 0.527078 0.435067 0.730004
vn 0.527078 0.435067 0.730004
vn 0.666986 0.732607 0.135706
vn 0.666986 0.732607 0.135706
vn 0.666986 0.732607 0.135706
vn 0.666986 0.732607 0.135706
vn 0.225585 0.922656 0.312758
vn 0.225585 0.922656 0.312758
vn 0.083616 0.975087 0.205461
vn 0.069336 0.978469 0.194401
vn -0.224432 0.974467 -0.006692
vn -0.234630 0.972019 -0.011274
vn -0.302119 0.952188 -0.045406
vn -0.293525 0.955032 -0.041906
vn -0.151955 0.988278 0.014728
vn -0.151955 0.988278 0.014728
vn 0.508553 0.856530 0.087923
vn 0.508553 0.856530 0.087923
vn 0.590953 0.803357 0.073438
vn 0.602801 0.794708 0.071205
vn 0.711981 0.700524 0.048461
vn 0.711981 0.700524 0.048461
vn 0.657272 0.639343 -0.399041
vn 0.657272 0.639343 -0.399041
vn 0.569022 0.722127 -0.393379
vn 0.617119 0.679310 -0.397118
vn 0.353738 0.792364 -0.497020
vn 0.390863 0.789846 -0.472621
vn 0.109831 0.763864 -0.635964
vn 0.087957 0.757278 -0.647142
vn -0.049929 0.704537 -0.707909
vn -0.042750 0.707313 -0.705607
vn 0.086070 0.720541 -0.688049
vn 0.141961 0.720208 -0.679079
vn 0.401689 0.647488 -0.647615
vn 0.387334 0.660866 -0.642828
vn 0.459659 0.588980 -0.664693
vn 0.459659 0.588980 -0.664693
vn 0.413742 0.136419 -0.900115
vn 0.269357 0.269709 -0.924502
vn 0.442834 0.098563 -0.891169
vn 0.474746 0.069909 -0.877342
vn 0.354268 0.098987 -0.929890
vn 0.341928 0.095040 -0.934908
vn 0.222889 0.054950 -0.973294
vn 0.160617 0.031144 -0.986525
vn 0.039348 0.017452 -0.999073
vn 0.006370 0.026417 -0.999631
vn -0.095636 0.109919 -0.989329
vn -0.091032 0.073931 -0.993100
vn -0.099788 0.143130 -0.984660
vn -0.099788 0.143130 -0.984660
vn -0.405433 -0.307404 -0.860887
vn -0.405433 -0.307404 -0.860887
vn 0.213239 -0.636535 -0.741183
vn 0.213239 -0.636535 -0.741183
vn 0.302014 -0.642397 -0.704353
vn 0.266340 -0.640738 -0.720082
vn 0.381529 -0.638526 -0.668371
vn 0.380013 -0.638925 -0.668854
vn 0.303375 -0.660248 -0.687049
vn 0.271320 -0.667398 -0.693516
vn 0.112312 -0.691338 -0.713749
vn 0.112312 -0.691338 -0.713749
vn -0.433824 -0.569334 -0.698323
vn -0.433824 -0.569334 -0.698323
vn -0.531299 -0.461505 -0.710447
vn -0.480910 -0.520038 -0.705894
vn -0.610156 -0.354888 -0.708353
vn -0.610156 -0.354888 -0.708353
vn -0.480989 0.469912 0.740157
vn -0.480989 0.469912 0.740157
vn -0.901810 -0.102558 0.419787
vn -0.901810 -0.102558 0.419787
vn -0.917804 -0.350803 0.185937
vn -0.923968 -0.241132 0.296880
vn -0.948754 -0.210339 0.235845
vn -0.926588 -0.346662 0.145805
vn -0.886633 0.189593 0.421824
vn -0.925855 0.056347 0.373654
vn -0.791515 0.382077 0.476992
vn -0.791515 0.382077 0.476992
vn -0.124146 0.030147 0.991806
vn -0.124146 0.030147 0.991806
vn -0.124146 0.030147 0.991806
vn -0.124146 0.030147 0.991806
vn -0.475672 -0.477093 0.738999
vn -0.475672 -0.477093 0.738999
vn -0.444749 -0.521619 0.728088
vn -0.439156 -0.529304 0.725933
vn -0.445538 -0.435834 0.782013
vn -0.434847 -0.477549 0.763449
vn -0.415614 -0.095339 0.904531
vn -0.455341 -0.226221 0.861097
vn -0.348044 0.085263 0.933593
vn -0.348044 0.085263 0.933593
vn 0.418995 -0.534015 0.734351
vn 0.418995 -0.534015 0.734351
vn 0.399963 -0.572631 0.715628
vn 0.394059 -0.584013 0.709681
vn 0.374440 -0.539617 0.754061
vn 0.377218 -0.425278 0.822706
vn 0.355411 -0.325236 0.876302
vn 0.349292 -0.332602 0.875997
vn 0.332993 -0.320767 0.886693
vn 0.328379 -0.340571 0.881010
vn 0.344568 -0.267274 0.899909
vn 0.344568 -0.267274 0.899909
vn 0.574495 -0.795421 -0.193033
vn 0.574495 -0.795420 -0.193033
vn 0.574495 -0.795421 -0.193033
vn 0.574495 -0.795420 -0.193033
vn 0.926707 -0.366911 0.081180
vn 0.926707 -0.366910 0.081180
vn 0.926707 -0.366910 0.081180
vn 0.926707 -0.366910 0.081180
vn 0.839646 0.112566 0.531342
vn 0.839646 0.112566 0.531342
vn 0.866354 0.042596 0.497610
vn 0.895395 -0.062667 0.440842
vn 0.899770 -0.275984 0.338005
vn 0.895823 -0.296171 0.331336
vn 0.852188 -0.444712 0.275693
vn 0.852188 -0.444712 0.275693
vn 0.309177 -0.582346 -0.751853
vn 0.309177 -0.582346 -0.751853
vn 0.309177 -0.582346 -0.751853
vn 0.309177 -0.582346 -0.751853
vn 0.887315 0.054003 -0.457990
vn 0.887315 0.054003 -0.457990
vn 0.887315 0.054003 -0.457990
vn 0.887315 0.054003 -0.457990
vn 0.872570 0.487200 -0.035451
vn 0.872570 0.487200 -0.035451
vn 0.907565 0.407920 -0.099640
vn 0.939009 0.287657 -0.188456
vn 0.935918 0.000985 -0.352215
vn 0.904005 -0.136399 -0.405179
vn 0.822793 -0.327091 -0.464783
vn 0.822793 -0.327091 -0.464784
vn 0.064053 -0.113712 -0.991447
vn 0.064053 -0.113712 -0.991447
vn 0.064053 -0.113712 -0.991447
vn 0.064053 -0.113712 -0.991447
vn 0.474382 0.475510 -0.740845
vn 0.474382 0.475510 -0.740845
vn 0.444567 0.556189 -0.702149
vn 0.446897 0.550417 -0.705212
vn 0.425816 0.566765 -0.705307
vn 0.436209 0.523526 -0.731876
vn 0.450286 0.302773 -0.839983
vn 0.421076 0.165785 -0.891746
vn 0.368491 -0.019526 -0.929426
vn 0.368491 -0.019526 -0.929426
vn -0.320391 0.683638 -0.655735
vn -0.329026 0.674384 -0.661020
vn -0.349299 0.524053 -0.776762
vn -0.314671 0.638808 -0.702073
vn -0.362475 0.409885 -0.837022
vn -0.367031 0.401046 -0.839315
vn -0.341366 0.421082 -0.840333
vn -0.339283 0.401749 -0.850579
vn -0.332473 0.345778 -0.877439
vn -0.332473 0.345778 -0.877439
vn -0.600169 0.779645 0.178747
vn -0.600169 0.779645 0.178747
vn -0.600169 0.779645 0.178747
vn -0.600169 0.779645 0.178747
vn -0.910726 0.407678 -0.066153
vn -0.910726 0.407678 -0.066153
vn -0.910726 0.407678 -0.066153
vn -0.910726 0.407679 -0.066153
vn -0.848037 -0.093970 -0.521540
vn -0.848036 -0.093970 -0.521540
vn -0.907764 0.135387 -0.397033
vn -0.882449 0.008124 -0.470338
vn -0.886256 0.358115 -0.293776
vn -0.892345 0.337615 -0.299561
vn -0.824972 0.509520 -0.244562
vn -0.824972 0.509520 -0.244562
vn 0.154335 -0.922985 0.352533
vn 0.154335 -0.922985 0.352533
vn 0.189954 -0.941257 0.279200
vn 0.177402 -0.935494 0.305581
vn 0.263869 -0.956862 0.121604
vn 0.264783 -0.956762 0.120400
vn 0.286629 -0.953739 0.090701
vn 0.287243 -0.953622 0.089976
vn 0.259207 -0.958808 0.116183
vn 0.256790 -0.959201 0.118291
vn 0.211921 -0.964627 0.156795
vn 0.211921 -0.964627 0.156795
vn -0.307179 -0.738050 -0.600768
vn -0.309809 -0.721455 -0.619291
vn -0.245542 -0.852173 -0.462071
vn -0.237923 -0.851361 -0.467523
vn -0.191702 -0.846656 -0.496411
vn -0.192347 -0.846791 -0.495930
vn -0.240519 -0.855567 -0.458427
vn -0.237134 -0.855124 -0.461010
vn -0.213841 -0.851672 -0.478464
vn -0.213841 -0.851672 -0.478464
vn -0.482514 -0.060026 -0.873829
vn -0.488455 -0.067157 -0.870001
vn -0.586412 -0.243805 -0.772450
vn -0.574123 -0.242927 -0.781901
vn -0.522397 -0.241571 -0.817768
vn -0.541094 -0.244330 -0.804686
vn -0.575718 -0.249843 -0.778542
vn -0.559464 -0.247878 -0.790921
vn -0.484927 -0.237962 -0.841558
vn -0.484927 -0.237962 -0.841558
vn -0.263589 0.499318 -0.825350
vn -0.263589 0.499318 -0.825350
vn -0.429682 0.504905 -0.748628
vn -0.486605 0.502746 -0.714467
vn -0.565699 0.498148 -0.657140
vn -0.566055 0.498072 -0.656891
vn -0.529236 0.508213 -0.679433
vn -0.540433 0.507161 -0.671357
vn -0.541400 0.504459 -0.672613
vn -0.541365 0.504460 -0.672640
vn -0.450934 0.505373 -0.735702
vn -0.450934 0.505373 -0.735702
vn 0.142154 0.964803 -0.221242
vn 0.142154 0.964803 -0.221242
vn -0.031349 0.979922 -0.196900
vn -0.080975 0.978673 -0.188790
vn -0.201301 0.965562 -0.164825
vn -0.201347 0.965514 -0.165055
vn -0.198168 0.966752 -0.161616
vn -0.197811 0.966784 -0.161862
vn -0.171632 0.967367 -0.186394
vn -0.174553 0.967384 -0.183572
vn -0.132806 0.965648 -0.223354
vn -0.132806 0.965648 -0.223354
vn 0.387534 0.850152 0.356455
vn 0.387534 0.850152 0.356455
vn 0.356759 0.852624 0.381780
vn 0.349836 0.852989 0.387331
vn 0.302128 0.855160 0.421212
vn 0.305707 0.855002 0.418945
vn 0.280122 0.859945 0.426645
vn 0.282074 0.860112 0.425020
vn 0.319669 0.862891 0.391447
vn 0.322324 0.862851 0.389352
vn 0.293071 0.862748 0.412037
vn 0.293071 0.862748 0.412037
vn 0.553722 0.498333 0.667125
vn 0.553722 0.498333 0.667125
vn 0.620103 0.353627 0.700300
vn 0.619656 0.354772 0.700116
vn 0.630718 0.247499 0.735485
vn 0.636268 0.247410 0.730720
vn 0.627631 0.256189 0.735151
vn 0.614342 0.254394 0.746905
vn 0.643180 0.258484 0.720767
vn 0.655178 0.259927 0.709352
vn 0.568150 0.248424 0.784532
vn 0.568150 0.248424 0.784532
vn 0.397843 -0.529618 0.749150
vn 0.397843 -0.529618 0.749150
vn 0.511937 -0.513329 0.688776
vn 0.466614 -0.521000 0.714724
vn 0.619300 -0.489507 0.613881
vn 0.620088 -0.489158 0.613364
vn 0.630682 -0.494112 0.598409
vn 0.617487 -0.496885 0.609766
vn 0.623043 -0.493712 0.606684
vn 0.627770 -0.492911 0.602447
vn 0.533951 -0.504629 0.678414
vn 0.533951 -0.504629 0.678414
vn 0.159479 -0.936758 0.311530
vn 0.159479 -0.936758 0.311531
vn 0.159479 -0.936758 0.311531
vn 0.159479 -0.936758 0.311531
vn -0.174702 -0.917183 0.358126
vn -0.174702 -0.917183 0.358126
vn -0.109993 -0.931990 0.345393
vn -0.104606 -0.933026 0.344267
vn -0.003560 -0.947635 0.319335
vn -0.000031 -0.948069 0.318064
vn 0.036146 -0.951739 0.304774
vn 0.036146 -0.951739 0.304774
vn -0.064159 -0.885058 -0.461039
vn -0.064159 -0.885058 -0.461039
vn -0.119866 -0.890090 -0.439741
vn -0.133899 -0.890858 -0.434100
vn -0.228166 -0.899169 -0.373410
vn -0.235111 -0.897865 -0.372239
vn -0.128109 -0.913860 -0.385288
vn -0.132993 -0.913166 -0.385280
vn -0.091335 -0.918362 -0.385056
vn -0.091335 -0.918362 -0.385056
vn -0.179629 -0.352900 -0.918257
vn -0.167753 -0.351732 -0.920947
vn -0.117971 -0.373514 -0.920093
vn -0.126016 -0.361348 -0.923876
vn -0.092065 -0.399497 -0.912100
vn -0.100179 -0.395805 -0.912854
vn -0.080416 -0.404737 -0.910890
vn -0.080416 -0.404737 -0.910890
vn -0.036730 0.361361 -0.931702
vn 0.001605 0.372445 -0.928053
vn 0.121479 0.370740 -0.920758
vn 0.131182 0.393334 -0.909989
vn 0.088409 0.350685 -0.932311
vn 0.102911 0.341723 -0.934149
vn 0.071959 0.360705 -0.929900
vn 0.071959 0.360705 -0.929900
vn 0.144576 0.868391 -0.474336
vn 0.144576 0.868391 -0.474336
vn 0.254138 0.867017 -0.428597
vn 0.255835 0.866898 -0.427828
vn 0.360284 0.847921 -0.388876
vn 0.360215 0.849314 -0.385890
vn 0.330703 0.852899 -0.403980
vn 0.340343 0.848079 -0.406114
vn 0.273734 0.878934 -0.390569
vn 0.273734 0.878934 -0.390569
vn 0.330474 0.893036 0.305406
vn 0.330474 0.893036 0.305406
vn 0.430627 0.850154 0.302983
vn 0.419511 0.855532 0.303439
vn 0.488256 0.815651 0.310355
vn 0.489522 0.813077 0.315077
vn 0.477782 0.808607 0.343334
vn 0.465624 0.814806 0.345377
vn 0.412495 0.839621 0.353389
vn 0.412495 0.839621 0.353389
vn 0.256389 0.359555 0.897209
vn 0.256389 0.359555 0.897209
vn 0.389559 0.331617 0.859229
vn 0.348140 0.341202 0.873144
vn 0.447755 0.302175 0.841550
vn 0.441275 0.276537 0.853700
vn 0.429699 0.247622 0.868356
vn 0.418014 0.255157 0.871871
vn 0.406487 0.262486 0.875140
vn 0.406487 0.262486 0.875140
vn 0.248219 -0.359402 0.899565
vn 0.248219 -0.359402 0.899565
vn 0.207009 -0.409907 0.888326
vn 0.225267 -0.387888 0.893755
vn 0.188720 -0.457184 0.869119
vn 0.197201 -0.465697 0.862692
vn 0.220064 -0.485720 0.845960
vn 0.228005 -0.489410 0.841720
vn 0.241829 -0.495745 0.834120
vn 0.241829 -0.495745 0.834120
vn -0.111705 -0.981579 -0.155001
vn -0.111705 -0.981579 -0.155001
vn -0.097179 -0.983416 -0.153129
vn -0.094502 -0.983731 -0.152781
vn -0.016130 -0.992310 -0.122724
vn 0.125843 -0.990937 -0.046992
vn 0.370017 -0.917602 0.145239
vn 0.348463 -0.911516 0.218432
vn 0.310728 -0.935910 0.165895
vn 0.294748 -0.948208 0.118426
vn 0.239878 -0.970733 -0.011639
vn 0.244553 -0.969609 0.007220
vn 0.263609 -0.960575 0.088348
vn 0.263609 -0.960575 0.088348
vn -0.534183 0.279337 0.797884
vn -0.536198 0.277920 0.797027
vn -0.515953 0.291959 0.805327
vn -0.515953 0.291959 0.805327
vn -0.942854 0.137878 0.303341
vn -0.942854 0.137878 0.303341
vn -0.942854 0.137878 0.303341
vn -0.942854 0.137878 0.303341
vn -0.971005 -0.108865 -0.212831
vn -0.971005 -0.108865 -0.212831
vn -0.994967 -0.025887 -0.096804
vn -0.974150 -0.101094 -0.202019
vn -0.996448 0.072641 0.042596
vn -0.996448 0.072641 0.042596
vn -0.707614 0.324882 0.627483
vn -0.707614 0.324882 0.627483
vn -0.707614 0.324882 0.627483
vn -0.707614 0.324882 0.627483
vn 0.233342 0.903293 -0.360017
vn 0.233342 0.903293 -0.360017
vn 0.200085 0.897668 -0.392630
vn 0.184251 0.894330 -0.407707
vn 0.129751 0.872101 -0.471810
vn 0.130404 0.873279 -0.469445
vn 0.154853 0.856859 -0.491746
vn 0.168197 0.857053 -0.487002
vn 0.230183 0.852294 -0.469692
vn 0.257053 0.837672 -0.481901
vn 0.323723 0.631989 -0.704125
vn 0.292759 0.535513 -0.792161
vn 0.304364 0.426972 -0.851503
vn 0.279900 0.448487 -0.848832
vn 0.480406 0.092283 -0.872178
vn 0.480406 0.092283 -0.872178
vn 0.407294 0.124939 -0.904711
vn 0.450793 0.105788 -0.886338
vn 0.364760 0.142928 -0.920066
vn 0.364760 0.142928 -0.920066
vn 0.979995 0.015127 -0.198445
vn 0.979995 0.015127 -0.198445
vn 0.972466 0.200969 -0.117994
vn 0.978745 0.148286 -0.141667
vn 0.914526 0.323857 -0.242402
vn 0.916144 0.323020 -0.237355
vn 0.821738 0.350596 -0.449254
vn 0.821738 0.350596 -0.449254
vn 0.319598 0.413194 -0.852718
vn 0.319598 0.413194 -0.852718
s 1
g tree4
usemtl lambert18SG
f 1539/2061/3182 1540/1776/3183 1546/2071/3184 1545/2059/3185 1762/2058/3186
s off
f 1801/1780/3187 1807/1781/3188 1813/1782/3189 1819/2079/3190
s 2
f 1541/2068/3191 1542/1785/3192 1548/2143/3193 1547/2069/3194
s 3
f 1542/2144/3195 1543/1788/3196 1549/1789/3197 1548/1786/3198
s 4
f 1543/1788/3199 1544/1790/3200 1763/2056/3201 1550/2057/3202 1549/1789/3203
s off
f 1767/1793/3204 1771/2067/3205 1775/1795/3206 1779/1796/3207 1783/1797/3208 1787/1798/3209 1791/1799/3210 1795/1800/3211
s 1
f 1545/2059/3185 1546/2071/3184 1552/1801/3212 1551/1802/3213
s 5
f 1546/2071/3214 1547/2069/3215 1553/1803/3216 1552/1801/3217
s 2
f 1547/2069/3194 1548/2143/3193 1554/2142/3218 1553/1803/3219
s 3
f 1548/1786/3198 1549/1789/3197 1555/1805/3220 1554/1804/3221
s 4
f 1549/1789/3203 1550/2057/3202 1556/1806/3222 1555/1805/3223
s 6
f 1550/2057/3224 1761/2060/3225 1545/2059/3226 1551/1802/3227 1556/1806/3228
s 7
f 1562/1808/3229 1568/1809/3230 1569/1810/3231
f 1568/1809/3230 1575/2137/3232 1569/1810/3231
f 1575/1811/3232 1581/1812/3233 1569/1810/3231
f 1581/1812/3233 1587/1813/3234 1569/1810/3231
f 1587/1813/3234 1593/1814/3235 1569/1810/3231
f 1593/1814/3235 1562/1808/3229 1569/1810/3231
s 1
f 1551/1802/3213 1552/1801/3212 1563/1815/3236 1557/1816/3237
f 1557/1816/3237 1563/1815/3236 1594/2081/3238 1595/1818/3239
f 1558/2108/3240 1564/2110/3241 1601/1821/3242 1602/1822/3243
f 1559/2121/3244 1565/1824/3245 1610/1825/3246 1611/2124/3247 1676/2123/3248
f 1560/1828/3249 1566/1829/3250 1567/1830/3251 1561/1831/3252
f 1561/1831/3252 1567/1830/3251 1568/1809/3253 1562/1808/3254
s 5
f 1552/1801/3217 1553/1803/3216 1570/1832/3255 1563/1815/3256
f 1563/1815/3256 1570/1832/3255 1599/2087/3257 1615/2080/3258 1594/2081/3259
s 8
f 1564/2110/3260 1612/2086/3261 1571/2106/3262 1672/2104/3263 1600/2098/3264 1601/1821/3265
f 1565/1824/3266 1572/1839/3267 1609/1840/3268 1610/1825/3269
f 1566/1829/3270 1573/1841/3271 1574/2138/3272 1567/1830/3273
f 1567/1830/3273 1574/2138/3272 1575/2137/3274 1568/1809/3275
s 2
f 1553/1803/3219 1554/2142/3218 1576/2141/3276 1570/1832/3277
f 1570/1832/3277 1576/2141/3276 1598/1844/3278 1599/2087/3279
s off
f 1684/1845/3280 1689/1846/3281 1694/1847/3282 1699/1848/3283 1704/1849/3284 1709/2117/3285 1714/1851/3286 1719/1852/3287
s 9
f 1572/2136/3288 1578/1853/3289 1608/1854/3290 1609/2133/3291
f 1573/2134/3292 1579/1855/3293 1580/1856/3294 1574/1842/3295
f 1574/1842/3295 1580/1856/3294 1581/1812/3296 1575/1811/3297
s 3
f 1554/1804/3221 1555/1805/3220 1582/1857/3298 1576/1843/3299
f 1576/1843/3299 1582/1857/3298 1597/1858/3300 1598/2139/3301
f 1577/2100/3302 1583/2109/3303 1604/1861/3304 1605/2103/3305 1673/2102/3306
f 1578/1853/3307 1584/1864/3308 1607/1865/3309 1608/1854/3310
f 1579/1855/3311 1585/1866/3312 1586/1867/3313 1580/1856/3314
f 1580/1856/3314 1586/1867/3313 1587/1813/3315 1581/1812/3316
s 4
f 1555/1805/3223 1556/1806/3222 1588/1868/3317 1582/1857/3318
f 1582/1857/3318 1588/1868/3317 1596/1869/3319 1597/1858/3320
s 10
f 1583/2109/3321 1589/2107/3322 1603/1871/3323 1604/1861/3324
f 1584/1864/3325 1590/2125/3326 1677/2122/3327 1606/2119/3328 1607/1865/3329
f 1585/1866/3330 1591/1875/3331 1592/1876/3332 1586/1867/3333
f 1586/1867/3333 1592/1876/3332 1593/1814/3334 1587/1813/3335
s 6
f 1556/1806/3228 1551/1802/3227 1557/1816/3336 1588/1868/3337
f 1588/1868/3337 1557/1816/3336 1595/1818/3338 1596/1869/3339
s 11
f 1589/2107/3340 1558/2108/3341 1602/1822/3342 1603/1871/3343
s off
f 1724/1877/3344 1729/1878/3345 1734/1879/3346 1739/1880/3347 1744/1881/3348 1749/1882/3349 1754/1883/3350 1759/2131/3351
s 12
f 1591/1875/3352 1560/1828/3353 1561/1831/3354 1592/1876/3355
f 1592/1876/3355 1561/1831/3354 1562/1808/3356 1593/1814/3357
s 1
f 1595/1818/3239 1594/2081/3238 1613/2084/3358 1564/2085/3241 1558/1819/3240
s 6
f 1596/1869/3339 1595/1818/3338 1558/1819/3359 1589/1870/3360
s 4
f 1597/1858/3320 1596/1869/3319 1589/1870/3361 1583/1860/3362
s 3
f 1598/2139/3301 1597/1858/3300 1583/1860/3303 1577/2101/3302
s 2
f 1599/2087/3279 1598/1844/3278 1577/2140/3363 1674/2099/3364 1571/2105/3365 1614/2082/3366
s off
f 1629/1888/3367 1622/1889/3368 1636/2096/3369 1643/1891/3370 1650/1892/3371 1657/1893/3372 1664/1894/3373 1671/1895/3374
s 8
f 1601/1821/3265 1600/2098/3264 1572/1839/3267 1565/1824/3266
s 1
f 1602/1822/3243 1601/1821/3242 1565/1824/3245 1559/2121/3244
s 11
f 1603/1871/3343 1602/1822/3342 1559/2121/3375 1678/2120/3376 1590/2125/3377
s 10
f 1604/1861/3324 1603/1871/3323 1590/2125/3326 1584/1864/3325
s 3
f 1605/2103/3305 1604/1861/3304 1584/1864/3308 1578/1853/3307
s 9
f 1600/2135/3378 1675/2097/3379 1605/2103/3380 1578/1853/3289 1572/2136/3288
s 10
f 1607/1865/3329 1606/2119/3328 1591/1875/3331 1585/1866/3330
s 3
f 1608/1854/3310 1607/1865/3309 1585/1866/3312 1579/1855/3311
s 9
f 1609/2133/3291 1608/1854/3290 1579/1855/3293 1573/2134/3292
s 8
f 1610/1825/3269 1609/1840/3268 1573/1841/3271 1566/1829/3270
s 1
f 1611/2124/3247 1610/1825/3246 1566/1829/3250 1560/1828/3249
s 12
f 1606/2119/3381 1679/2118/3382 1611/2124/3383 1560/1828/3353 1591/1875/3352
s off
f 1594/1817/3384 1615/1834/3385 1616/1899/3386 1623/1900/3387
s 13
f 1623/1900/3388 1616/1899/3389 1617/1901/3390 1624/1902/3391
f 1624/1902/3391 1617/1901/3390 1618/1903/3392 1625/1904/3393
f 1625/1904/3393 1618/1903/3392 1619/1905/3394 1626/1906/3395
f 1626/1906/3395 1619/1905/3394 1620/1907/3396 1627/1908/3397
s 14
f 1627/1908/3398 1620/1907/3399 1621/1909/3400 1628/1910/3401
f 1628/1910/3401 1621/1909/3400 1622/1889/3402 1629/1888/3403
s 15
f 1615/1834/3404 1599/2094/3405 1630/2093/3406 1616/1899/3407
f 1616/1899/3407 1630/2093/3406 1631/2092/3408 1617/1901/3409
f 1617/1901/3409 1631/2092/3408 1632/2091/3410 1618/1903/3411
f 1618/1903/3411 1632/2091/3410 1633/2090/3412 1619/1905/3413
f 1619/1905/3413 1633/2090/3412 1634/2089/3414 1620/1907/3415
f 1620/1907/3415 1634/2089/3414 1635/2088/3416 1621/1909/3417
f 1621/1909/3417 1635/2088/3416 1636/2095/3418 1622/1889/3419
s 16
f 1599/1833/3420 1614/1887/3421 1637/1917/3422 1630/1911/3423
f 1630/1911/3423 1637/1917/3422 1638/1918/3424 1631/1912/3425
f 1631/1912/3425 1638/1918/3424 1639/1919/3426 1632/1913/3427
f 1632/1913/3427 1639/1919/3426 1640/1920/3428 1633/1914/3429
f 1633/1914/3429 1640/1920/3428 1641/1921/3430 1634/1915/3431
f 1634/1915/3431 1641/1921/3430 1642/1922/3432 1635/1916/3433
f 1635/1916/3433 1642/1922/3432 1643/1891/3434 1636/1890/3435
s off
f 1614/1887/3436 1571/2083/3437 1644/1923/3438 1637/1917/3439
s 17
f 1637/1917/3440 1644/1923/3441 1645/1924/3442 1638/1918/3443
f 1638/1918/3443 1645/1924/3442 1646/1925/3444 1639/1919/3445
f 1639/1919/3445 1646/1925/3444 1647/1926/3446 1640/1920/3447
f 1640/1920/3447 1647/1926/3446 1648/1927/3448 1641/1921/3449
s 18
f 1641/1921/3450 1648/1927/3451 1649/1928/3452 1642/1922/3453
f 1642/1922/3453 1649/1928/3452 1650/1892/3454 1643/1891/3455
s off
f 1571/2083/3456 1612/1835/3457 1651/1929/3458 1644/1923/3459
s 19
f 1644/1923/3460 1651/1929/3461 1652/1930/3462 1645/1924/3463
f 1645/1924/3463 1652/1930/3462 1653/1931/3464 1646/1925/3465
f 1646/1925/3465 1653/1931/3464 1654/1932/3466 1647/1926/3467
f 1647/1926/3467 1654/1932/3466 1655/1933/3468 1648/1927/3469
s 20
f 1648/1927/3470 1655/1933/3471 1656/1934/3472 1649/1928/3473
f 1649/1928/3473 1656/1934/3472 1657/1893/3474 1650/1892/3475
s 21
f 1612/1835/3476 1564/1820/3477 1658/1935/3478 1651/1929/3479
f 1651/1929/3479 1658/1935/3478 1659/1936/3480 1652/1930/3481
f 1652/1930/3481 1659/1936/3480 1660/1937/3482 1653/1931/3483
f 1653/1931/3483 1660/1937/3482 1661/1938/3484 1654/1932/3485
f 1654/1932/3485 1661/1938/3484 1662/1939/3486 1655/1933/3487
f 1655/1933/3487 1662/1939/3486 1663/1940/3488 1656/1934/3489
f 1656/1934/3489 1663/1940/3488 1664/1894/3490 1657/1893/3491
s 1
f 1564/1820/3241 1613/1885/3358 1665/1941/3492 1658/1935/3493
f 1658/1935/3493 1665/1941/3492 1666/1942/3494 1659/1936/3495
f 1659/1936/3495 1666/1942/3494 1667/1943/3496 1660/1937/3497
f 1660/1937/3497 1667/1943/3496 1668/1944/3498 1661/1938/3499
f 1661/1938/3499 1668/1944/3498 1669/1945/3500 1662/1939/3501
f 1662/1939/3501 1669/1945/3500 1670/1946/3502 1663/1940/3503
f 1663/1940/3503 1670/1946/3502 1671/1895/3504 1664/1894/3505
f 1613/1885/3358 1594/1817/3238 1623/1900/3506 1665/1941/3507
s 22
f 1665/1941/3508 1623/1900/3509 1624/1902/3510 1666/1942/3511
f 1666/1942/3511 1624/1902/3510 1625/1904/3512 1667/1943/3513
f 1667/1943/3513 1625/1904/3512 1626/1906/3514 1668/1944/3515
f 1668/1944/3515 1626/1906/3514 1627/1908/3516 1669/1945/3517
s 23
f 1669/1945/3518 1627/1908/3519 1628/1910/3520 1670/1946/3521
f 1670/1946/3521 1628/1910/3520 1629/1888/3522 1671/1895/3523
s 2
f 1571/1836/3365 1674/1886/3364 1685/1947/3524 1680/1948/3525
s 24
f 1680/1948/3526 1685/1947/3527 1686/1949/3528 1681/1950/3529
f 1681/1950/3529 1686/1949/3528 1687/1951/3530 1682/1952/3531
f 1682/1952/3531 1687/1951/3530 1688/1953/3532 1683/1954/3533
f 1683/1954/3533 1688/1953/3532 1689/1846/3534 1684/1845/3535
s off
f 1674/1886/3536 1577/1859/3537 1690/1955/3538 1685/1947/3539
s 25
f 1685/1947/3540 1690/1955/3541 1691/1956/3542 1686/1949/3543
f 1686/1949/3543 1691/1956/3542 1692/1957/3544 1687/1951/3545
f 1687/1951/3545 1692/1957/3544 1693/1958/3546 1688/1953/3547
f 1688/1953/3547 1693/1958/3546 1694/1847/3548 1689/1846/3549
s 26
f 1577/1859/3550 1673/1863/3551 1695/1959/3552 1690/1955/3553
f 1690/1955/3553 1695/1959/3552 1696/1960/3554 1691/1956/3555
f 1691/1956/3555 1696/1960/3554 1697/1961/3556 1692/1957/3557
f 1692/1957/3557 1697/1961/3556 1698/1962/3558 1693/1958/3559
f 1693/1958/3559 1698/1962/3558 1699/1848/3560 1694/1847/3561
s off
f 1673/1863/3562 1605/1862/3563 1700/1963/3564 1695/1959/3565
f 1695/1959/3566 1700/1963/3567 1701/1964/3568 1696/1960/3569
s 27
f 1696/1960/3570 1701/1964/3571 1702/1965/3572 1697/1961/3573
f 1697/1961/3573 1702/1965/3572 1703/1966/3574 1698/1962/3575
f 1698/1962/3575 1703/1966/3574 1704/1849/3576 1699/1848/3577
s off
f 1605/1862/3578 1675/2115/3579 1705/2114/3580 1700/1963/3581
f 1700/1963/3582 1705/2114/3583 1706/2113/3584 1701/1964/3585
s 28
f 1701/1964/3586 1706/2113/3587 1707/2112/3588 1702/1965/3589
f 1702/1965/3589 1707/2112/3588 1708/2111/3590 1703/1966/3591
f 1703/1966/3591 1708/2111/3590 1709/2116/3592 1704/1849/3593
s off
f 1675/1897/3594 1600/1838/3595 1710/1971/3596 1705/1967/3597
s 29
f 1705/1967/3598 1710/1971/3599 1711/1972/3600 1706/1968/3601
f 1706/1968/3601 1711/1972/3600 1712/1973/3602 1707/1969/3603
f 1707/1969/3603 1712/1973/3602 1713/1974/3604 1708/1970/3605
f 1708/1970/3605 1713/1974/3604 1714/1851/3606 1709/1850/3607
s 8
f 1600/1838/3264 1672/1837/3263 1715/1975/3608 1710/1971/3609
f 1710/1971/3609 1715/1975/3608 1716/1976/3610 1711/1972/3611
f 1711/1972/3611 1716/1976/3610 1717/1977/3612 1712/1973/3613
f 1712/1973/3613 1717/1977/3612 1718/1978/3614 1713/1974/3615
f 1713/1974/3615 1718/1978/3614 1719/1852/3616 1714/1851/3617
s off
f 1672/1837/3618 1571/1836/3619 1680/1948/3620 1715/1975/3621
f 1715/1975/3622 1680/1948/3623 1681/1950/3624 1716/1976/3625
s 30
f 1716/1976/3626 1681/1950/3627 1682/1952/3628 1717/1977/3629
f 1717/1977/3629 1682/1952/3628 1683/1954/3630 1718/1978/3631
f 1718/1978/3631 1683/1954/3630 1684/1845/3632 1719/1852/3633
s 31
f 1590/1872/3634 1678/1896/3635 1725/1979/3636 1720/1980/3637
f 1720/1980/3637 1725/1979/3636 1726/1981/3638 1721/1982/3639
f 1721/1982/3639 1726/1981/3638 1727/1983/3640 1722/1984/3641
f 1722/1984/3641 1727/1983/3640 1728/1985/3642 1723/1986/3643
f 1723/1986/3643 1728/1985/3642 1729/1878/3644 1724/2132/3645
s 11
f 1678/1896/3376 1559/1823/3375 1730/1987/3646 1725/1979/3647
f 1725/1979/3647 1730/1987/3646 1731/1988/3648 1726/1981/3649
f 1726/1981/3649 1731/1988/3648 1732/1989/3650 1727/1983/3651
f 1727/1983/3651 1732/1989/3650 1733/1990/3652 1728/1985/3653
f 1728/1985/3653 1733/1990/3652 1734/1879/3654 1729/1878/3655
s 1
f 1559/1823/3244 1676/1827/3248 1735/1991/3656 1730/1987/3657
f 1730/1987/3657 1735/1991/3656 1736/1992/3658 1731/1988/3659
f 1731/1988/3659 1736/1992/3658 1737/1993/3660 1732/1989/3661
f 1732/1989/3661 1737/1993/3660 1738/1994/3662 1733/1990/3663
f 1733/1990/3663 1738/1994/3662 1739/1880/3664 1734/1879/3665
s 32
f 1676/1827/3666 1611/1826/3667 1740/1995/3668 1735/1991/3669
f 1735/1991/3669 1740/1995/3668 1741/1996/3670 1736/1992/3671
f 1736/1992/3671 1741/1996/3670 1742/1997/3672 1737/1993/3673
f 1737/1993/3673 1742/1997/3672 1743/1998/3674 1738/1994/3675
f 1738/1994/3675 1743/1998/3674 1744/1881/3676 1739/1880/3677
s 33
f 1611/1826/3678 1679/1898/3679 1745/1999/3680 1740/1995/3681
f 1740/1995/3681 1745/1999/3680 1746/2000/3682 1741/1996/3683
f 1741/1996/3683 1746/2000/3682 1747/2001/3684 1742/1997/3685
f 1742/1997/3685 1747/2001/3684 1748/2002/3686 1743/1998/3687
f 1743/1998/3687 1748/2002/3686 1749/1882/3688 1744/1881/3689
s 34
f 1679/1898/3690 1606/1874/3691 1750/2003/3692 1745/1999/3693
f 1745/1999/3693 1750/2003/3692 1751/2004/3694 1746/2000/3695
f 1746/2000/3695 1751/2004/3694 1752/2005/3696 1747/2001/3697
f 1747/2001/3697 1752/2005/3696 1753/2006/3698 1748/2002/3699
f 1748/2002/3699 1753/2006/3698 1754/1883/3700 1749/1882/3701
s 35
f 1606/1874/3702 1677/2130/3703 1755/2129/3704 1750/2003/3705
f 1750/2003/3705 1755/2129/3704 1756/2128/3706 1751/2004/3707
f 1751/2004/3707 1756/2128/3706 1757/2127/3708 1752/2005/3709
f 1752/2005/3709 1757/2127/3708 1758/2126/3710 1753/2006/3711
f 1753/2006/3711 1758/2126/3710 1759/2131/3712 1754/1883/3713
s 36
f 1677/1873/3714 1590/1872/3715 1720/1980/3716 1755/2007/3717
f 1755/2007/3717 1720/1980/3716 1721/1982/3718 1756/2008/3719
f 1756/2008/3719 1721/1982/3718 1722/1984/3720 1757/2009/3721
f 1757/2009/3721 1722/1984/3720 1723/1986/3722 1758/2010/3723
f 1758/2010/3723 1723/1986/3722 1724/2132/3724 1759/1884/3725
s off
f 1544/2062/3726 1760/2011/3727 1768/2065/3728 1764/2013/3729
s 37
f 1764/2013/3730 1768/2065/3731 1769/2064/3732 1765/2015/3733
f 1765/2015/3733 1769/2064/3732 1770/2063/3734 1766/2017/3735
f 1766/2017/3735 1770/2063/3734 1771/2067/3736 1767/1793/3737
s 38
f 1760/2066/3738 1539/1775/3739 1772/2018/3740 1768/2012/3741
f 1768/2012/3741 1772/2018/3740 1773/2019/3742 1769/2014/3743
f 1769/2014/3743 1773/2019/3742 1774/2020/3744 1770/2016/3745
f 1770/2016/3745 1774/2020/3744 1775/1795/3746 1771/1794/3747
s 1
f 1539/1775/3182 1762/1779/3186 1776/2021/3748 1772/2018/3749
f 1772/2018/3749 1776/2021/3748 1777/2022/3750 1773/2019/3751
f 1773/2019/3751 1777/2022/3750 1778/2023/3752 1774/2020/3753
f 1774/2020/3753 1778/2023/3752 1779/1796/3754 1775/1795/3755
f 1762/1779/3186 1545/1778/3185 1780/2024/3756 1776/2021/3757
f 1776/2021/3757 1780/2024/3756 1781/2025/3758 1777/2022/3759
f 1777/2022/3759 1781/2025/3758 1782/2026/3760 1778/2023/3761
f 1778/2023/3761 1782/2026/3760 1783/1797/3762 1779/1796/3763
s 39
f 1545/1778/3764 1761/1807/3765 1784/2027/3766 1780/2024/3767
f 1780/2024/3767 1784/2027/3766 1785/2028/3768 1781/2025/3769
f 1781/2025/3769 1785/2028/3768 1786/2029/3770 1782/2026/3771
f 1782/2026/3771 1786/2029/3770 1787/1798/3772 1783/1797/3773
s 40
f 1761/1807/3774 1550/1792/3775 1788/2030/3776 1784/2027/3777
f 1784/2027/3777 1788/2030/3776 1789/2031/3778 1785/2028/3779
f 1785/2028/3779 1789/2031/3778 1790/2032/3780 1786/2029/3781
f 1786/2029/3781 1790/2032/3780 1791/1799/3782 1787/1798/3783
s 41
f 1550/1792/3784 1763/1791/3785 1792/2033/3786 1788/2030/3787
f 1788/2030/3787 1792/2033/3786 1793/2034/3788 1789/2031/3789
f 1789/2031/3789 1793/2034/3788 1794/2035/3790 1790/2032/3791
f 1790/2032/3791 1794/2035/3790 1795/1800/3792 1791/1799/3793
s 42
f 1763/1791/3794 1544/2062/3795 1764/2013/3796 1792/2033/3797
f 1792/2033/3797 1764/2013/3796 1765/2015/3798 1793/2034/3799
f 1793/2034/3799 1765/2015/3798 1766/2017/3800 1794/2035/3801
f 1794/2035/3801 1766/2017/3800 1767/1793/3802 1795/1800/3803
s 43
f 1540/2070/3804 1541/1784/3805 1802/2036/3806 1796/2037/3807
f 1796/2037/3807 1802/2036/3806 1803/2038/3808 1797/2039/3809
f 1797/2039/3809 1803/2038/3808 1804/2040/3810 1798/2041/3811
f 1798/2041/3811 1804/2040/3810 1805/2042/3812 1799/2043/3813
f 1799/2043/3813 1805/2042/3812 1806/2044/3814 1800/2045/3815
f 1800/2045/3815 1806/2044/3814 1807/1781/3816 1801/1780/3817
s 2
f 1541/1784/3191 1547/1787/3194 1808/2046/3818 1802/2036/3819
f 1802/2036/3819 1808/2046/3818 1809/2047/3820 1803/2038/3821
s off
f 1803/2038/3822 1809/2047/3823 1810/2048/3824 1804/2040/3825
s 44
f 1804/2040/3826 1810/2048/3827 1811/2049/3828 1805/2042/3829
f 1805/2042/3829 1811/2049/3828 1812/2050/3830 1806/2044/3831
s off
f 1806/2044/3832 1812/2050/3833 1813/1782/3834 1807/1781/3835
s 45
f 1547/1787/3836 1546/2077/3837 1814/2076/3838 1808/2046/3839
f 1808/2046/3839 1814/2076/3838 1815/2075/3840 1809/2047/3841
f 1809/2047/3841 1815/2075/3840 1816/2074/3842 1810/2048/3843
f 1810/2048/3843 1816/2074/3842 1817/2073/3844 1811/2049/3845
f 1811/2049/3845 1817/2073/3844 1818/2072/3846 1812/2050/3847
f 1812/2050/3847 1818/2072/3846 1819/2078/3848 1813/1782/3849
s 46
f 1546/1777/3850 1540/2070/3851 1796/2037/3852 1814/2051/3853
f 1814/2051/3853 1796/2037/3852 1797/2039/3854 1815/2052/3855
s 47
f 1815/2052/3856 1797/2039/3857 1798/2041/3858 1816/2053/3859
f 1816/2053/3859 1798/2041/3858 1799/2043/3860 1817/2054/3861
f 1817/2054/3861 1799/2043/3860 1800/2045/3862 1818/2055/3863
s 45
f 1818/2055/3846 1800/2045/3864 1801/1780/3865 1819/1783/3848
g default
v 0.442966 -0.011122 18.103992
v 4.173391 -0.011122 16.026385
v 0.442966 0.312303 18.103992
v 4.173391 0.312303 16.026385
v -0.955951 0.312303 15.592180
v 2.774474 0.312303 13.514574
v -0.955951 -0.011122 15.592180
v 2.774474 -0.011122 13.514574
vt 0.753653 0.517697
vt 0.167454 0.513082
vt 0.167804 0.468681
vt 0.754002 0.473296
vt 0.170911 0.073975
vt 0.750196 0.956804
vt 0.126510 0.073626
vt 0.750546 0.912403
vt 0.164347 0.907788
vt 0.163998 0.952189
vt 0.757109 0.078590
vt 0.794947 0.912752
vt 0.123403 0.468331
vt 0.798054 0.518046
vn 0.486564 0.000000 0.873645
vn 0.486564 0.000000 0.873645
vn 0.486564 0.000000 0.873645
vn 0.486564 0.000000 0.873645
vn 0.000000 1.000000 0.000000
vn 0.000000 1.000000 0.000000
vn 0.000000 1.000000 0.000000
vn 0.000000 1.000000 0.000000
vn -0.486564 0.000000 -0.873645
vn -0.486564 0.000000 -0.873645
vn -0.486564 0.000000 -0.873645
vn -0.486564 0.000000 -0.873645
vn 0.000000 -1.000000 0.000000
vn 0.000000 -1.000000 0.000000
vn 0.000000 -1.000000 0.000000
vn 0.000000 -1.000000 0.000000
vn 0.873645 0.000000 -0.486564
vn 0.873645 0.000000 -0.486564
vn 0.873645 0.000000 -0.486564
vn 0.873645 0.000000 -0.486564
vn -0.873645 0.000000 0.486564
vn -0.873645 0.000000 0.486564
vn -0.873645 0.000000 0.486564
vn -0.873645 0.000000 0.486564
s off
g steps pCube13
usemtl lambert30SG
f 1820/2145/3866 1821/2146/3867 1823/2147/3868 1822/2148/3869
f 1822/2148/3870 1823/2147/3871 1825/2149/3872 1824/2155/3873
f 1824/2150/3874 1825/2154/3875 1827/2153/3876 1826/2152/3877
f 1826/2152/3878 1827/2153/3879 1821/2146/3880 1820/2145/3881
f 1821/2157/3882 1827/2151/3883 1825/2149/3884 1823/2147/3885
f 1826/2152/3886 1820/2145/3887 1822/2158/3888 1824/2156/3889
g default
v -11.527744 -1.281055 -2.880179
v -11.367921 -1.281055 -2.813989
v -11.216524 -1.281055 -2.897674
v -11.187558 -1.281055 -3.068219
v -11.302833 -1.281055 -3.197199
v -11.475548 -1.281055 -3.187490
v -11.575643 -1.281055 -3.046403
v -11.441045 1.295833 -2.934318
v -11.360600 1.297764 -2.899980
v -11.284624 1.299381 -2.939437
v -11.270420 1.299381 -3.023061
v -11.328685 1.297764 -3.087882
v -11.415451 1.295833 -3.085004
v -11.465429 1.294999 -3.016637
v -10.587830 4.545768 -2.466235
v -9.664300 6.506480 -2.073410
v -8.783646 7.220275 -1.830037
v -8.097026 7.636862 -1.696893
v -10.521149 4.519666 -2.436149
v -9.619977 6.456949 -2.052218
v -8.760348 7.174337 -1.817196
v -8.086231 7.597533 -1.689316
v -8.084533 7.607878 -1.718026
v -10.458427 4.498595 -2.467482
v -9.577306 6.416962 -2.079065
v -8.736288 7.138456 -1.838784
v -8.074158 7.565994 -1.703358
v -10.446709 4.498595 -2.536472
v -9.568074 6.416962 -2.133421
v -8.729541 7.138456 -1.878505
v -8.069897 7.565994 -1.728445
v -10.494819 4.519666 -2.591167
v -9.599232 6.456949 -2.174354
v -8.745189 7.174337 -1.906449
v -8.076657 7.597533 -1.745686
v -10.566716 4.545768 -2.590550
v -9.647665 6.506480 -2.171356
v -8.771490 7.220275 -1.901612
v -8.089347 7.636862 -1.742098
v -10.608213 4.557288 -2.535044
v -9.675885 6.529673 -2.125764
v -8.788759 7.241157 -1.867745
v -8.098412 7.654365 -1.720383
vt 0.921764 0.104300
vt 0.935875 0.119239
vt 0.710033 0.329064
vt 0.704387 0.320466
vt 0.949530 0.134525
vt 0.716165 0.337194
vt 0.962808 0.150149
vt 0.723306 0.344317
vt 0.975653 0.166219
vt 0.682273 0.299887
vt 0.891906 0.075934
vt 0.690769 0.305641
vt 0.907117 0.089825
vt 0.698181 0.312459
vt 0.069518 0.934499
vt 0.072223 0.937199
vt 0.067812 0.938282
vt 0.075357 0.939226
vt 0.076766 0.941437
vt 0.061588 0.929801
vt 0.065164 0.931125
vt 0.067472 0.932507
vt 0.422719 0.604907
vt 0.416539 0.598103
vt 0.237730 0.781706
vt 0.231370 0.776806
vt 0.140003 0.875262
vt 0.135086 0.871197
vt 0.429057 0.610816
vt 0.243885 0.785910
vt 0.144433 0.878947
vt 0.435361 0.616226
vt 0.248807 0.790255
vt 0.147871 0.882339
vt 0.399537 0.578395
vt 0.218152 0.759794
vt 0.123864 0.858733
vt 0.405824 0.584915
vt 0.222666 0.766329
vt 0.127984 0.863540
vt 0.411131 0.591367
vt 0.226466 0.771987
vt 0.131303 0.867564
vt 0.075536 0.945968
vt 0.151357 0.886843
vt 0.253385 0.796336
vt 0.441910 0.622376
vt 0.731238 0.350724
vt 0.876139 0.062676
vn -0.386000 0.032097 0.921940
vn -0.386000 0.032097 0.921940
vn -0.396709 -0.000794 0.917944
vn -0.389561 0.021325 0.920754
vn 0.475901 0.027374 0.879073
vn 0.475901 0.027374 0.879073
vn 0.450079 -0.103694 0.886948
vn 0.459625 -0.060012 0.886083
vn 0.985474 0.028716 0.167382
vn 0.985474 0.028716 0.167382
vn 0.982771 -0.079362 0.166923
vn 0.979652 -0.112230 0.166393
vn 0.744351 0.035651 -0.666836
vn 0.744351 0.035651 -0.666836
vn 0.743771 0.010586 -0.668350
vn 0.741629 -0.033278 -0.669985
vn -0.048719 0.041321 -0.997957
vn -0.048719 0.041321 -0.997957
vn -0.036170 0.069094 -0.996954
vn -0.021622 0.101119 -0.994639
vn -0.812251 0.041778 -0.581810
vn -0.812251 0.041778 -0.581810
vn -0.796433 0.142928 -0.587593
vn -0.794958 0.150220 -0.587772
vn -0.959557 0.037988 0.278940
vn -0.959557 0.037988 0.278940
vn -0.949945 0.124819 0.286400
vn -0.955151 0.086074 0.283333
vn 0.943557 0.289854 0.160266
vn 0.943559 0.289851 0.160257
vn 0.943558 0.289847 0.160271
vn 0.943562 0.289843 0.160254
vn 0.943558 0.289848 0.160272
vn 0.943559 0.289840 0.160276
vn 0.943559 0.289840 0.160280
vn 0.943556 0.289846 0.160283
vn -0.410729 0.002242 0.911755
vn -0.405151 -0.023118 0.913957
vn -0.357115 0.073501 0.931164
vn -0.408922 0.016076 0.912428
vn -0.279047 0.118039 0.952995
vn -0.329891 0.098307 0.938886
vn -0.260754 0.124965 0.957283
vn -0.260754 0.124965 0.957283
vn 0.359498 -0.281803 0.889578
vn 0.394900 -0.252991 0.883204
vn 0.223500 -0.385660 0.895162
vn 0.281739 -0.342195 0.896396
vn 0.112015 -0.436491 0.892709
vn 0.124707 -0.443912 0.887350
vn 0.093559 -0.425538 0.900091
vn 0.093559 -0.425538 0.900091
vn 0.935741 -0.314847 0.158935
vn 0.926331 -0.342282 0.157336
vn 0.837934 -0.526888 0.142322
vn 0.816307 -0.560731 0.138649
vn 0.599608 -0.793787 0.101843
vn 0.595055 -0.797305 0.101070
vn 0.527275 -0.844962 0.089557
vn 0.527275 -0.844962 0.089557
vn 0.733440 -0.096843 -0.672820
vn 0.711700 -0.149500 -0.686391
vn 0.685887 -0.194269 -0.701298
vn 0.604818 -0.291548 -0.741077
vn 0.524301 -0.364463 -0.769594
vn 0.482161 -0.379991 -0.789384
vn 0.441029 -0.393902 -0.806433
vn 0.441029 -0.393902 -0.806433
vn 0.010394 0.153743 -0.988056
vn 0.053217 0.166064 -0.984678
vn 0.084448 0.174920 -0.980954
vn 0.120628 0.185354 -0.975240
vn 0.142173 0.188248 -0.971776
vn 0.136693 0.168249 -0.976221
vn 0.133833 0.157870 -0.978348
vn 0.133833 0.157870 -0.978348
vn -0.732122 0.333736 -0.593817
vn -0.724027 0.347192 -0.596022
vn -0.600965 0.510158 -0.615289
vn -0.575560 0.536748 -0.616954
vn -0.357949 0.703496 -0.613975
vn -0.347499 0.705856 -0.617261
vn -0.291785 0.716814 -0.633276
vn -0.291786 0.716814 -0.633276
vn -0.905102 0.285782 0.314832
vn -0.926285 0.229365 0.298978
vn -0.783365 0.488982 0.383714
vn -0.845653 0.401278 0.351918
vn -0.586989 0.666573 0.459483
vn -0.610589 0.654106 0.446460
vn -0.520592 0.697330 0.492662
vn -0.520592 0.697330 0.492662
s 1
g pCylinder17
usemtl lambert28SG
f 1828/2159/3890 1829/2160/3891 1836/2161/3892 1835/2162/3893
s 2
f 1829/2160/3894 1830/2163/3895 1837/2164/3896 1836/2161/3897
s 3
f 1830/2163/3898 1831/2165/3899 1838/2166/3900 1837/2164/3901
s 4
f 1831/2165/3902 1832/2167/3903 1839/2206/3904 1838/2166/3905
s 5
f 1832/2207/3906 1833/2169/3907 1840/2170/3908 1839/2168/3909
s 6
f 1833/2169/3910 1834/2171/3911 1841/2172/3912 1840/2170/3913
s 7
f 1834/2171/3914 1828/2159/3915 1835/2162/3916 1841/2172/3917
s 8
f 1845/2173/3918 1849/2174/3919 1850/2175/3920
f 1849/2174/3919 1854/2176/3921 1850/2175/3920
f 1854/2176/3921 1858/2177/3922 1850/2175/3920
f 1858/2177/3922 1862/2202/3923 1850/2175/3920
f 1862/2178/3923 1866/2179/3924 1850/2175/3920
f 1866/2179/3924 1870/2180/3925 1850/2175/3920
f 1870/2180/3925 1845/2173/3918 1850/2175/3920
s 1
f 1835/2162/3893 1836/2161/3892 1846/2181/3926 1842/2182/3927
f 1842/2182/3927 1846/2181/3926 1847/2183/3928 1843/2184/3929
f 1843/2184/3929 1847/2183/3928 1848/2185/3930 1844/2186/3931
f 1844/2186/3931 1848/2185/3930 1849/2174/3932 1845/2173/3933
s 2
f 1836/2161/3897 1837/2164/3896 1851/2187/3934 1846/2181/3935
f 1846/2181/3935 1851/2187/3934 1852/2188/3936 1847/2183/3937
f 1847/2183/3937 1852/2188/3936 1853/2189/3938 1848/2185/3939
f 1848/2185/3939 1853/2189/3938 1854/2176/3940 1849/2174/3941
s 3
f 1837/2164/3901 1838/2166/3900 1855/2190/3942 1851/2187/3943
f 1851/2187/3943 1855/2190/3942 1856/2191/3944 1852/2188/3945
f 1852/2188/3945 1856/2191/3944 1857/2192/3946 1853/2189/3947
f 1853/2189/3947 1857/2192/3946 1858/2177/3948 1854/2176/3949
s 4
f 1838/2166/3905 1839/2206/3904 1859/2205/3950 1855/2190/3951
f 1855/2190/3951 1859/2205/3950 1860/2204/3952 1856/2191/3953
f 1856/2191/3953 1860/2204/3952 1861/2203/3954 1857/2192/3955
f 1857/2192/3955 1861/2203/3954 1862/2202/3956 1858/2177/3957
s 5
f 1839/2168/3909 1840/2170/3908 1863/2196/3958 1859/2193/3959
f 1859/2193/3959 1863/2196/3958 1864/2197/3960 1860/2194/3961
f 1860/2194/3961 1864/2197/3960 1865/2198/3962 1861/2195/3963
f 1861/2195/3963 1865/2198/3962 1866/2179/3964 1862/2178/3965
s 6
f 1840/2170/3913 1841/2172/3912 1867/2199/3966 1863/2196/3967
f 1863/2196/3967 1867/2199/3966 1868/2200/3968 1864/2197/3969
f 1864/2197/3969 1868/2200/3968 1869/2201/3970 1865/2198/3971
f 1865/2198/3971 1869/2201/3970 1870/2180/3972 1866/2179/3973
s 7
f 1841/2172/3917 1835/2162/3916 1842/2182/3974 1867/2199/3975
f 1867/2199/3975 1842/2182/3974 1843/2184/3976 1868/2200/3977
f 1868/2200/3977 1843/2184/3976 1844/2186/3978 1869/2201/3979
f 1869/2201/3979 1844/2186/3978 1845/2173/3980 1870/2180/3981
g default
v -2.335538 -0.011122 8.668492
v 1.934417 -0.011122 8.668492
v -2.335538 0.312303 8.668492
v 1.934417 0.312303 8.668492
v -2.335538 0.312303 5.793398
v 1.934417 0.312303 5.793398
v -2.335538 -0.011122 5.793398
v 1.934417 -0.011122 5.793398
vt 0.753653 0.517697
vt 0.167454 0.513082
vt 0.167804 0.468681
vt 0.754002 0.473296
vt 0.170911 0.073975
vt 0.750196 0.956804
vt 0.126510 0.073626
vt 0.750546 0.912403
vt 0.164347 0.907788
vt 0.163998 0.952189
vt 0.757109 0.078590
vt 0.794947 0.912752
vt 0.123403 0.468331
vt 0.798054 0.518046
vn 0.000000 0.000000 1.000000
vn 0.000000 0.000000 1.000000
vn 0.000000 0.000000 1.000000
vn 0.000000 0.000000 1.000000
vn 0.000000 1.000000 0.000000
vn 0.000000 1.000000 0.000000
vn 0.000000 1.000000 0.000000
vn 0.000000 1.000000 0.000000
vn 0.000000 0.000000 -1.000000
vn 0.000000 0.000000 -1.000000
vn 0.000000 0.000000 -1.000000
vn 0.000000 0.000000 -1.000000
vn 0.000000 -1.000000 0.000000
vn 0.000000 -1.000000 0.000000
vn 0.000000 -1.000000 0.000000
vn 0.000000 -1.000000 0.000000
vn 1.000000 0.000000 0.000000
vn 1.000000 0.000000 0.000000
vn 1.000000 0.000000 0.000000
vn 1.000000 0.000000 0.000000
vn -1.000000 0.000000 0.000000
vn -1.000000 0.000000 0.000000
vn -1.000000 0.000000 0.000000
vn -1.000000 0.000000 0.000000
s off
g steps pCube7
usemtl lambert30SG
f 1871/2208/3982 1872/2209/3983 1874/2210/3984 1873/2211/3985
f 1873/2211/3986 1874/2210/3987 1876/2212/3988 1875/2218/3989
f 1875/2213/3990 1876/2217/3991 1878/2216/3992 1877/2215/3993
f 1877/2215/3994 1878/2216/3995 1872/2209/3996 1871/2208/3997
f 1872/2220/3998 1878/2214/3999 1876/2212/4000 1874/2210/4001
f 1877/2215/4002 1871/2208/4003 1873/2221/4004 1875/2219/4005
g default
v 4.288166 -0.011122 21.962060
v 7.105123 -0.011122 18.753125
v 4.288166 0.312303 21.962060
v 7.105123 0.312303 18.753125
v 2.127489 0.312303 20.065315
v 4.944447 0.312303 16.856380
v 2.127489 -0.011122 20.065315
v 4.944447 -0.011122 16.856380
vt 0.753653 0.517697
vt 0.167454 0.513082
vt 0.167804 0.468681
vt 0.754002 0.473296
vt 0.170911 0.073975
vt 0.750196 0.956804
vt 0.126510 0.073626
vt 0.750546 0.912403
vt 0.164347 0.907788
vt 0.163998 0.952189
vt 0.757109 0.078590
vt 0.794947 0.912752
vt 0.123403 0.468331
vt 0.798054 0.518046
vn 0.751515 0.000000 0.659716
vn 0.751515 0.000000 0.659716
vn 0.751515 0.000000 0.659716
vn 0.751515 0.000000 0.659716
vn 0.000000 1.000000 0.000000
vn 0.000000 1.000000 0.000000
vn 0.000000 1.000000 0.000000
vn 0.000000 1.000000 0.000000
vn -0.751515 0.000000 -0.659716
vn -0.751515 0.000000 -0.659716
vn -0.751515 0.000000 -0.659716
vn -0.751515 0.000000 -0.659716
vn 0.000000 -1.000000 0.000000
vn 0.000000 -1.000000 0.000000
vn 0.000000 -1.000000 0.000000
vn 0.000000 -1.000000 0.000000
vn 0.659716 0.000000 -0.751515
vn 0.659716 0.000000 -0.751515
vn 0.659716 0.000000 -0.751515
vn 0.659716 0.000000 -0.751515
vn -0.659716 0.000000 0.751515
vn -0.659716 0.000000 0.751515
vn -0.659716 0.000000 0.751515
vn -0.659716 0.000000 0.751515
s off
g steps pCube14
usemtl lambert30SG
f 1879/2222/4006 1880/2223/4007 1882/2224/4008 1881/2225/4009
f 1881/2225/4010 1882/2224/4011 1884/2226/4012 1883/2232/4013
f 1883/2227/4014 1884/2231/4015 1886/2230/4016 1885/2229/4017
f 1885/2229/4018 1886/2230/4019 1880/2223/4020 1879/2222/4021
f 1880/2234/4022 1886/2228/4023 1884/2226/4024 1882/2224/4025
f 1885/2229/4026 1879/2222/4027 1881/2235/4028 1883/2233/4029
g default
v -35.933387 28.711976 24.348826
v 35.779800 28.711976 24.348826
v -35.933387 -18.898453 24.348826
v 35.779800 -18.898453 24.348826
vt 0.967176 0.798013
vt 0.041770 0.799686
vt 0.040659 0.185308
vt 0.966065 0.183635
vn 0.000000 0.000000 -1.000000
vn 0.000000 0.000000 -1.000000
vn 0.000000 0.000000 -1.000000
vn 0.000000 0.000000 -1.000000
s off
g pPlane3
usemtl lambert31SG
f 1887/2236/4030 1888/2237/4031 1890/2238/4032 1889/2239/4033
g default
v 14.390948 -0.082411 14.986533
v 13.354213 0.045166 14.672856
v 11.905003 -0.369067 17.181914
v 12.623779 -0.169846 18.457712
v 14.836494 -0.169846 18.457712
v 15.430049 -0.411072 15.889986
v 14.905424 1.871501 15.178116
v 12.833565 1.889922 15.421453
v 11.724487 1.143500 16.875401
v 12.869556 1.830154 18.357006
v 14.725414 1.830154 18.357006
v 15.836833 1.279275 16.801480
v 16.873203 10.731207 15.038280
v 14.910713 17.547486 12.507672
v 10.170349 23.211730 10.487768
v 15.841667 10.610152 14.654019
v 14.524967 17.454053 12.557385
v 10.090900 23.156917 10.513909
v 10.133076 23.218663 10.580304
v 15.955284 11.513336 15.748063
v 14.337169 17.553474 12.896277
v 10.053627 23.163852 10.606444
v 16.300670 11.479773 16.355997
v 14.535118 17.746326 13.185457
v 10.095806 23.225600 10.672838
v 16.974754 11.291300 16.365631
v 14.920864 17.839759 13.135743
v 10.175255 23.280416 10.646696
v 17.303448 11.136391 15.767333
v 15.108658 17.740337 12.796851
v 10.212524 23.273479 10.554161
v 15.711349 15.363743 14.476303
v 15.271148 15.381223 14.372276
v 14.934162 15.106134 14.349917
v 15.212326 15.072106 13.570391
v 15.710743 15.055383 13.543869
v 15.972797 15.204121 13.981163
v 15.677212 14.595694 14.866929
v 15.346344 13.999038 15.280342
v 14.971763 14.132392 14.718094
v 15.401306 14.417216 13.848906
v 15.930702 14.370206 13.828760
v 16.202099 14.450256 14.276742
v 15.483444 15.826744 14.206700
v 15.117721 15.871781 13.991986
v 14.821205 15.746658 13.749345
v 15.051147 15.630639 13.332856
v 15.523147 15.639746 13.300895
v 15.744892 15.667122 13.711561
v 14.199871 18.758340 12.334685
v 13.888550 19.091643 12.523238
v 13.538257 18.976712 12.621242
v 13.375290 18.813300 12.382089
v 13.529285 18.734645 12.098517
v 13.874367 18.890193 12.064040
v 13.310745 19.015720 11.997801
v 13.682304 19.090831 11.981951
v 13.593365 19.291875 12.170506
v 13.696487 19.292281 12.441149
v 13.319462 19.246766 12.497403
v 13.164169 19.089814 12.269231
v 12.438621 20.152970 11.832091
v 12.368355 20.163993 11.609340
v 12.683414 20.208879 11.558603
v 12.808166 20.340129 11.743104
v 12.691101 20.396098 11.966243
v 12.381367 20.323638 11.981326
v 12.487617 20.629382 11.859518
v 12.253849 20.505328 11.907812
v 12.183582 20.516351 11.685061
v 12.240837 20.345683 11.535825
v 12.480156 20.451751 11.471994
v 12.598232 20.577378 11.646941
v 12.320976 16.343296 16.843422
v 9.385086 16.634106 16.815045
v 7.475426 15.471357 16.673668
v 12.157623 16.103455 16.749821
v 9.368713 16.478031 16.739353
v 7.495720 15.437963 16.654425
v 12.318870 16.607580 16.652096
v 9.396095 16.782108 16.702195
v 7.456054 15.503257 16.645748
v 12.153412 16.632023 16.367174
v 9.390724 16.774033 16.513651
v 7.456962 15.501758 16.598584
v 11.992164 16.127897 16.464901
v 9.363342 16.469956 16.550812
v 7.496628 15.436462 16.607258
v 11.990059 16.392182 16.273575
v 9.374347 16.617958 16.437960
v 7.477253 15.468360 16.579338
v 15.543247 15.628303 14.444048
v 15.912990 15.402562 13.743815
v 15.889274 15.188041 14.284570
v 15.566967 15.842823 13.903293
v 18.009949 20.755361 16.935397
v 19.826584 21.924335 18.234024
v 22.145881 20.359351 21.598698
v 17.811523 20.787984 17.026026
v 19.740257 21.975768 18.310103
v 22.125625 20.372275 21.619084
v 18.105720 20.812249 16.745018
v 19.883476 21.959460 18.127175
v 22.172546 20.368760 21.584790
v 18.042736 20.925321 16.566414
v 19.877594 22.060569 18.052147
v 22.189987 20.394996 21.585488
v 17.857887 21.028340 16.504208
v 19.812393 22.168429 18.052893
v 22.187996 20.422681 21.600396
v 17.659458 21.060964 16.594837
v 19.726059 22.219865 18.128971
v 22.167732 20.435609 21.620777
v 17.563686 21.004075 16.785214
v 19.669174 22.184737 18.235819
v 22.141075 20.426198 21.634690
v 17.626671 20.891008 16.963818
v 19.675056 22.083634 18.310847
v 22.123634 20.399963 21.633995
v 15.328888 21.286288 11.525271
v 15.977451 22.931510 10.760500
v 16.838821 24.174701 9.188047
v 18.922451 24.218398 6.985364
v 15.224952 21.401610 11.687384
v 15.905128 23.016162 10.874419
v 16.811851 24.252750 9.233228
v 18.923801 24.247285 6.986959
v 14.936851 21.488155 11.441109
v 15.681160 23.039382 10.714976
v 16.671577 24.252376 9.150144
v 18.887993 24.250886 6.952010
v 15.028938 21.502544 11.645302
v 15.756985 23.070098 10.851656
v 16.728233 24.291587 9.214277
v 18.906574 24.263530 6.970281
v 15.236805 21.271903 11.321076
v 15.901634 22.900796 10.623816
v 16.782173 24.135491 9.123910
v 18.903873 24.205754 6.967092
v 15.040787 21.372836 11.278995
v 15.753486 22.954734 10.601054
v 16.698547 24.174331 9.104959
v 18.886646 24.221999 6.950414
v 9.326690 19.837482 12.350416
v 8.419170 20.818149 14.109628
v 9.302662 19.848498 12.224554
v 8.399765 20.823203 14.097596
v 9.279007 20.068711 12.248344
v 8.415371 20.859204 14.087556
v 9.278824 19.964112 12.173518
v 8.397869 20.843730 14.086561
v 9.326866 19.942081 12.425241
v 8.436668 20.833627 14.110635
v 9.303032 20.057695 12.374206
v 8.434768 20.854152 14.099592
v 13.696636 15.368668 15.830266
v 13.430244 15.441648 15.558093
v 13.411007 15.771480 15.345136
v 13.658165 16.028334 15.404352
v 13.956226 16.007252 15.601966
v 13.943790 15.625522 15.889483
v 12.993313 15.650152 15.833610
v 12.979278 15.960069 15.627225
v 13.200973 16.211754 15.696886
v 13.458748 16.189652 15.921028
v 13.450729 15.843604 16.179320
v 13.229034 15.591919 16.109656
v 16.085727 12.038610 14.880828
v 16.799503 12.103701 14.840653
v 16.976951 12.118796 15.325444
v 16.591907 12.348101 15.921337
v 16.017757 12.399149 15.907931
v 15.663715 12.459821 15.403586
v 16.984180 11.774093 14.931146
v 15.974750 11.682042 14.987962
v 16.179783 10.208557 14.956871
v 16.427357 12.213267 14.819811
v 17.910770 13.785485 11.602416
v 18.490333 13.737346 10.779918
v 19.203857 13.454746 10.353614
v 20.053058 14.158543 9.598064
v 20.025921 17.334499 8.227296
v 17.658665 13.674756 11.442190
v 18.300186 13.654907 10.642547
v 19.102096 13.385731 10.223926
v 20.010872 14.118900 9.505966
v 20.010948 17.320548 8.194272
v 17.355991 13.767481 11.406461
v 18.122238 13.762377 10.506139
v 19.041302 13.444205 10.066375
v 19.931167 14.149380 9.438501
v 19.975014 17.315032 8.180576
v 17.180034 14.009341 11.516161
v 18.060726 13.996803 10.450599
v 19.057091 13.595919 9.973251
v 19.860637 14.232132 9.435190
v 19.939167 17.321189 8.194228
v 17.233883 14.258658 11.707027
v 18.151684 14.220858 10.508462
v 19.140205 13.751995 9.999105
v 19.840591 14.318672 9.497970
v 19.924404 17.335399 8.227235
v 17.485988 14.369385 11.867257
v 18.341835 14.303297 10.645837
v 19.241974 13.821013 10.128797
v 19.882782 14.358318 9.590070
v 19.939377 17.349349 8.260259
v 17.788666 14.276662 11.902984
v 18.519787 14.195828 10.782244
v 19.302769 13.762535 10.286347
v 19.962486 14.327839 9.657533
v 19.975311 17.354865 8.273956
v 17.964618 14.034802 11.793284
v 18.581295 13.961401 10.837783
v 19.286979 13.610823 10.379470
v 20.033016 14.245087 9.660844
v 20.011162 17.348712 8.260303
v 12.303741 1.931306 16.380123
v 13.236472 1.161701 14.938570
v 11.531994 0.119737 16.534331
v 11.547404 0.064473 13.792226
v 10.305363 -0.112503 13.574131
v 8.573505 -0.304401 15.030968
v 7.313717 -0.042103 16.802292
v 5.843159 0.172635 16.184792
v 4.761916 0.058056 14.152903
v 4.753917 -0.108778 11.747280
v 10.878564 -0.268915 14.387111
v 10.217552 -0.319169 14.356816
v 9.049789 -0.350337 15.504692
v 7.735618 -0.076475 17.125195
v 5.720394 0.178348 16.556471
v 4.541052 0.055831 14.271159
v 4.644583 -0.116421 11.745804
v 10.265964 0.223053 14.930318
v 9.976734 0.145445 14.980641
v 9.327715 0.142471 15.869755
v 8.035883 0.316650 17.322029
v 5.659279 0.487585 16.788607
v 4.391943 0.249196 14.327262
v 4.570635 -0.036397 11.733862
v 10.170902 1.169912 15.012798
v 9.764246 0.931474 14.975853
v 9.197996 0.802927 15.851260
v 7.988405 0.841241 17.244576
v 5.705835 0.867483 16.706398
v 4.426870 0.492543 14.278963
v 4.587757 0.071035 11.720450
v 10.664964 1.858661 14.572444
v 9.740097 1.447024 14.346057
v 8.758312 1.133695 15.463130
v 7.628934 1.102271 16.951157
v 5.825004 1.031972 16.371746
v 4.619534 0.602627 14.162630
v 4.683059 0.124975 11.715660
v 11.376113 1.770657 13.940851
v 9.922474 1.303874 13.565502
v 8.339758 0.885701 14.997635
v 7.228162 0.903178 16.662720
v 5.927053 0.857188 16.036652
v 4.824857 0.496553 14.065870
v 4.784774 0.084807 11.723109
v 11.768833 0.972167 13.593620
v 10.174038 0.609819 13.221964
v 8.257511 0.245687 14.805309
v 7.087877 0.393884 16.596472
v 5.935131 0.474747 15.953452
v 4.888220 0.254196 14.061541
v 4.816307 -0.019223 11.737181
v 15.420407 2.025417 16.125700
v 14.562058 0.933430 14.725507
v 15.841123 0.194935 16.696577
v 16.244251 -0.535282 12.424312
v 17.623476 -0.396761 11.953184
v 19.779156 -0.391760 13.559044
v 21.673395 -0.317894 14.381782
v 22.929226 -0.122269 13.872898
v 15.429848 -0.249326 12.194108
v 17.408417 -0.229550 11.311383
v 20.075651 -0.307618 13.163897
v 21.803789 -0.262299 14.111682
v 22.890980 -0.098442 13.773712
v 15.155555 0.587153 12.042192
v 17.347748 0.402894 11.024237
v 20.246446 0.129820 12.988949
v 21.881492 0.006263 13.989687
v 22.875143 -0.000486 13.728747
v 15.627917 1.344270 12.082955
v 17.487158 1.024327 11.307970
v 20.162933 0.591154 13.165942
v 21.847999 0.285559 14.107662
v 22.893646 0.097836 13.771859
v 16.491237 1.451901 12.285705
v 17.721664 1.166798 11.948929
v 19.887996 0.728990 13.561594
v 21.728527 0.365274 14.376767
v 22.932554 0.122486 13.870583
v 17.095421 0.828997 12.497767
v 17.874683 0.723023 12.464459
v 19.628670 0.439535 13.877974
v 21.613045 0.185381 14.594364
v 22.962570 0.054901 13.950579
v 16.985500 -0.055382 12.559452
v 17.830984 0.027174 12.466353
v 19.580231 -0.059246 13.876839
v 21.588507 -0.118658 14.596596
v 22.961088 -0.054025 13.951611
vt 0.389395 0.641394
vt 0.655766 0.044419
vt 0.394795 0.296435
vt 0.225840 0.421229
vt 0.373713 0.725715
vt 0.376729 0.683063
vt 0.052923 0.025659
vt 0.052104 0.028414
vt 0.050251 0.030573
vt 0.047881 0.032247
vt 0.045119 0.032923
vt 0.043313 0.029982
vt 0.050251 0.023162
vt 0.302883 0.372051
vt 0.396664 0.142425
vt 0.434814 0.204937
vt 0.273404 0.377952
vt 0.284369 0.350857
vt 0.476719 0.110563
vt 0.499367 0.181969
vt 0.565388 0.064189
vt 0.419143 0.558318
vt 0.377573 0.798289
vt 0.040167 0.605737
vt 0.041901 0.607910
vt 0.042038 0.610283
vt 0.041278 0.612588
vt 0.039280 0.614321
vt 0.035551 0.613582
vt 0.035920 0.605701
vt 0.962425 0.977577
vt 0.965615 0.976506
vt 0.963883 0.980919
vt 0.969032 0.976124
vt 0.972624 0.976823
vt 0.956901 0.981512
vt 0.959466 0.979222
vt 0.470423 0.396162
vt 0.477254 0.371168
vt 0.446459 0.350035
vt 0.095234 0.522475
vt 0.096265 0.523629
vt 0.097352 0.524769
vt 0.098199 0.526052
vt 0.098571 0.527470
vt 0.098189 0.528798
vt 0.097818 0.530115
vt 0.094587 0.520886
vt 0.845519 0.723063
vt 0.859388 0.719939
vt 0.884316 0.778379
vt 0.822460 0.049972
vt 0.253857 0.404335
vt 0.650398 0.530405
vt 0.809528 0.506653
vt 0.454880 0.457815
vt 0.465056 0.445016
vt 0.873589 0.715901
vt 0.896379 0.775918
vt 0.668329 0.511787
vt 0.686961 0.546108
vt 0.809876 0.746029
vt 0.842909 0.800372
vt 0.687059 0.495073
vt 0.703102 0.530957
vt 0.820443 0.736411
vt 0.892013 0.042644
vt 0.708948 0.483694
vt 0.729052 0.515435
vt 0.832315 0.728419
vt 0.921834 0.035114
vt 0.382736 0.761922
vt 0.403315 0.337002
vt 0.450296 0.490659
vt 0.471374 0.639142
vt 0.432936 0.907614
vt 0.425749 0.894911
vt 0.423279 0.880405
vt 0.767355 0.677934
vt 0.489153 0.628325
vt 0.846748 0.641947
vt 0.820756 0.626788
vt 0.829740 0.648469
vt 0.802102 0.628774
vt 0.811995 0.651548
vt 0.444187 0.934095
vt 0.434130 0.853433
vt 0.441553 0.948465
vt 0.014229 0.904510
vt 0.012971 0.904309
vt 0.011862 0.903645
vt 0.011421 0.903017
vt 0.016651 0.901900
vt 0.017753 0.902917
vt 0.016738 0.903574
vt 0.015498 0.904132
vt 0.815005 0.870450
vt 0.813611 0.869030
vt 0.814004 0.867039
vt 0.814953 0.865151
vt 0.818008 0.864420
vt 0.816029 0.863603
vt 0.810654 0.601074
vt 0.835680 0.572842
vt 0.790954 0.601776
vt 0.771024 0.603600
vt 0.743400 0.618121
vt 0.440614 0.919974
vt 0.426861 0.866105
vt 0.930824 0.638708
vt 0.931268 0.640421
vt 0.927454 0.638326
vt 0.929175 0.638260
vt 0.875712 0.050492
vt 0.850291 0.812042
vt 0.901149 0.788742
vt 0.889539 0.791239
vt 0.840213 0.052800
vt 0.925526 0.640329
vt 0.925764 0.638578
vt 0.461998 0.888340
vt 0.901757 0.842807
vt 0.858095 0.054470
vt 0.892637 0.846074
vt 0.884897 0.851860
vt 0.471981 0.850685
vt 0.463066 0.868496
vt 0.870227 0.951191
vt 0.871466 0.949797
vt 0.869742 0.954885
vt 0.869652 0.953012
vt 0.467175 0.907708
vt 0.906916 0.853909
vt 0.898087 0.856875
vt 0.890736 0.862594
vt 0.467922 0.946791
vt 0.873332 0.949417
vt 0.871605 0.955376
vt 0.470942 0.927478
vt 0.545036 0.755270
vt 0.518358 0.743685
vt 0.714372 0.608358
vt 0.522726 0.726186
vt 0.549066 0.739181
vt 0.605505 0.766888
vt 0.603519 0.780383
vt 0.725425 0.828007
vt 0.724473 0.835860
vt 0.534103 0.705196
vt 0.558641 0.720634
vt 0.612861 0.753790
vt 0.727595 0.819610
vt 0.548878 0.695797
vt 0.571724 0.710029
vt 0.623935 0.744072
vt 0.732264 0.812014
vt 0.542976 0.773142
vt 0.519606 0.762347
vt 0.644074 0.722824
vt 0.745370 0.801925
vt 0.562126 0.684151
vt 0.583817 0.698718
vt 0.634991 0.735414
vt 0.738471 0.807179
vt 0.135116 0.917784
vt 0.136626 0.907669
vt 0.018352 0.916057
vt 0.019431 0.910397
vt 0.134901 0.928172
vt 0.017646 0.921320
vt 0.135851 0.938324
vt 0.017830 0.925910
vt 0.136555 0.867878
vt 0.017215 0.890625
vt 0.138986 0.877662
vt 0.019872 0.895798
vt 0.139614 0.887881
vt 0.020657 0.901185
vt 0.138679 0.897927
vt 0.020226 0.905463
vt 0.923504 0.213884
vt 0.909510 0.214606
vt 0.926037 0.332945
vt 0.916610 0.331020
vt 0.930476 0.468266
vt 0.925180 0.466378
vt 0.895689 0.216747
vt 0.881937 0.219513
vt 0.906787 0.331268
vt 0.897482 0.333914
vt 0.919688 0.465011
vt 0.913880 0.465728
vt 0.854270 0.223738
vt 0.878978 0.340138
vt 0.903778 0.471100
vt 0.868077 0.221897
vt 0.888567 0.337618
vt 0.908879 0.468422
vt 0.718538 0.915142
vt 0.713118 0.923346
vt 0.712014 0.933784
vt 0.716665 0.942247
vt 0.725704 0.908802
vt 0.720805 0.951451
vt 0.448131 0.473314
vt 0.263882 0.459084
vt 0.256138 0.446850
vt 0.219323 0.483203
vt 0.212751 0.474728
vt 0.184941 0.503799
vt 0.179889 0.498131
vt 0.143862 0.533578
vt 0.141685 0.529240
vt 0.271725 0.470900
vt 0.225662 0.490887
vt 0.187288 0.511171
vt 0.144851 0.537584
vt 0.278509 0.482633
vt 0.230720 0.499619
vt 0.186801 0.518662
vt 0.144855 0.540993
vt 0.284116 0.495054
vt 0.234080 0.509802
vt 0.186385 0.526646
vt 0.144493 0.545180
vt 0.286901 0.508370
vt 0.235471 0.520638
vt 0.188272 0.535217
vt 0.143898 0.550163
vt 0.287967 0.521641
vt 0.235830 0.531078
vt 0.192411 0.542444
vt 0.143685 0.554889
vt 0.250245 0.434067
vt 0.207539 0.465350
vt 0.173521 0.494920
vt 0.138720 0.525611
vt 0.284096 0.279806
vt 0.319042 0.271998
vt 0.269056 0.264356
vt 0.291338 0.249831
vt 0.226843 0.238660
vt 0.237367 0.219430
vt 0.183891 0.197684
vt 0.181577 0.180947
vt 0.146877 0.147008
vt 0.151208 0.135591
vt 0.099705 0.083506
vt 0.103318 0.075958
vt 0.246789 0.289510
vt 0.239907 0.278213
vt 0.211318 0.253571
vt 0.176092 0.210452
vt 0.139291 0.156606
vt 0.094282 0.089890
vt 0.214851 0.315123
vt 0.206555 0.298286
vt 0.191313 0.264341
vt 0.163013 0.217721
vt 0.128606 0.163850
vt 0.086944 0.094213
vt 0.199407 0.345544
vt 0.180361 0.318569
vt 0.170629 0.271414
vt 0.148530 0.216572
vt 0.116946 0.166440
vt 0.078777 0.096019
vt 0.182017 0.373855
vt 0.160747 0.336331
vt 0.148845 0.275249
vt 0.132893 0.209618
vt 0.104843 0.165391
vt 0.070352 0.096365
vt 0.346973 0.255073
vt 0.307688 0.227496
vt 0.245537 0.197933
vt 0.186581 0.163826
vt 0.157957 0.124158
vt 0.107133 0.068320
vt 0.298573 0.634887
vt 0.286293 0.610894
vt 0.242263 0.627356
vt 0.235341 0.609624
vt 0.144319 0.609245
vt 0.148803 0.592353
vt 0.075105 0.603335
vt 0.078242 0.593482
vt 0.296527 0.660098
vt 0.240589 0.649288
vt 0.139535 0.626518
vt 0.072515 0.614230
vt 0.285861 0.682846
vt 0.234260 0.670445
vt 0.136958 0.644274
vt 0.070971 0.625407
vt 0.263582 0.698703
vt 0.221386 0.684124
vt 0.134512 0.661592
vt 0.070889 0.635734
vt 0.237805 0.715668
vt 0.206129 0.699030
vt 0.130205 0.678040
vt 0.068443 0.645698
vt 0.267690 0.587208
vt 0.227473 0.589465
vt 0.151346 0.575413
vt 0.078667 0.583049
vt 0.330442 0.196838
vt 0.759434 0.046938
vt 0.677705 0.081459
vt 0.708037 0.101016
vt 0.746815 0.086388
vt 0.345077 0.166199
vt 0.363389 0.317306
vt 0.554817 0.103386
vt 0.563609 0.143658
vt 0.629358 0.097866
vt 0.638340 0.137884
vt 0.602429 0.157770
vt 0.401234 0.590902
vt 0.618025 0.059857
vt 0.765291 0.512997
vt 0.750042 0.512066
vt 0.744918 0.433825
vt 0.765023 0.441914
vt 0.779632 0.485256
vt 0.778567 0.502577
vt 0.740249 0.500765
vt 0.732544 0.462129
vt 0.416417 0.712565
vt 0.512546 0.584429
vt 0.846182 0.609385
vt 0.426214 0.676193
vt 0.450403 0.643438
vt 0.756678 0.656390
vt 0.786452 0.661681
vt 0.774620 0.663441
vt 0.771090 0.633803
vt 0.763476 0.642808
vt 0.765465 0.641919
vt 0.790604 0.641201
vt 0.794211 0.652342
vt 0.770138 0.652696
vt 0.782708 0.632767
vt 0.869269 0.800401
vt 0.858200 0.799918
vt 0.875236 0.791071
vt 0.870515 0.781419
vt 0.856670 0.772720
vt 0.853053 0.790515
vt 0.925662 0.853252
vt 0.916893 0.851605
vt 0.931320 0.846624
vt 0.877918 0.861524
vt 0.869185 0.861857
vt 0.913825 0.843282
vt 0.674324 0.564762
vt 0.702364 0.630646
vt 0.882809 0.868958
vt 0.955047 0.984556
vt 0.841107 0.819609
vt 0.919127 0.836309
vt 0.833436 0.808271
vt 0.756206 0.688213
vt 0.797972 0.754720
vt 0.740637 0.659041
vt 0.810925 0.469027
vt 0.362326 0.222545
vt 0.062213 0.098058
vt 0.091920 0.167348
vt 0.114972 0.210949
vt 0.126548 0.278181
vt 0.135998 0.348940
vt 0.158316 0.394694
vt 0.201599 0.441930
vt 0.039802 0.030989
vt 0.728988 0.898624
vt 0.483604 0.834889
vt 0.873891 0.947542
vt 0.594287 0.684493
vt 0.602992 0.795386
vt 0.572960 0.668732
vt 0.814235 0.872570
vt 0.721371 0.844285
vt 0.417357 0.744973
vt 0.933067 0.640453
vt 0.936309 0.468546
vt 0.935636 0.334732
vt 0.937378 0.215404
vt 0.949200 0.038967
vt 0.010086 0.903680
vt 0.016507 0.931071
vt 0.137306 0.948203
vt 0.434028 0.960980
vt 0.144470 0.558971
vt 0.198107 0.547186
vt 0.235537 0.541356
vt 0.288588 0.534658
vt 0.461387 0.503345
vt 0.096595 0.529458
vt 0.062558 0.654348
vt 0.123909 0.693755
vt 0.197601 0.721555
vt 0.222936 0.742310
vt 0.351961 0.825300
vt 0.032867 0.616250
vn -0.028084 0.282791 -0.958770
vn -0.028084 0.282791 -0.958770
vn -0.028084 0.282791 -0.958770
vn 0.030751 -0.006929 -0.999503
vn 0.032057 -0.013509 -0.999395
vn -0.028084 0.282791 -0.958770
vn 0.022295 -0.127372 -0.991605
vn 0.022295 -0.127372 -0.991605
vn 0.022295 -0.127372 -0.991605
vn 0.022295 -0.127372 -0.991605
vn 0.022295 -0.127372 -0.991605
vn 0.022295 -0.127372 -0.991604
vn 0.022295 -0.127372 -0.991604
vn -0.842019 0.067171 0.535249
vn -0.842019 0.067171 0.535249
vn -0.815176 0.339385 0.469367
vn -0.828451 0.236193 0.507821
vn -0.818498 0.001338 0.574507
vn 0.000000 0.050289 0.998735
vn 0.000000 0.050289 0.998735
vn 0.008737 0.167501 0.985833
vn 0.007829 0.155346 0.987829
vn 0.853814 -0.177646 0.489329
vn 0.853814 -0.177646 0.489329
vn 0.910879 -0.122657 0.394024
vn 0.859378 -0.091528 0.503083
vn 0.826856 -0.089421 0.555259
vn 0.931600 -0.016099 -0.363128
vn 0.931600 -0.016099 -0.363128
vn 0.931600 -0.016099 -0.363128
vn 0.931600 -0.016099 -0.363128
vn 0.931600 -0.016099 -0.363128
vn 0.931600 -0.016099 -0.363128
vn 0.931600 -0.016099 -0.363128
vn -0.606627 0.736407 -0.299514
vn -0.606612 0.736415 -0.299524
vn -0.606619 0.736406 -0.299533
vn -0.606600 0.736418 -0.299541
vn -0.606612 0.736405 -0.299549
vn -0.606630 0.736392 -0.299544
vn -0.606633 0.736398 -0.299526
vn 0.041081 -0.059163 -0.997403
vn 0.041081 -0.059163 -0.997403
vn 0.041081 -0.059163 -0.997403
vn 0.008410 0.919778 -0.392349
vn 0.008410 0.919778 -0.392349
vn 0.008410 0.919778 -0.392349
vn 0.008410 0.919778 -0.392349
vn 0.008410 0.919778 -0.392349
vn 0.008410 0.919778 -0.392349
vn 0.008410 0.919778 -0.392349
vn 0.008410 0.919778 -0.392349
vn -0.025408 -0.372356 -0.927742
vn -0.020596 -0.363840 -0.931234
vn 0.008554 -0.324581 -0.945819
vn 0.024011 -0.323947 -0.945770
vn -0.884322 0.298078 -0.359340
vn -0.884321 0.298078 -0.359340
vn -0.884321 0.298078 -0.359340
vn -0.884321 0.298078 -0.359340
vn -0.884321 0.298078 -0.359340
vn -0.953184 0.058381 -0.296703
vn -0.987242 -0.060372 -0.147337
vn -0.845059 -0.374735 -0.381378
vn -0.894535 -0.302381 -0.329201
vn -0.961771 0.037663 -0.271254
vn -0.814938 -0.489835 -0.309739
vn -0.807711 -0.507219 -0.300551
vn -0.731333 -0.646616 -0.216887
vn -0.731366 -0.646608 -0.216800
vn -0.808143 0.369405 0.458743
vn -0.810985 0.359408 0.461658
vn -0.840813 -0.074529 0.536171
vn -0.834208 -0.107282 0.540914
vn -0.741526 -0.076755 0.666519
vn -0.743627 -0.059880 0.665908
vn -0.702417 -0.266729 0.659898
vn -0.702394 -0.266693 0.659938
vn 0.012927 0.208366 0.977965
vn 0.014603 0.215510 0.976393
vn 0.097648 0.435344 0.894953
vn 0.112464 0.438151 0.891838
vn -0.091016 0.418146 0.903809
vn -0.122154 0.407548 0.904977
vn 0.021698 0.418624 0.907900
vn 0.055387 0.459922 0.886230
vn 0.818878 -0.068261 0.569895
vn 0.818878 -0.068261 0.569895
vn 0.825975 0.440290 0.352007
vn 0.825975 0.440290 0.352007
vn 0.783921 0.468160 0.407793
vn 0.779883 0.470559 0.412744
vn 0.818586 0.509852 0.264515
vn 0.823644 0.496659 0.273753
vn 0.723191 0.678784 0.127462
vn 0.723191 0.678784 0.127462
vn 0.841755 -0.194952 -0.503430
vn 0.841755 -0.194952 -0.503430
vn 0.841755 -0.194952 -0.503430
vn 0.846183 -0.186873 -0.499052
vn 0.851716 -0.176513 -0.493379
vn 0.933941 0.048666 -0.354099
vn 0.903122 0.101049 -0.417325
vn 0.915157 0.082051 -0.394658
vn 0.805991 0.128288 -0.577858
vn 0.799327 0.139506 -0.584477
vn 0.679313 0.303332 -0.668224
vn 0.679313 0.303332 -0.668224
vn -0.433869 0.376400 0.818585
vn -0.433869 0.376400 0.818585
vn -0.433869 0.376400 0.818585
vn -0.301054 0.374765 0.876880
vn -0.244728 0.371816 0.895467
vn -0.572901 0.455801 0.681198
vn -0.572901 0.455801 0.681198
vn -0.707883 0.204455 0.676092
vn -0.724890 0.160683 0.669862
vn -0.863273 -0.344860 -0.368553
vn -0.720304 -0.362396 -0.591465
vn -0.850493 -0.402335 -0.338806
vn -0.850057 -0.401439 -0.340955
vn -0.063523 -0.403199 -0.912905
vn -0.062051 -0.402856 -0.913158
vn -0.043505 -0.398457 -0.916155
vn -0.045562 -0.398952 -0.915839
vn 0.896346 -0.098448 -0.432288
vn 0.834183 0.041245 -0.549944
vn 0.846045 0.040073 -0.531603
vn 0.613250 0.185083 -0.767899
vn 0.809241 -0.006177 -0.587445
vn 0.529339 -0.372343 0.762339
vn 0.529340 -0.372343 0.762339
vn 0.529339 -0.372343 0.762339
vn 0.529340 -0.372343 0.762339
vn 0.529340 -0.372343 0.762339
vn 0.529339 -0.372343 0.762338
vn 0.529339 -0.372344 0.762339
vn 0.529339 -0.372343 0.762339
vn -0.854658 -0.519192 -0.000008
vn -0.854655 -0.519196 -0.000044
vn -0.854655 -0.519196 -0.000044
vn -0.854658 -0.519191 -0.000003
vn -0.854661 -0.519187 0.000033
vn -0.854661 -0.519187 0.000033
vn -0.819938 -0.380909 -0.427328
vn -0.747958 -0.411869 -0.520503
vn -0.042077 -0.415829 -0.908469
vn -0.045957 -0.413951 -0.909138
vn 0.883337 0.108790 -0.455939
vn 0.877112 0.097682 -0.470248
vn 0.702882 0.437923 0.560518
vn 0.772899 0.448408 0.448951
vn 0.804087 0.310659 0.506888
vn 0.804087 0.310659 0.506888
vn 0.642791 0.400351 0.653100
vn 0.851193 0.405741 0.332932
vn 0.851193 0.405741 0.332932
vn 0.851193 0.405741 0.332932
vn 0.698749 0.006775 -0.715335
vn 0.698821 0.006834 -0.715264
vn 0.698821 0.006834 -0.715264
vn 0.698749 0.006775 -0.715335
vn -0.000855 0.384878 0.922967
vn 0.027741 0.432388 0.901261
vn -0.753659 -0.339478 0.562809
vn -0.758269 -0.346765 0.552070
vn -0.779787 -0.620915 -0.079986
vn -0.774724 -0.624816 -0.096992
vn -0.019932 -0.354391 -0.934885
vn 0.030227 -0.332257 -0.942704
vn 0.698892 0.006893 -0.715194
vn 0.698892 0.006893 -0.715194
vn -0.084642 -0.403719 -0.910959
vn -0.031886 -0.361926 -0.931661
vn 0.791539 0.549816 -0.266774
vn 0.763232 0.444356 -0.469068
vn 0.746813 0.419392 -0.516120
vn 0.788845 0.553823 -0.266466
vn 0.777888 0.626446 -0.049561
vn 0.764138 0.645042 0.003704
vn 0.016108 0.424437 0.905315
vn 0.042338 0.418753 0.907113
vn -0.771066 -0.367938 0.519692
vn -0.771065 -0.367938 0.519692
vn -0.789671 -0.611963 -0.043828
vn -0.789671 -0.611963 -0.043828
vn -0.403793 0.403960 0.820833
vn -0.404011 0.403932 0.820740
vn -0.404011 0.403932 0.820740
vn -0.403793 0.403960 0.820833
vn -0.096975 -0.410729 -0.906586
vn -0.067510 -0.386984 -0.919612
vn 0.662982 0.311397 -0.680798
vn 0.663095 0.311565 -0.680612
vn 0.691815 0.693925 0.199653
vn 0.691652 0.693965 0.200077
vn -0.015860 0.401744 0.915615
vn 0.027188 0.410497 0.911456
vn -0.404229 0.403903 0.820647
vn -0.404229 0.403903 0.820647
vn -0.014005 0.404970 0.914223
vn -0.014005 0.404970 0.914223
vn -0.807496 -0.531370 0.256116
vn -0.793976 -0.465945 0.390509
vn -0.793976 -0.465945 0.390509
vn -0.807506 -0.531497 0.255823
vn -0.802810 -0.584889 0.115767
vn -0.802810 -0.584889 0.115767
vn -0.065923 -0.384354 -0.920829
vn -0.065923 -0.384354 -0.920829
vn 0.662640 0.310888 -0.681363
vn 0.662640 0.310888 -0.681364
vn 0.691300 0.694050 0.200993
vn 0.691300 0.694051 0.200993
vn 0.406841 -0.135059 0.903460
vn 0.406841 -0.135059 0.903460
vn 0.406841 -0.135059 0.903460
vn 0.406841 -0.135059 0.903460
vn 0.406841 -0.135059 0.903460
vn 0.406841 -0.135059 0.903460
vn 0.322241 -0.186898 0.928025
vn 0.271415 -0.216192 0.937867
vn -0.008775 -0.385465 0.922681
vn 0.025816 -0.395009 0.918315
vn 0.201109 -0.435486 0.877444
vn 0.201109 -0.435486 0.877444
vn 0.604797 0.416216 0.678959
vn 0.604797 0.416216 0.678959
vn 0.604797 0.416216 0.678959
vn 0.604797 0.416216 0.678959
vn 0.604797 0.416216 0.678959
vn 0.604797 0.416216 0.678959
vn 0.050022 0.592243 0.804205
vn 0.050022 0.592243 0.804205
vn -0.029526 0.594576 0.803497
vn -0.078885 0.594129 0.800492
vn -0.390363 0.556037 0.733784
vn -0.390363 0.556037 0.733784
vn 0.214771 0.948664 -0.232185
vn 0.214771 0.948664 -0.232185
vn 0.214771 0.948664 -0.232185
vn 0.214771 0.948664 -0.232185
vn 0.214771 0.948664 -0.232185
vn 0.214771 0.948664 -0.232185
vn 0.153317 0.978822 -0.135655
vn 0.175138 0.969798 -0.169762
vn 0.056075 0.998325 0.014275
vn 0.056075 0.998325 0.014275
vn -0.549972 0.834852 -0.023498
vn -0.549972 0.834852 -0.023498
vn -0.549972 0.834852 -0.023498
vn -0.549972 0.834852 -0.023498
vn -0.493237 -0.847697 0.195260
vn -0.493237 -0.847697 0.195260
vn -0.493237 -0.847697 0.195260
vn -0.493237 -0.847697 0.195260
vn -0.493237 -0.847697 0.195260
vn -0.493237 -0.847697 0.195260
vn -0.429402 -0.888399 0.162362
vn -0.383263 -0.913148 0.138821
vn -0.130945 -0.991305 0.012985
vn -0.130945 -0.991305 0.012985
vn 0.484597 -0.874341 0.026354
vn 0.484597 -0.874341 0.026354
vn 0.484597 -0.874341 0.026354
vn 0.484597 -0.874341 0.026354
vn -0.318188 0.491700 -0.810548
vn -0.318188 0.491700 -0.810548
vn -0.318188 0.491700 -0.810548
vn -0.318188 0.491700 -0.810548
vn -0.318188 0.491700 -0.810548
vn -0.318188 0.491700 -0.810548
vn -0.214367 0.465027 -0.858951
vn -0.253155 0.475654 -0.842417
vn -0.120846 0.412321 -0.902988
vn -0.078580 0.408541 -0.909351
vn -0.315692 0.419840 -0.850925
vn -0.315692 0.419840 -0.850925
vn -0.630500 -0.376489 -0.678768
vn -0.630500 -0.376489 -0.678768
vn -0.630500 -0.376489 -0.678768
vn -0.630500 -0.376489 -0.678768
vn -0.630500 -0.376489 -0.678768
vn -0.630500 -0.376489 -0.678768
vn -0.102044 -0.589165 -0.801543
vn -0.102044 -0.589165 -0.801544
vn 0.018788 -0.596581 -0.802333
vn -0.029979 -0.594640 -0.803433
vn 0.296502 -0.579950 -0.758778
vn 0.296502 -0.579950 -0.758779
vn 0.322840 -0.503234 0.801580
vn 0.322840 -0.503234 0.801580
vn 0.272832 -0.589330 0.760429
vn 0.290293 -0.560654 0.775498
vn 0.104095 -0.805193 0.583805
vn 0.104095 -0.805193 0.583805
vn -0.533447 -0.845454 -0.025345
vn -0.533447 -0.845454 -0.025345
vn -0.533447 -0.845454 -0.025345
vn -0.533447 -0.845454 -0.025345
vn 0.860110 -0.446709 0.246296
vn 0.860110 -0.446709 0.246296
vn 0.860110 -0.446709 0.246296
vn 0.860110 -0.446709 0.246296
vn 0.534714 -0.844932 0.013071
vn 0.534714 -0.844932 0.013071
vn 0.534714 -0.844932 0.013071
vn 0.534714 -0.844932 0.013071
vn -0.063177 -0.921367 -0.383525
vn -0.063177 -0.921367 -0.383525
vn -0.063177 -0.921367 -0.383525
vn -0.063177 -0.921367 -0.383525
vn 0.889115 -0.196663 -0.413277
vn 0.875113 -0.221776 -0.430108
vn 0.700635 -0.428601 -0.570450
vn 0.684104 -0.427759 -0.590783
vn 0.652189 -0.425418 -0.627430
vn 0.652189 -0.425418 -0.627430
vn 0.480075 0.256008 -0.839040
vn 0.478704 0.264784 -0.837097
vn 0.469688 0.316757 -0.824050
vn 0.469688 0.316757 -0.824050
vn 0.829162 0.449423 -0.332428
vn 0.829162 0.449423 -0.332429
vn 0.829162 0.449423 -0.332429
vn 0.829162 0.449423 -0.332428
vn -0.300951 0.530451 -0.792497
vn -0.300951 0.530451 -0.792497
vn -0.261995 0.597483 -0.757873
vn -0.243391 0.626950 -0.740064
vn -0.067336 0.839913 -0.538527
vn -0.067336 0.839913 -0.538527
vn 0.546258 0.836376 0.045584
vn 0.546258 0.836376 0.045585
vn 0.546258 0.836376 0.045585
vn 0.546258 0.836376 0.045585
vn -0.852325 0.464239 -0.240882
vn -0.852325 0.464239 -0.240882
vn -0.852325 0.464239 -0.240882
vn -0.852325 0.464239 -0.240882
vn -0.496500 0.867929 0.013699
vn -0.496500 0.867929 0.013699
vn -0.496500 0.867929 0.013699
vn -0.496500 0.867929 0.013699
vn 0.094251 0.911117 0.401228
vn 0.094251 0.911117 0.401228
vn 0.094251 0.911116 0.401228
vn 0.094251 0.911116 0.401228
vn -0.903929 0.168553 0.393067
vn -0.903929 0.168553 0.393067
vn -0.857297 0.251536 0.449190
vn -0.874977 0.222558 0.429981
vn -0.634375 0.460815 0.620659
vn -0.650639 0.468898 0.597331
vn -0.599856 0.443271 0.666096
vn -0.599856 0.443271 0.666096
vn -0.463675 -0.224997 0.856961
vn -0.463675 -0.224997 0.856961
vn -0.453559 -0.231897 0.860528
vn -0.458311 -0.228667 0.858873
vn -0.425245 -0.250753 0.869649
vn -0.425245 -0.250753 0.869649
vn -0.813877 -0.446385 0.371948
vn -0.813877 -0.446385 0.371948
vn -0.813877 -0.446385 0.371948
vn -0.813877 -0.446385 0.371948
vn 0.615154 -0.045818 0.787075
vn 0.615154 -0.045818 0.787075
vn 0.675615 -0.049990 0.735558
vn 0.675903 -0.050010 0.735292
vn 0.842776 -0.014928 0.538057
vn 0.837044 -0.027399 0.546449
vn 0.807040 -0.037761 0.589288
vn 0.830544 -0.009431 0.556873
vn 0.722390 -0.124455 0.680194
vn 0.722389 -0.124455 0.680194
vn -0.766860 0.568676 0.297544
vn -0.766860 0.568676 0.297544
vn -0.773713 0.555728 0.304194
vn -0.774671 0.553877 0.305132
vn -0.742793 0.615010 0.264615
vn -0.729551 0.636550 0.250120
vn -0.647511 0.743223 0.168372
vn -0.647511 0.743223 0.168372
vn -0.296765 0.906724 -0.299637
vn -0.296765 0.906724 -0.299637
vn -0.296765 0.906724 -0.299637
vn -0.296765 0.906724 -0.299637
vn -0.007654 0.381595 0.924298
vn -0.005557 0.385008 0.922897
vn 0.097425 0.585183 0.805028
vn 0.092626 0.575446 0.812578
vn 0.261679 0.811237 0.522894
vn 0.233581 0.788232 0.569325
vn 0.357652 0.871624 0.335198
vn 0.357652 0.871624 0.335198
vn 0.585724 -0.499144 -0.638579
vn 0.585724 -0.499144 -0.638579
vn 0.663567 -0.499836 -0.556636
vn 0.652820 -0.500131 -0.568942
vn 0.756701 -0.593264 -0.274666
vn 0.769951 -0.569130 -0.288558
vn 0.672315 -0.714170 -0.194817
vn 0.672315 -0.714170 -0.194817
vn 0.316248 -0.905993 0.281362
vn 0.316248 -0.905993 0.281362
vn 0.316248 -0.905993 0.281362
vn 0.316248 -0.905993 0.281362
vn 0.032016 -0.347964 -0.936961
vn 0.034085 -0.345314 -0.937868
vn -0.069877 -0.535277 -0.841781
vn -0.075131 -0.546035 -0.834387
vn -0.219521 -0.770345 -0.598648
vn -0.248432 -0.796584 -0.551123
vn -0.342937 -0.864922 -0.366475
vn -0.342937 -0.864922 -0.366475
vn -0.738958 0.245121 -0.627580
vn -0.738958 0.245121 -0.627580
vn -0.761721 0.199542 -0.616412
vn -0.762068 0.198810 -0.616220
vn -0.817863 0.072368 -0.570844
vn -0.824133 0.058548 -0.563362
vn -0.809262 0.043610 -0.585827
vn -0.783995 0.067920 -0.617040
vn -0.696638 0.140824 -0.703466
vn -0.696638 0.140824 -0.703466
vn 0.085622 -0.992617 -0.085906
vn 0.085622 -0.992617 -0.085906
vn 0.085622 -0.992617 -0.085906
vn 0.085622 -0.992617 -0.085906
vn -0.623577 -0.774523 0.106143
vn -0.623577 -0.774523 0.106143
vn -0.623577 -0.774523 0.106143
vn -0.623577 -0.774523 0.106143
vn -0.241241 0.582068 -0.776531
vn -0.241241 0.582068 -0.776531
vn -0.241241 0.582068 -0.776531
vn -0.241241 0.582068 -0.776531
vn -0.721591 0.442493 -0.532453
vn -0.721591 0.442493 -0.532453
vn -0.721591 0.442493 -0.532453
vn -0.721591 0.442493 -0.532453
vn -0.133681 -0.440055 -0.887965
vn -0.133681 -0.440055 -0.887965
vn -0.911066 -0.300759 -0.281963
vn -0.911066 -0.300759 -0.281963
vn -0.911066 -0.300759 -0.281963
vn -0.911066 -0.300759 -0.281963
vn 0.189148 -0.596003 0.780387
vn 0.189148 -0.596003 0.780387
vn 0.301784 -0.581161 0.755764
vn 0.221693 -0.592573 0.774409
vn 0.649986 -0.471856 0.595710
vn 0.649986 -0.471856 0.595710
vn 0.079212 0.419212 0.904426
vn 0.079212 0.419212 0.904426
vn 0.898648 0.310962 0.309408
vn 0.898649 0.310962 0.309408
vn 0.898648 0.310962 0.309408
vn 0.898648 0.310962 0.309408
vn -0.133469 0.986153 0.098433
vn -0.133469 0.986153 0.098433
vn -0.133469 0.986153 0.098433
vn -0.133469 0.986153 0.098433
vn 0.572204 0.815680 -0.085140
vn 0.572204 0.815680 -0.085140
vn 0.572204 0.815680 -0.085140
vn 0.572204 0.815680 -0.085140
vn -0.038460 -0.417572 -0.907830
vn -0.038460 -0.417572 -0.907829
vn -0.038460 -0.417572 -0.907830
vn 0.126989 0.440807 0.888574
vn 0.126989 0.440807 0.888574
vn -0.829633 -0.127541 0.543547
vn -0.829633 -0.127541 0.543547
vn 0.574731 -0.690302 -0.439508
vn 0.574731 -0.690302 -0.439508
vn 0.574731 -0.690302 -0.439508
vn 0.574731 -0.690302 -0.439508
vn 0.254664 -0.939020 0.231058
vn 0.254664 -0.939020 0.231058
vn 0.162574 -0.928662 0.333401
vn 0.137223 -0.922845 0.359899
vn -0.025522 -0.857344 0.514111
vn -0.025522 -0.857344 0.514111
vn 0.622348 -0.782470 -0.020582
vn 0.622348 -0.782470 -0.020582
vn 0.622348 -0.782470 -0.020582
vn 0.622348 -0.782470 -0.020582
vn 0.921988 -0.146795 -0.358314
vn 0.921988 -0.146795 -0.358314
vn 0.921988 -0.146795 -0.358314
vn 0.921988 -0.146795 -0.358314
vn -0.139088 -0.675978 -0.723677
vn -0.139088 -0.675978 -0.723677
vn -0.154551 -0.705627 -0.691524
vn -0.169216 -0.732904 -0.658952
vn -0.330816 -0.917692 -0.220005
vn -0.348314 -0.913356 -0.210853
vn -0.398352 -0.898635 -0.183769
vn -0.398352 -0.898635 -0.183769
vn 0.281372 -0.819302 -0.499574
vn 0.281372 -0.819302 -0.499573
vn 0.281372 -0.819302 -0.499573
vn 0.281372 -0.819302 -0.499573
vn 0.494128 -0.328290 -0.805024
vn 0.494128 -0.328291 -0.805024
vn 0.494128 -0.328290 -0.805024
vn 0.494128 -0.328290 -0.805024
vn -0.939299 0.056242 -0.338457
vn -0.931809 0.030438 -0.361672
vn -0.664465 -0.320904 -0.674912
vn -0.634407 -0.330186 -0.698932
vn -0.395391 -0.392526 -0.830415
vn -0.462593 -0.374992 -0.803361
vn -0.335539 -0.365163 -0.868372
vn -0.309088 -0.386188 -0.869093
vn -0.367404 -0.338851 -0.866138
vn -0.367404 -0.338851 -0.866138
vn -0.949351 0.278397 -0.145699
vn -0.949351 0.278397 -0.145699
vn -0.949351 0.278397 -0.145699
vn -0.949351 0.278397 -0.145699
vn -0.675325 0.494226 -0.547428
vn -0.675325 0.494226 -0.547428
vn -0.675325 0.494226 -0.547428
vn -0.675325 0.494226 -0.547428
vn -0.298375 0.333579 -0.894258
vn -0.298375 0.333579 -0.894258
vn -0.298375 0.333579 -0.894258
vn -0.298375 0.333579 -0.894258
vn -0.714971 0.396286 -0.575998
vn -0.714971 0.396286 -0.575999
vn -0.714971 0.396286 -0.575999
vn -0.714971 0.396286 -0.575999
vn -0.961369 -0.082472 -0.262619
vn -0.961369 -0.082472 -0.262619
vn -0.961369 -0.082472 -0.262619
vn -0.961369 -0.082472 -0.262619
vn -0.450128 0.795338 0.405983
vn -0.450128 0.795338 0.405983
vn -0.450128 0.795338 0.405983
vn -0.450128 0.795338 0.405983
vn -0.256547 0.939171 -0.228347
vn -0.256547 0.939171 -0.228347
vn -0.120292 0.919237 -0.374876
vn -0.145852 0.925730 -0.348928
vn 0.099875 0.814711 -0.571201
vn 0.099875 0.814711 -0.571202
vn -0.624656 0.780561 0.023026
vn -0.624656 0.780561 0.023026
vn -0.624655 0.780561 0.023026
vn -0.624655 0.780561 0.023026
vn -0.921791 0.171951 0.347467
vn -0.921791 0.171951 0.347467
vn -0.921791 0.171951 0.347467
vn -0.921791 0.171951 0.347467
vn 0.176531 0.762837 0.622027
vn 0.176531 0.762837 0.622027
vn 0.222572 0.828498 0.513860
vn 0.204709 0.804136 0.558086
vn 0.406912 0.904791 0.125600
vn 0.380706 0.914214 0.138841
vn 0.509155 0.857765 0.070706
vn 0.509155 0.857766 0.070706
vn -0.262219 0.830200 0.491945
vn -0.262219 0.830200 0.491945
vn -0.262219 0.830200 0.491945
vn -0.262219 0.830200 0.491945
vn -0.480754 0.365012 0.797271
vn -0.480754 0.365012 0.797271
vn -0.480754 0.365012 0.797271
vn -0.480754 0.365012 0.797271
vn 0.715557 0.433138 0.548060
vn 0.715557 0.433138 0.548060
vn 0.738596 0.410357 0.534867
vn 0.726634 0.422360 0.541863
vn 0.728956 0.345854 0.590769
vn 0.753861 0.345271 0.559000
vn 0.586768 0.362254 0.724207
vn 0.523414 0.388223 0.758499
vn 0.404338 0.406476 0.819322
vn 0.401602 0.393756 0.826844
vn 0.398504 0.379729 0.834866
vn 0.398504 0.379729 0.834866
vn 0.972594 -0.136266 0.188394
vn 0.972594 -0.136266 0.188394
vn 0.972594 -0.136266 0.188394
vn 0.972594 -0.136266 0.188394
vn 0.709663 -0.485411 0.510641
vn 0.709663 -0.485412 0.510641
vn 0.586790 -0.446301 0.675643
vn 0.605364 -0.452894 0.654539
vn 0.372971 -0.359218 0.855485
vn 0.372971 -0.359218 0.855485
vn 0.779450 -0.383597 0.495289
vn 0.779450 -0.383597 0.495289
vn 0.779450 -0.383597 0.495289
vn 0.779450 -0.383597 0.495289
vn 0.965832 0.110907 0.234240
vn 0.965832 0.110907 0.234240
vn 0.965832 0.110907 0.234240
vn 0.965832 0.110907 0.234240
vn 0.140524 -0.980104 -0.140180
vn 0.140524 -0.980103 -0.140180
vn 0.142515 -0.975708 -0.166382
vn 0.141391 -0.978302 -0.151440
vn -0.015887 -0.978390 -0.206156
vn 0.049263 -0.969736 -0.239136
vn -0.110329 -0.992506 -0.052538
vn -0.108924 -0.992344 -0.058215
vn -0.136146 -0.989407 0.050382
vn -0.137562 -0.989723 0.039047
vn -0.069855 -0.997233 0.025435
vn -0.021972 -0.999325 0.029443
vn 0.043457 -0.998056 0.044666
vn 0.045917 -0.997679 0.050274
vn 0.054368 -0.996096 0.069551
vn 0.054368 -0.996096 0.069551
vn -0.683909 -0.652562 0.326239
vn -0.683909 -0.652562 0.326239
vn -0.683909 -0.652562 0.326239
vn -0.683909 -0.652562 0.326239
vn 0.112075 -0.726774 0.677672
vn 0.112075 -0.726774 0.677672
vn 0.112075 -0.726774 0.677672
vn 0.112075 -0.726774 0.677672
vn 0.613376 -0.578799 0.537365
vn 0.613376 -0.578799 0.537365
vn 0.548586 -0.641924 0.535711
vn 0.560095 -0.631399 0.536310
vn 0.512905 -0.672855 0.533100
vn 0.512905 -0.672855 0.533100
vn -0.258536 -0.437869 0.861063
vn -0.258536 -0.437869 0.861063
vn -0.258536 -0.437869 0.861064
vn -0.258536 -0.437869 0.861063
vn -0.728438 -0.543729 0.416817
vn -0.728438 -0.543729 0.416817
vn -0.756300 -0.582034 0.298742
vn -0.762394 -0.591896 0.261561
vn -0.773640 -0.633471 0.014006
vn -0.773640 -0.633471 0.014006
vn -0.773944 -0.096260 0.625895
vn -0.773944 -0.096260 0.625895
vn 0.036582 -0.038278 0.998597
vn 0.036582 -0.038278 0.998597
vn 0.036582 -0.038278 0.998597
vn 0.036582 -0.038278 0.998597
vn 0.800224 0.198425 0.565924
vn 0.800224 0.198425 0.565924
vn 0.769175 0.177889 0.613779
vn 0.772353 0.179936 0.609175
vn 0.746950 0.163862 0.644372
vn 0.746950 0.163862 0.644372
vn -0.214077 0.169593 0.961982
vn -0.214077 0.169593 0.961982
vn -0.214077 0.169593 0.961982
vn -0.214077 0.169593 0.961982
vn -0.878341 0.205242 0.431732
vn -0.878341 0.205242 0.431732
vn -0.878341 0.205242 0.431732
vn -0.878341 0.205242 0.431732
vn -0.987761 0.131924 -0.083213
vn -0.987761 0.131924 -0.083213
vn -0.987761 0.131924 -0.083213
vn -0.987761 0.131924 -0.083213
vn -0.547450 0.694130 0.467421
vn -0.547450 0.694130 0.467421
vn -0.537128 0.693870 0.479623
vn -0.522917 0.693234 0.495967
vn -0.448076 0.685149 0.574281
vn -0.448076 0.685149 0.574281
vn 0.389566 0.787642 0.477346
vn 0.389566 0.787641 0.477346
vn 0.387191 0.837904 0.384708
vn 0.386699 0.842584 0.374856
vn 0.382251 0.871142 0.308215
vn 0.382251 0.871142 0.308215
vn -0.171649 0.783860 0.596741
vn -0.171649 0.783860 0.596741
vn -0.171649 0.783860 0.596741
vn -0.171649 0.783860 0.596741
vn -0.532191 0.834912 0.140338
vn -0.532191 0.834912 0.140338
vn -0.542309 0.840074 0.013300
vn -0.540206 0.839964 0.051366
vn -0.541219 0.823078 -0.172118
vn -0.541219 0.823078 -0.172118
vn 0.013323 0.997405 -0.070755
vn 0.013323 0.997405 -0.070755
vn -0.050784 0.990345 -0.128987
vn -0.092883 0.981592 -0.166886
vn -0.319194 0.906847 -0.275215
vn -0.371424 0.896718 -0.240709
vn -0.377194 0.903502 -0.203491
vn -0.369220 0.906479 -0.204874
vn -0.308045 0.926798 -0.214834
vn -0.308045 0.926798 -0.214834
vn 0.191628 0.798542 -0.570622
vn 0.191628 0.798542 -0.570622
vn 0.282796 0.862434 -0.419803
vn 0.245635 0.839251 -0.485099
vn 0.351275 0.897642 -0.266166
vn 0.341608 0.893030 -0.292920
vn 0.384042 0.908133 -0.166751
vn 0.384042 0.908133 -0.166751
vn 0.521526 0.601061 -0.605587
vn 0.521526 0.601061 -0.605587
vn 0.521526 0.601061 -0.605587
vn 0.521526 0.601061 -0.605587
vn 0.094622 0.451476 -0.887252
vn 0.094622 0.451476 -0.887252
vn 0.094622 0.451476 -0.887252
vn 0.094622 0.451476 -0.887252
vn -0.664845 0.204232 -0.718520
vn -0.664845 0.204232 -0.718520
vn -0.721155 0.233699 -0.652166
vn -0.727370 0.237031 -0.644011
vn -0.796210 0.275367 -0.538723
vn -0.796210 0.275367 -0.538723
vn 0.458798 0.080283 -0.884906
vn 0.458798 0.080283 -0.884906
vn 0.458798 0.080283 -0.884906
vn 0.458798 0.080283 -0.884906
vn 0.850673 0.167090 -0.498435
vn 0.850673 0.167090 -0.498435
vn 0.918591 0.209944 -0.334833
vn 0.911294 0.204629 -0.357310
vn 0.963070 0.262111 -0.061590
vn 0.963070 0.262111 -0.061590
vn 0.562178 -0.001379 -0.827015
vn 0.562178 -0.001379 -0.827015
vn 0.433772 -0.149302 -0.888567
vn 0.478007 -0.101376 -0.872486
vn 0.251024 -0.322290 -0.912752
vn 0.251024 -0.322290 -0.912752
vn -0.509168 -0.497828 -0.702079
vn -0.509168 -0.497828 -0.702079
vn -0.597898 -0.535386 -0.596557
vn -0.605397 -0.538274 -0.586307
vn -0.707390 -0.570997 -0.416607
vn -0.707390 -0.570997 -0.416607
vn 0.351473 -0.429077 -0.832081
vn 0.351473 -0.429077 -0.832082
vn 0.351473 -0.429077 -0.832081
vn 0.351473 -0.429077 -0.832081
vn 0.747764 -0.559314 -0.357795
vn 0.747764 -0.559314 -0.357795
vn 0.791349 -0.563851 -0.236301
vn 0.801703 -0.563394 -0.199649
vn 0.839752 -0.541760 0.036238
vn 0.839752 -0.541760 0.036238
vn -0.291338 -0.955706 -0.041809
vn -0.291338 -0.955706 -0.041809
vn -0.268959 -0.959501 -0.083781
vn -0.232671 -0.961052 -0.149144
vn -0.016264 -0.948659 -0.315883
vn 0.058216 -0.959975 -0.273969
vn 0.127878 -0.973298 -0.190627
vn 0.130605 -0.971923 -0.195725
vn 0.096285 -0.983286 -0.154525
vn 0.099589 -0.984178 -0.146549
vn 0.081398 -0.978383 -0.190109
vn 0.081398 -0.978383 -0.190109
vn -0.954926 -0.114271 -0.273968
vn -0.954926 -0.114271 -0.273968
vn -0.954926 -0.114271 -0.273968
vn -0.954926 -0.114271 -0.273968
vn -0.400452 -0.345044 -0.848872
vn -0.400452 -0.345044 -0.848872
vn -0.400452 -0.345044 -0.848872
vn -0.400452 -0.345044 -0.848872
vn 0.505212 -0.385487 -0.772114
vn 0.505212 -0.385487 -0.772114
vn 0.484479 -0.412469 -0.771459
vn 0.487081 -0.409148 -0.771589
vn 0.432934 -0.474694 -0.766312
vn 0.432934 -0.474694 -0.766312
vn -0.230914 -0.370796 -0.899550
vn -0.230914 -0.370796 -0.899550
vn -0.230914 -0.370796 -0.899550
vn -0.230914 -0.370796 -0.899550
vn -0.837193 0.479443 -0.263138
vn -0.837193 0.479443 -0.263138
vn -0.837193 0.479443 -0.263138
vn -0.837193 0.479443 -0.263138
vn -0.340760 0.356040 -0.870125
vn -0.340760 0.356040 -0.870125
vn -0.340760 0.356040 -0.870125
vn -0.340760 0.356040 -0.870125
vn 0.565233 0.298113 -0.769181
vn 0.565233 0.298113 -0.769182
vn 0.549493 0.321694 -0.771084
vn 0.547882 0.324056 -0.771242
vn 0.502359 0.387257 -0.773090
vn 0.502359 0.387257 -0.773090
vn -0.227343 0.374451 -0.898945
vn -0.227343 0.374451 -0.898945
vn -0.227343 0.374451 -0.898945
vn -0.227343 0.374451 -0.898945
vn -0.046399 0.984646 -0.168281
vn -0.046399 0.984646 -0.168281
vn -0.009007 0.971750 -0.235839
vn -0.032810 0.980648 -0.193012
vn 0.248717 0.929254 -0.273181
vn 0.166299 0.936559 -0.308549
vn 0.309102 0.927613 -0.209740
vn 0.304598 0.930159 -0.204997
vn 0.242659 0.955479 -0.167857
vn 0.215810 0.959022 -0.183583
vn 0.089360 0.963146 -0.253701
vn 0.089360 0.963146 -0.253701
vn 0.751092 0.646546 0.133561
vn 0.751092 0.646546 0.133561
vn 0.751092 0.646546 0.133561
vn 0.751092 0.646546 0.133561
vn 0.258399 0.662809 0.702791
vn 0.258399 0.662809 0.702791
vn 0.258399 0.662809 0.702791
vn 0.258399 0.662809 0.702791
vn -0.329290 0.728837 0.600304
vn -0.329290 0.728837 0.600304
vn -0.249682 0.754627 0.606792
vn -0.243075 0.756506 0.607135
vn -0.116705 0.785153 0.608207
vn -0.116705 0.785153 0.608207
vn 0.388923 0.650348 0.652523
vn 0.388923 0.650348 0.652523
vn 0.388923 0.650348 0.652523
vn 0.388923 0.650348 0.652523
vn 0.958924 -0.057548 0.277766
vn 0.958924 -0.057548 0.277766
vn 0.077992 0.032509 0.996424
vn 0.077992 0.032509 0.996424
vn 0.077992 0.032509 0.996424
vn 0.077992 0.032509 0.996424
vn -0.623735 0.048603 0.780123
vn -0.623735 0.048603 0.780123
vn -0.523277 0.042907 0.851082
vn -0.522110 0.042839 0.851802
vn -0.336081 0.031836 0.941295
vn -0.336081 0.031836 0.941295
vn 0.427436 -0.019789 0.903829
vn 0.427436 -0.019789 0.903829
vn 0.427436 -0.019789 0.903829
vn 0.427436 -0.019789 0.903829
vn 0.586665 -0.787246 0.189914
vn 0.586665 -0.787246 0.189914
vn 0.586665 -0.787246 0.189914
vn 0.586665 -0.787246 0.189914
vn 0.237265 -0.718234 0.654099
vn 0.237265 -0.718234 0.654099
vn 0.237265 -0.718234 0.654099
vn 0.237265 -0.718234 0.654099
vn -0.473575 -0.648863 0.595570
vn -0.473575 -0.648863 0.595570
vn -0.381906 -0.694724 0.609513
vn -0.387193 -0.692332 0.608900
vn -0.241548 -0.748047 0.618127
vn -0.241548 -0.748047 0.618127
vn 0.356466 -0.657629 0.663669
vn 0.356466 -0.657629 0.663669
vn 0.356466 -0.657629 0.663669
vn 0.356466 -0.657629 0.663669
s 1
g tree3
usemtl lambert8SG
f 1891/2560/4034 1892/2241/4035 2109/2549/4036 1898/2550/4037 1897/2557/4038 2161/2556/4039
s off
f 2117/2246/4040 2124/2247/4041 2131/2248/4042 2138/2249/4043 2145/2250/4044 2152/2251/4045 2159/2252/4046
s 2
f 1893/2552/4047 1894/2254/4048 1900/2255/4049 1899/2607/4050 2110/2547/4051
s 3
f 1894/2254/4052 1895/2258/4053 1901/2259/4054 1900/2255/4055
s 4
f 1895/2258/4056 1896/2260/4057 2162/2554/4058 1902/2555/4059 1901/2259/4060
s off
f 2167/2263/4061 2172/2264/4062 2177/2265/4063 2182/2266/4064 2187/2267/4065 2192/2268/4066 2197/2269/4067
s 5
f 1905/2270/4068 1908/2271/4069 1909/2272/4070
f 1908/2271/4069 1912/2273/4071 1909/2272/4070
f 1912/2273/4071 1915/2274/4072 1909/2272/4070
f 1915/2599/4072 1918/2275/4073 1909/2272/4070
f 1918/2275/4073 1921/2276/4074 1909/2272/4070
f 1921/2276/4074 1905/2270/4068 1909/2272/4070
s 1
f 1897/2557/4038 1898/2550/4037 1906/2564/4075 2066/2563/4076 1903/2568/4077
s off
f 2072/2280/4078 2077/2281/4079 2082/2282/4080 2087/2283/4081 2092/2284/4082 2097/2285/4083 2102/2286/4084 2107/2639/4085
s 6
f 1904/2288/4086 1907/2289/4087 1944/2290/4088 1945/2587/4089
s off
f 1898/2550/4090 2108/2551/4091 1899/2548/4092 1910/2606/4093 1906/2564/4094
s 7
f 1906/2564/4095 1910/2606/4096 2063/2294/4097 2058/2566/4098 2065/2565/4099
f 1907/2289/4100 1911/2297/4101 1943/2298/4102 1944/2290/4103
s 2
f 1899/2607/4050 1900/2255/4049 1913/2299/4104 1910/2293/4105
f 1910/2293/4105 1913/2299/4104 2062/2300/4106 2063/2596/4107
s 9
f 1911/2604/4108 1914/2301/4109 1942/2302/4110 1943/2602/4111
s 3
f 1900/2255/4055 1901/2259/4054 1916/2303/4112 1913/2299/4113
f 1913/2299/4113 1916/2303/4112 2061/2304/4114 2062/2300/4115
s 10
f 1914/2301/4116 1917/2305/4117 1941/2589/4118 1942/2302/4119
s 4
f 1901/2259/4060 1902/2555/4059 1919/2307/4120 1916/2303/4121
s 11
f 1916/2303/4122 1919/2307/4123 2060/2308/4124 2061/2304/4125
s 12
f 1917/2305/4126 1920/2309/4127 1940/2588/4128 1941/2589/4129
s 13
f 1902/2555/4130 2160/2558/4131 1897/2557/4132 1903/2568/4133 1919/2307/4134
f 1919/2307/4134 1903/2568/4133 2064/2567/4135 2059/2562/4136 2060/2308/4137
f 1920/2309/4138 1904/2288/4139 1945/2587/4140 1940/2588/4141
s 10
f 1923/2574/4142 1922/2579/4143 1982/2582/4144 1934/2576/4145 1935/2318/4146
s 9
f 1924/2605/4147 1923/2574/4148 1935/2318/4149 1936/2603/4150
s 7
f 1925/2321/4151 1924/2571/4152 1936/2320/4153 1937/2322/4154
s 6
f 1926/2323/4155 1925/2321/4156 1937/2322/4157 1938/2324/4158
s 13
f 1927/2583/4159 1926/2323/4160 1938/2324/4161 1939/2581/4162 1983/2580/4163
s off
f 1991/2328/4164 1988/2329/4165 1994/2330/4166 1997/2331/4167 2000/2332/4168 2003/2333/4169 2006/2334/4170 2009/2335/4171
s 18
f 1969/2336/4172 1966/2337/4173 1972/2338/4174 1975/2339/4175
f 1978/2340/4176 1969/2336/4172 1975/2339/4175 1981/2341/4177
s 7
f 1931/2342/4178 1930/2343/4179 1924/2571/4152 1925/2321/4151
s 6
f 1932/2344/4180 1931/2342/4181 1925/2321/4156 1926/2323/4155
s 13
f 1933/2345/4182 1932/2344/4183 1926/2323/4160 1927/2583/4159
s 11
f 1928/2346/4184 1933/2345/4185 1927/2583/4186 1984/2577/4187 1922/2578/4188
s 10
f 1935/2318/4146 1934/2576/4145 1917/2305/4117 1914/2301/4116
s 9
f 1936/2603/4150 1935/2318/4149 1914/2301/4109 1911/2604/4108
s 7
f 1937/2322/4154 1936/2320/4153 1911/2297/4101 1907/2289/4100
s 6
f 1938/2324/4158 1937/2322/4157 1907/2289/4087 1904/2288/4086
s 13
f 1939/2581/4162 1938/2324/4161 1904/2288/4139 1920/2309/4138
s 12
f 1934/2576/4189 1985/2575/4190 1939/2581/4191 1920/2309/4127 1917/2305/4126
s 19
f 2017/2349/4192 2013/2350/4193 2021/2351/4194 2025/2352/4195
s 10
f 1942/2302/4119 1941/2589/4118 1949/2585/4196 1950/2354/4197
s 9
f 1943/2602/4111 1942/2302/4110 1950/2354/4198 1951/2600/4199
s 7
f 1944/2290/4103 1943/2298/4102 1951/2355/4200 1946/2356/4201
s 6
f 1945/2587/4089 1944/2290/4088 1946/2356/4202 1947/2586/4203
s 19
f 2013/2350/4193 2029/2358/4204 2033/2359/4205 2021/2351/4194
s 6
f 1947/2586/4203 1946/2356/4202 1953/2595/4206 1954/2361/4207
s 20
f 1948/2584/4208 1947/2586/4209 1954/2361/4210 1955/2363/4211
f 1949/2585/4212 1948/2584/4208 1955/2363/4211 1956/2364/4213
s 10
f 1950/2354/4197 1949/2585/4196 1956/2364/4214 1957/2593/4215
s 9
f 1951/2600/4199 1950/2354/4198 1957/2593/4216 1952/2594/4217
s 7
f 1946/2356/4201 1951/2355/4200 1952/2601/4218 1953/2595/4219
s 21
f 2037/2367/4220 2035/2368/4221 2039/2369/4222 2041/2370/4223
s 6
f 1954/2361/4207 1953/2595/4206 1961/2591/4224 1962/2372/4225
s 20
f 1955/2363/4211 1954/2361/4210 1962/2372/4226 1963/2373/4227
f 1956/2364/4213 1955/2363/4211 1963/2373/4228 1958/2374/4229
s 10
f 1957/2593/4215 1956/2364/4214 1958/2374/4230 1959/2598/4231
s 21
f 2035/2368/4221 2043/2376/4232 2045/2377/4233 2039/2369/4222
s 10
f 1959/2598/4231 1958/2374/4230 1918/2275/4234 1915/2599/4235
s 22
f 1960/2590/4236 1959/2592/4237 1915/2274/4238 1912/2273/4239
f 1961/2591/4240 1960/2590/4236 1912/2273/4239 1908/2271/4241
s 6
f 1962/2372/4225 1961/2591/4224 1908/2271/4242 1905/2270/4243
s 20
f 1963/2373/4227 1962/2372/4226 1905/2270/4244 1921/2276/4245
f 1958/2374/4229 1963/2373/4228 1921/2276/4246 1918/2275/4247
s 23
f 2057/2379/4248 2046/2380/4249 1929/2569/4250 1928/2572/4251 2051/2382/4252 2056/2383/4253 1964/2384/4254 1967/2385/4255
f 1967/2385/4255 1964/2384/4254 1965/2386/4256 1968/2387/4257
f 1968/2387/4257 1965/2386/4256 1966/2337/4258 1969/2336/4259
s 11
f 2056/2383/4260 2051/2382/4261 1928/2572/4184 1922/2573/4188 2050/2388/4262 2055/2389/4263 1970/2390/4264 1964/2384/4265
s 24
f 1964/2384/4266 1970/2390/4267 1971/2391/4268 1965/2386/4269
f 1965/2386/4269 1971/2391/4268 1972/2338/4270 1966/2337/4271
s 25
f 2055/2389/4272 2050/2388/4273 1922/2573/4274 1923/2314/4275 2049/2392/4276 2054/2393/4277 1973/2394/4278 1970/2390/4279
f 1970/2390/4279 1973/2394/4278 1974/2395/4280 1971/2391/4281
s off
f 1971/2391/4282 1974/2395/4283 1975/2339/4284 1972/2338/4285
s 26
f 2052/2396/4286 2047/2397/4287 1930/2624/4288 1929/2569/4289 2046/2380/4290 2057/2379/4291 1967/2385/4292 1976/2620/4293
f 1976/2620/4293 1967/2385/4292 1968/2387/4294 1977/2623/4295
s off
f 1977/2623/4296 1968/2387/4297 1969/2336/4298 1978/2622/4299
s 27
f 2054/2393/4300 2049/2392/4301 1923/2314/4302 1924/2319/4303 2048/2400/4304 2053/2401/4305 1979/2402/4306 1973/2394/4307
f 1973/2394/4307 1979/2402/4306 1980/2403/4308 1974/2395/4309
f 1974/2395/4309 1980/2403/4308 1981/2341/4310 1975/2339/4311
s 7
f 2053/2401/4312 2048/2400/4313 1924/2319/4152 1930/2570/4179 2047/2621/4314 2052/2619/4315 1976/2398/4316 1979/2402/4317
s 28
f 1979/2402/4318 1976/2398/4319 1977/2399/4320 1980/2403/4321
f 1980/2403/4321 1977/2399/4320 1978/2340/4322 1981/2341/4323
s 29
f 1922/2315/4324 1984/2347/4325 1986/2404/4326 1989/2405/4327
f 1989/2405/4327 1986/2404/4326 1987/2406/4328 1990/2407/4329
s off
f 1990/2407/4330 1987/2406/4331 1988/2329/4332 1991/2328/4333
f 1984/2347/4334 1927/2325/4335 1992/2408/4336 1986/2404/4337
f 1986/2404/4338 1992/2408/4339 1993/2409/4340 1987/2406/4341
f 1987/2406/4342 1993/2409/4343 1994/2330/4344 1988/2329/4345
s 13
f 1927/2325/4159 1983/2327/4163 1995/2410/4346 1992/2408/4347
f 1992/2408/4347 1995/2410/4346 1996/2411/4348 1993/2409/4349
f 1993/2409/4349 1996/2411/4348 1997/2331/4350 1994/2330/4351
f 1983/2327/4163 1939/2633/4162 1998/2632/4352 1995/2410/4353
f 1995/2410/4353 1998/2632/4352 1999/2631/4354 1996/2411/4355
s off
f 1996/2411/4356 1999/2631/4357 2000/2630/4358 1997/2331/4359
s 30
f 1939/2326/4360 1985/2348/4361 2001/2414/4362 1998/2412/4363
f 1998/2412/4363 2001/2414/4362 2002/2415/4364 1999/2413/4365
s off
f 1999/2413/4366 2002/2415/4367 2003/2333/4368 2000/2332/4369
f 1985/2348/4370 1934/2317/4371 2004/2416/4372 2001/2414/4373
f 2001/2414/4374 2004/2416/4375 2005/2417/4376 2002/2415/4377
f 2002/2415/4378 2005/2417/4379 2006/2334/4380 2003/2333/4381
s 31
f 1934/2317/4382 1982/2316/4383 2007/2418/4384 2004/2416/4385
f 2004/2416/4385 2007/2418/4384 2008/2419/4386 2005/2417/4387
f 2005/2417/4387 2008/2419/4386 2009/2335/4388 2006/2334/4389
s 32
f 1982/2316/4390 1922/2315/4391 1989/2405/4392 2007/2418/4393
f 2007/2418/4393 1989/2405/4392 1990/2407/4394 2008/2419/4395
s off
f 2008/2419/4396 1990/2407/4397 1991/2328/4398 2009/2335/4399
s 33
f 1941/2306/4400 1940/2310/4401 2010/2420/4402 2014/2421/4403
f 2014/2421/4403 2010/2420/4402 2011/2422/4404 2015/2423/4405
f 2015/2423/4405 2011/2422/4404 2012/2424/4406 2016/2425/4407
f 2016/2425/4407 2012/2424/4406 2013/2350/4408 2017/2349/4409
s 34
f 1948/2362/4410 1949/2353/4411 2022/2426/4412 2018/2427/4413
f 2018/2427/4413 2022/2426/4412 2023/2428/4414 2019/2429/4415
f 2019/2429/4415 2023/2428/4414 2024/2430/4416 2020/2431/4417
s off
f 2020/2431/4418 2024/2430/4419 2025/2352/4420 2021/2351/4421
s 10
f 1949/2353/4196 1941/2306/4118 2014/2421/4422 2022/2426/4423
f 2022/2426/4423 2014/2421/4422 2015/2423/4424 2023/2428/4425
f 2023/2428/4425 2015/2423/4424 2016/2425/4426 2024/2430/4427
f 2024/2430/4427 2016/2425/4426 2017/2349/4428 2025/2352/4429
s 35
f 1940/2310/4430 1945/2629/4431 2026/2628/4432 2010/2420/4433
f 2010/2420/4433 2026/2628/4432 2027/2627/4434 2011/2422/4435
f 2011/2422/4435 2027/2627/4434 2028/2626/4436 2012/2424/4437
s off
f 2012/2424/4438 2028/2626/4439 2029/2625/4440 2013/2350/4441
s 6
f 1945/2291/4089 1947/2357/4203 2030/2435/4442 2026/2432/4443
f 2026/2432/4443 2030/2435/4442 2031/2436/4444 2027/2433/4445
f 2027/2433/4445 2031/2436/4444 2032/2437/4446 2028/2434/4447
f 2028/2434/4447 2032/2437/4446 2033/2359/4448 2029/2358/4449
s 36
f 1947/2357/4450 1948/2362/4451 2018/2427/4452 2030/2435/4453
f 2030/2435/4453 2018/2427/4452 2019/2429/4454 2031/2436/4455
f 2031/2436/4455 2019/2429/4454 2020/2431/4456 2032/2437/4457
f 2032/2437/4457 2020/2431/4456 2021/2351/4458 2033/2359/4459
s off
f 1953/2360/4460 1952/2366/4461 2034/2438/4462 2036/2439/4463
f 2036/2439/4464 2034/2438/4465 2035/2368/4466 2037/2367/4467
f 1960/2378/4468 1961/2371/4469 2040/2440/4470 2038/2441/4471
f 2038/2441/4472 2040/2440/4473 2041/2370/4474 2039/2369/4475
s 6
f 1961/2371/4224 1953/2360/4206 2036/2439/4476 2040/2440/4477
s off
f 2040/2440/4478 2036/2439/4479 2037/2367/4480 2041/2370/4481
s 37
f 1952/2366/4482 1957/2365/4483 2042/2442/4484 2034/2438/4485
f 2034/2438/4485 2042/2442/4484 2043/2376/4486 2035/2368/4487
s 10
f 1957/2365/4215 1959/2617/4231 2044/2616/4488 2042/2442/4489
s off
f 2042/2442/4490 2044/2616/4491 2045/2618/4492 2043/2376/4493
f 1959/2375/4494 1960/2378/4495 2038/2441/4496 2044/2443/4497
f 2044/2443/4498 2038/2441/4499 2039/2369/4500 2045/2377/4501
s 6
f 2059/2562/4502 2067/2561/4503 2058/2566/4504 1931/2342/4181 1932/2344/4180
s 13
f 2060/2308/4137 2059/2562/4136 1932/2344/4183 1933/2345/4182
s 11
f 2061/2304/4125 2060/2308/4124 1933/2345/4185 1928/2346/4184
s 3
f 2062/2300/4115 2061/2304/4114 1928/2346/4505 1929/2381/4506
s 2
f 2063/2596/4107 2062/2300/4106 1929/2381/4507 1930/2597/4508
s 7
f 2058/2566/4098 2063/2294/4097 1930/2343/4179 1931/2342/4178
s off
f 1903/2279/4509 2066/2278/4510 2073/2445/4511 2068/2446/4512
s 38
f 2068/2446/4513 2073/2445/4514 2074/2447/4515 2069/2448/4516
f 2069/2448/4516 2074/2447/4515 2075/2449/4517 2070/2450/4518
s off
f 2070/2450/4519 2075/2449/4520 2076/2451/4521 2071/2452/4522
f 2071/2452/4523 2076/2451/4524 2077/2281/4525 2072/2280/4526
s 39
f 2066/2278/4527 1906/2277/4528 2078/2453/4529 2073/2445/4530
f 2073/2445/4530 2078/2453/4529 2079/2454/4531 2074/2447/4532
f 2074/2447/4532 2079/2454/4531 2080/2455/4533 2075/2449/4534
s off
f 2075/2449/4535 2080/2455/4536 2081/2456/4537 2076/2451/4538
f 2076/2451/4539 2081/2456/4540 2082/2282/4541 2077/2281/4542
s 7
f 1906/2277/4095 2065/2296/4099 2083/2457/4543 2078/2453/4544
f 2078/2453/4544 2083/2457/4543 2084/2458/4545 2079/2454/4546
f 2079/2454/4546 2084/2458/4545 2085/2459/4547 2080/2455/4548
f 2080/2455/4548 2085/2459/4547 2086/2460/4549 2081/2456/4550
f 2081/2456/4550 2086/2460/4549 2087/2283/4551 2082/2282/4552
s off
f 2065/2296/4553 2058/2295/4554 2088/2461/4555 2083/2457/4556
f 2083/2457/4557 2088/2461/4558 2089/2462/4559 2084/2458/4560
f 2084/2458/4561 2089/2462/4562 2090/2463/4563 2085/2459/4564
f 2085/2459/4565 2090/2463/4566 2091/2464/4567 2086/2460/4568
f 2086/2460/4569 2091/2464/4570 2092/2284/4571 2087/2283/4572
f 2058/2295/4573 2067/2444/4574 2093/2465/4575 2088/2461/4576
s 40
f 2088/2461/4577 2093/2465/4578 2094/2466/4579 2089/2462/4580
f 2089/2462/4580 2094/2466/4579 2095/2467/4581 2090/2463/4582
s off
f 2090/2463/4583 2095/2467/4584 2096/2468/4585 2091/2464/4586
f 2091/2464/4587 2096/2468/4588 2097/2285/4589 2092/2284/4590
s 41
f 2067/2444/4591 2059/2313/4592 2098/2469/4593 2093/2465/4594
f 2093/2465/4594 2098/2469/4593 2099/2470/4595 2094/2466/4596
f 2094/2466/4596 2099/2470/4595 2100/2471/4597 2095/2467/4598
s off
f 2095/2467/4599 2100/2471/4600 2101/2472/4601 2096/2468/4602
f 2096/2468/4603 2101/2472/4604 2102/2286/4605 2097/2285/4606
s 42
f 2059/2313/4607 2064/2638/4608 2103/2637/4609 2098/2469/4610
f 2098/2469/4610 2103/2637/4609 2104/2636/4611 2099/2470/4612
f 2099/2470/4612 2104/2636/4611 2105/2635/4613 2100/2471/4614
f 2100/2471/4614 2105/2635/4613 2106/2634/4615 2101/2472/4616
f 2101/2472/4616 2106/2634/4615 2107/2639/4617 2102/2286/4618
s off
f 2064/2312/4619 1903/2279/4620 2068/2446/4621 2103/2473/4622
s 43
f 2103/2473/4623 2068/2446/4624 2069/2448/4625 2104/2474/4626
f 2104/2474/4626 2069/2448/4625 2070/2450/4627 2105/2475/4628
s off
f 2105/2475/4629 2070/2450/4630 2071/2452/4631 2106/2476/4632
f 2106/2476/4633 2071/2452/4634 2072/2280/4635 2107/2287/4636
s 44
f 1892/2553/4637 1893/2253/4638 2118/2477/4639 2111/2478/4640
f 2111/2478/4640 2118/2477/4639 2119/2479/4641 2112/2480/4642
f 2112/2480/4642 2119/2479/4641 2120/2481/4643 2113/2482/4644
f 2113/2482/4644 2120/2481/4643 2121/2483/4645 2114/2484/4646
f 2114/2484/4646 2121/2483/4645 2122/2485/4647 2115/2486/4648
f 2115/2486/4648 2122/2485/4647 2123/2487/4649 2116/2488/4650
f 2116/2488/4650 2123/2487/4649 2124/2247/4651 2117/2246/4652
s off
f 1893/2253/4653 2110/2257/4654 2125/2489/4655 2118/2477/4656
f 2118/2477/4657 2125/2489/4658 2126/2490/4659 2119/2479/4660
s 45
f 2119/2479/4661 2126/2490/4662 2127/2491/4663 2120/2481/4664
f 2120/2481/4664 2127/2491/4663 2128/2492/4665 2121/2483/4666
s off
f 2121/2483/4667 2128/2492/4668 2129/2493/4669 2122/2485/4670
s 46
f 2122/2485/4671 2129/2493/4672 2130/2494/4673 2123/2487/4674
f 2123/2487/4674 2130/2494/4673 2131/2248/4675 2124/2247/4676
s 2
f 2110/2257/4051 1899/2256/4050 2132/2495/4677 2125/2489/4678
s off
f 2125/2489/4679 2132/2495/4680 2133/2496/4681 2126/2490/4682
s 47
f 2126/2490/4683 2133/2496/4684 2134/2497/4685 2127/2491/4686
f 2127/2491/4686 2134/2497/4685 2135/2498/4687 2128/2492/4688
s off
f 2128/2492/4689 2135/2498/4690 2136/2499/4691 2129/2493/4692
f 2129/2493/4693 2136/2499/4694 2137/2500/4695 2130/2494/4696
f 2130/2494/4697 2137/2500/4698 2138/2249/4699 2131/2248/4700
s 48
f 1899/2256/4701 2108/2292/4702 2139/2501/4703 2132/2495/4704
f 2132/2495/4704 2139/2501/4703 2140/2502/4705 2133/2496/4706
s 49
f 2133/2496/4707 2140/2502/4708 2141/2503/4709 2134/2497/4710
f 2134/2497/4710 2141/2503/4709 2142/2504/4711 2135/2498/4712
s off
f 2135/2498/4713 2142/2504/4714 2143/2505/4715 2136/2499/4716
s 50
f 2136/2499/4717 2143/2505/4718 2144/2506/4719 2137/2500/4720
f 2137/2500/4720 2144/2506/4719 2145/2250/4721 2138/2249/4722
s 51
f 2108/2292/4723 1898/2243/4724 2146/2507/4725 2139/2501/4726
f 2139/2501/4726 2146/2507/4725 2147/2508/4727 2140/2502/4728
f 2140/2502/4728 2147/2508/4727 2148/2509/4729 2141/2503/4730
f 2141/2503/4730 2148/2509/4729 2149/2510/4731 2142/2504/4732
s 52
f 2142/2504/4733 2149/2510/4734 2150/2511/4735 2143/2505/4736
f 2143/2505/4736 2150/2511/4735 2151/2512/4737 2144/2506/4738
f 2144/2506/4738 2151/2512/4737 2152/2251/4739 2145/2250/4740
s off
f 1898/2243/4741 2109/2614/4742 2153/2613/4743 2146/2507/4744
f 2146/2507/4745 2153/2613/4746 2154/2612/4747 2147/2508/4748
s 53
f 2147/2508/4749 2154/2612/4750 2155/2611/4751 2148/2509/4752
f 2148/2509/4752 2155/2611/4751 2156/2610/4753 2149/2510/4754
s off
f 2149/2510/4755 2156/2610/4756 2157/2609/4757 2150/2511/4758
s 54
f 2150/2511/4759 2157/2609/4760 2158/2608/4761 2151/2512/4762
f 2151/2512/4762 2158/2608/4761 2159/2615/4763 2152/2251/4764
s 55
f 2109/2242/4765 1892/2553/4766 2111/2478/4767 2153/2513/4768
f 2153/2513/4768 2111/2478/4767 2112/2480/4769 2154/2514/4770
s 56
f 2154/2514/4771 2112/2480/4772 2113/2482/4773 2155/2515/4774
f 2155/2515/4774 2113/2482/4773 2114/2484/4775 2156/2516/4776
s off
f 2156/2516/4777 2114/2484/4778 2115/2486/4779 2157/2517/4780
s 57
f 2157/2517/4781 2115/2486/4782 2116/2488/4783 2158/2518/4784
f 2158/2518/4784 2116/2488/4783 2117/2246/4785 2159/2252/4786
s 58
f 1896/2559/4787 1891/2240/4788 2168/2519/4789 2163/2520/4790
f 2163/2520/4790 2168/2519/4789 2169/2521/4791 2164/2522/4792
f 2164/2522/4792 2169/2521/4791 2170/2523/4793 2165/2524/4794
f 2165/2524/4794 2170/2523/4793 2171/2525/4795 2166/2526/4796
f 2166/2526/4796 2171/2525/4795 2172/2264/4797 2167/2263/4798
s off
f 1891/2240/4799 2161/2245/4800 2173/2527/4801 2168/2519/4802
f 2168/2519/4803 2173/2527/4804 2174/2528/4805 2169/2521/4806
s 59
f 2169/2521/4807 2174/2528/4808 2175/2529/4809 2170/2523/4810
f 2170/2523/4810 2175/2529/4809 2176/2530/4811 2171/2525/4812
s off
f 2171/2525/4813 2176/2530/4814 2177/2265/4815 2172/2264/4816
f 2161/2245/4817 1897/2244/4818 2178/2531/4819 2173/2527/4820
f 2173/2527/4821 2178/2531/4822 2179/2532/4823 2174/2528/4824
s 60
f 2174/2528/4825 2179/2532/4826 2180/2533/4827 2175/2529/4828
f 2175/2529/4828 2180/2533/4827 2181/2534/4829 2176/2530/4830
s off
f 2176/2530/4831 2181/2534/4832 2182/2266/4833 2177/2265/4834
s 61
f 1897/2244/4835 2160/2311/4836 2183/2535/4837 2178/2531/4838
f 2178/2531/4838 2183/2535/4837 2184/2536/4839 2179/2532/4840
f 2179/2532/4840 2184/2536/4839 2185/2537/4841 2180/2533/4842
f 2180/2533/4842 2185/2537/4841 2186/2538/4843 2181/2534/4844
f 2181/2534/4844 2186/2538/4843 2187/2267/4845 2182/2266/4846
s off
f 2160/2311/4847 1902/2262/4848 2188/2539/4849 2183/2535/4850
f 2183/2535/4851 2188/2539/4852 2189/2540/4853 2184/2536/4854
s 62
f 2184/2536/4855 2189/2540/4856 2190/2541/4857 2185/2537/4858
f 2185/2537/4858 2190/2541/4857 2191/2542/4859 2186/2538/4860
s off
f 2186/2538/4861 2191/2542/4862 2192/2268/4863 2187/2267/4864
s 4
f 1902/2262/4059 2162/2644/4058 2193/2643/4865 2188/2539/4866
s off
f 2188/2539/4867 2193/2643/4868 2194/2642/4869 2189/2540/4870
s 63
f 2189/2540/4871 2194/2642/4872 2195/2641/4873 2190/2541/4874
f 2190/2541/4874 2195/2641/4873 2196/2640/4875 2191/2542/4876
s off
f 2191/2542/4877 2196/2640/4878 2197/2645/4879 2192/2268/4880
f 2162/2261/4881 1896/2559/4882 2163/2520/4883 2193/2543/4884
f 2193/2543/4885 2163/2520/4886 2164/2522/4887 2194/2544/4888
s 64
f 2194/2544/4889 2164/2522/4890 2165/2524/4891 2195/2545/4892
f 2195/2545/4892 2165/2524/4891 2166/2526/4893 2196/2546/4894
s off
f 2196/2546/4895 2166/2526/4896 2167/2263/4897 2197/2269/4898
g default
v -16.659664 1.379935 -0.463188
v -18.127003 1.670271 -0.983971
v -19.400291 2.034858 -0.394131
v -19.796221 2.108816 0.696416
v -19.364022 2.026611 1.897999
v -17.603102 1.598662 2.223251
v -16.533830 1.251391 1.672507
v -16.168169 1.258606 0.576514
v -16.974346 1.734619 -0.417302
v -17.931439 2.002738 -0.774723
v -19.003480 2.234465 -0.283615
v -19.340645 2.336296 0.687157
v -18.927086 2.246041 1.621598
v -17.635493 1.930366 1.997322
v -16.929986 1.626150 1.427815
v -16.523289 1.623290 0.592628
v -17.121739 2.165412 -0.179863
v -17.821584 2.245371 -0.337368
v -18.697245 2.463648 0.173870
v -18.748577 2.470641 0.623264
v -18.635992 2.502096 1.266329
v -17.666446 2.221883 1.561776
v -17.096356 2.060042 1.207678
v -16.781567 2.081460 0.606026
v -17.189337 2.543863 0.124558
v -17.681889 2.665725 -0.063685
v -18.344797 2.797804 0.242924
v -18.454211 2.808686 0.652507
v -18.325080 2.730874 1.050772
v -17.630392 2.653429 1.349537
v -17.152922 2.535168 1.123857
v -16.991506 2.530289 0.617581
v -17.452919 2.839910 0.366302
v -17.719485 2.905861 0.264425
v -17.977889 2.969863 0.386563
v -18.076760 2.994425 0.661167
v -17.958183 2.965158 0.927379
v -17.691615 2.899206 1.029256
v -17.433211 2.835204 0.907119
v -17.334340 2.810643 0.632514
v -17.687177 2.976765 0.646817
v -17.585056 2.917544 0.751997
v -17.805144 2.971956 0.541658
v -17.965749 1.738645 0.618890
v -17.969442 1.739185 0.616066
v -17.972478 1.740190 0.618961
v -17.973357 1.740284 0.624519
v -17.972166 1.740117 0.630731
v -17.967807 1.739079 0.632583
v -17.965294 1.738033 0.629869
v -17.964441 1.738323 0.624278
v -18.197752 -0.363066 0.365751
v -18.502086 -0.287774 0.239167
v -18.770505 -0.221287 0.379100
v -18.851028 -0.201272 0.640142
v -18.760372 -0.223620 0.928771
v -18.391598 -0.314878 1.008827
v -18.164244 -0.371197 0.878035
v -18.093668 -0.388750 0.615638
v -17.790394 0.529244 0.263461
v -18.262796 0.631589 0.076650
v -18.740713 0.760444 0.297188
v -18.863086 0.785655 0.671731
v -18.702555 0.750667 1.048645
v -18.116269 0.607062 1.156984
v -17.757349 0.502520 0.973532
v -17.638829 0.491678 0.608470
vt 0.341622 0.320985
vt 0.349229 0.212320
vt 0.420416 0.234830
vt 0.403320 0.319278
vt 0.340401 0.024679
vt 0.127686 0.892555
vt 0.131600 0.739461
vt 0.206841 0.788140
vt 0.207105 0.656665
vt 0.276670 0.687978
vt 0.266943 0.544827
vt 0.318549 0.575656
vt 0.290933 0.475058
vt 0.358739 0.506785
vt 0.306592 0.394407
vt 0.375334 0.418310
vt 0.502975 0.277917
vt 0.471426 0.355288
vt 0.288697 0.879562
vt 0.316170 0.807400
vt 0.341116 0.723362
vt 0.392884 0.605648
vt 0.418120 0.522809
vt 0.439722 0.444769
vt 0.564848 0.365837
vt 0.521625 0.419552
vt 0.442058 0.835247
vt 0.417788 0.778990
vt 0.417307 0.720433
vt 0.458524 0.618758
vt 0.472852 0.549219
vt 0.494069 0.483034
vt 0.603523 0.439336
vt 0.570864 0.476797
vt 0.539238 0.739975
vt 0.507822 0.714060
vt 0.501575 0.670406
vt 0.509599 0.624113
vt 0.525197 0.571546
vt 0.546377 0.522025
vt 0.582793 0.586140
vt 0.565843 0.655509
vt 0.556679 0.579749
vt 0.973514 0.798858
vt 0.974194 0.798120
vt 0.974981 0.798018
vt 0.972027 0.804021
vt 0.971727 0.802785
vt 0.971902 0.801743
vt 0.972173 0.800936
vt 0.972808 0.799852
vt 0.812245 0.615772
vt 0.865656 0.558005
vt 0.736852 0.979742
vt 0.725204 0.913818
vt 0.724353 0.849661
vt 0.735110 0.761374
vt 0.752218 0.705722
vt 0.780854 0.659976
vt 0.662311 0.533827
vt 0.706901 0.475519
vt 0.740318 0.421494
vt 0.547751 0.859603
vt 0.555175 0.794027
vt 0.582498 0.707272
vt 0.602382 0.646745
vt 0.627846 0.586717
vt 0.940667 0.504631
vt 0.536651 0.910213
vt 0.041198 0.362733
vt 0.972508 0.805016
vt 0.040855 0.366266
vt 0.041251 0.364699
vt 0.040158 0.367856
vt 0.039682 0.368886
vt 0.039174 0.370083
vt 0.038126 0.371173
vt 0.041505 0.363487
vt 0.020864 0.827979
vt 0.037125 0.371778
vt 0.613736 0.516079
vt 0.641803 0.415609
vt 0.636441 0.281330
vt 0.576146 0.161713
vt 0.441195 0.072564
vn 0.391109 0.379169 -0.838609
vn 0.391109 0.379169 -0.838609
vn 0.391109 0.379169 -0.838609
vn 0.391109 0.379169 -0.838609
vn -0.178401 0.645121 -0.742962
vn -0.178401 0.645121 -0.742962
vn -0.178401 0.645121 -0.742962
vn -0.178401 0.645121 -0.742962
vn -0.415391 0.881900 -0.222939
vn -0.415391 0.881900 -0.222939
vn -0.415391 0.881900 -0.222939
vn -0.415391 0.881900 -0.222939
vn -0.378657 0.898403 0.222465
vn -0.378657 0.898403 0.222465
vn -0.378657 0.898403 0.222465
vn -0.378657 0.898403 0.222465
vn -0.004754 0.675521 0.737325
vn -0.004754 0.675521 0.737325
vn -0.004754 0.675521 0.737325
vn -0.004754 0.675521 0.737325
vn 0.557031 0.667273 0.494432
vn 0.557031 0.667273 0.494432
vn 0.557031 0.667273 0.494432
vn 0.557031 0.667273 0.494432
vn 0.637241 0.726728 0.256498
vn 0.637241 0.726728 0.256498
vn 0.637241 0.726728 0.256498
vn 0.637241 0.726728 0.256498
vn 0.698913 0.671884 -0.245138
vn 0.698913 0.671884 -0.245138
vn 0.698913 0.671884 -0.245138
vn 0.698913 0.671884 -0.245138
vn 0.344651 0.673973 -0.653434
vn 0.344651 0.673973 -0.653434
vn 0.344651 0.673973 -0.653434
vn 0.344651 0.673973 -0.653434
vn -0.028933 0.889690 -0.455647
vn -0.028933 0.889690 -0.455647
vn -0.028932 0.889690 -0.455647
vn -0.028933 0.889690 -0.455647
vn -0.310674 0.937490 -0.156825
vn -0.310674 0.937490 -0.156825
vn -0.310674 0.937490 -0.156825
vn -0.310674 0.937490 -0.156825
vn -0.340211 0.928616 0.148083
vn -0.340211 0.928616 0.148083
vn -0.340211 0.928616 0.148083
vn -0.340211 0.928616 0.148083
vn 0.043054 0.814705 0.578276
vn 0.043054 0.814704 0.578276
vn 0.043054 0.814704 0.578276
vn 0.043054 0.814704 0.578276
vn 0.595499 0.621782 0.508693
vn 0.595499 0.621782 0.508693
vn 0.595499 0.621782 0.508693
vn 0.595499 0.621782 0.508693
vn 0.787388 0.467850 0.401417
vn 0.787388 0.467850 0.401417
vn 0.787388 0.467850 0.401417
vn 0.787388 0.467850 0.401417
vn 0.827241 0.466049 -0.313799
vn 0.827241 0.466049 -0.313799
vn 0.827241 0.466050 -0.313799
vn 0.827241 0.466050 -0.313799
vn 0.317510 0.536972 -0.781568
vn 0.317510 0.536972 -0.781568
vn 0.317510 0.536972 -0.781568
vn 0.317510 0.536972 -0.781568
vn -0.292388 0.547026 -0.784392
vn -0.292388 0.547026 -0.784393
vn -0.292388 0.547026 -0.784392
vn -0.292388 0.547026 -0.784392
vn -0.702127 0.696944 -0.145897
vn -0.702127 0.696944 -0.145897
vn -0.702127 0.696944 -0.145897
vn -0.702127 0.696944 -0.145897
vn -0.641661 0.745055 0.182111
vn -0.641661 0.745055 0.182111
vn -0.641661 0.745055 0.182111
vn -0.641661 0.745055 0.182111
vn -0.154639 0.593135 0.790112
vn -0.154639 0.593135 0.790112
vn -0.154639 0.593135 0.790112
vn -0.154639 0.593135 0.790112
vn 0.520848 0.275603 0.807936
vn 0.520848 0.275603 0.807936
vn 0.520848 0.275603 0.807936
vn 0.520848 0.275603 0.807936
vn 0.879474 0.283572 0.382245
vn 0.879475 0.283572 0.382245
vn 0.879474 0.283572 0.382245
vn 0.879475 0.283572 0.382245
vn 0.851313 0.410429 -0.326825
vn 0.851313 0.410429 -0.326825
vn 0.851313 0.410429 -0.326825
vn 0.851313 0.410429 -0.326825
vn 0.386262 0.764872 -0.515532
vn 0.386262 0.764872 -0.515532
vn 0.386262 0.764872 -0.515532
vn 0.386262 0.764872 -0.515532
vn -0.115034 0.786441 -0.606859
vn -0.115034 0.786441 -0.606859
vn -0.115034 0.786441 -0.606859
vn -0.115034 0.786441 -0.606859
vn -0.398905 0.901446 -0.168136
vn -0.398905 0.901446 -0.168136
vn -0.398905 0.901446 -0.168136
vn -0.398905 0.901446 -0.168136
vn -0.433679 0.850130 0.298666
vn -0.433679 0.850130 0.298666
vn -0.433679 0.850130 0.298666
vn -0.433679 0.850130 0.298666
vn -0.170001 0.725048 0.667387
vn -0.170001 0.725048 0.667387
vn -0.170001 0.725047 0.667387
vn -0.170001 0.725048 0.667387
vn 0.423242 0.756042 0.499266
vn 0.423242 0.756042 0.499266
vn 0.423242 0.756042 0.499266
vn 0.423242 0.756042 0.499266
vn 0.637298 0.748275 0.184217
vn 0.637298 0.748275 0.184217
vn 0.637298 0.748275 0.184217
vn 0.637298 0.748275 0.184217
vn 0.622675 0.751766 -0.217078
vn 0.622675 0.751766 -0.217078
vn 0.622675 0.751766 -0.217079
vn 0.622675 0.751766 -0.217078
vn 0.256583 0.946206 -0.197126
vn 0.256583 0.946206 -0.197126
vn 0.238177 0.951459 -0.194929
vn 0.236541 0.951908 -0.194731
vn 0.046580 0.998263 0.036074
vn 0.047557 0.998754 0.015128
vn 0.047478 0.998730 0.016834
vn 0.046580 0.998263 0.036074
vn 0.214460 0.956759 0.196520
vn 0.214460 0.956759 0.196520
vn 0.233191 0.952817 0.194323
vn 0.234848 0.952451 0.194125
vn 0.424463 0.904702 -0.036683
vn 0.423831 0.905605 -0.015737
vn 0.423889 0.905546 -0.017443
vn 0.424463 0.904702 -0.036683
vn 0.317163 0.930462 0.183436
vn 0.419304 0.905142 0.070014
vn 0.153476 0.970863 -0.184040
vn 0.051336 0.996182 -0.070619
vn -0.215201 -0.974521 0.063221
vn -0.215201 -0.974521 0.063221
vn -0.215201 -0.974521 0.063221
vn -0.215201 -0.974521 0.063221
vn -0.246353 -0.966935 0.065926
vn -0.246353 -0.966935 0.065926
vn -0.246353 -0.966935 0.065926
vn -0.246353 -0.966935 0.065926
vn -0.198344 -0.980116 -0.005587
vn -0.198344 -0.980116 -0.005587
vn -0.198344 -0.980117 -0.005587
vn -0.198344 -0.980117 -0.005587
vn -0.197978 -0.980198 0.004189
vn -0.197978 -0.980198 0.004189
vn -0.197978 -0.980198 0.004189
vn -0.197978 -0.980198 0.004189
vn -0.230228 -0.972576 -0.033034
vn -0.230228 -0.972576 -0.033034
vn -0.230228 -0.972576 -0.033034
vn -0.230228 -0.972576 -0.033034
vn -0.314444 -0.949206 -0.011550
vn -0.314444 -0.949206 -0.011550
vn -0.314444 -0.949206 -0.011550
vn -0.314444 -0.949206 -0.011550
vn -0.259218 -0.961351 -0.092796
vn -0.259218 -0.961351 -0.092796
vn -0.259218 -0.961351 -0.092796
vn -0.259218 -0.961351 -0.092796
vn -0.257795 -0.966157 0.009098
vn -0.257795 -0.966157 0.009098
vn -0.257795 -0.966157 0.009098
vn -0.257795 -0.966157 0.009098
vn 0.408909 0.310581 -0.858099
vn 0.408909 0.310581 -0.858099
vn 0.369542 -0.007121 -0.929187
vn 0.367458 -0.018158 -0.929863
vn -0.260412 0.478437 -0.838620
vn -0.260412 0.478437 -0.838620
vn -0.380471 0.184987 -0.906103
vn -0.379114 0.189084 -0.905825
vn -0.710763 0.648036 -0.273618
vn -0.710763 0.648036 -0.273617
vn -0.904248 0.293824 -0.309845
vn -0.905378 0.290213 -0.309946
vn -0.678451 0.648142 0.345857
vn -0.678451 0.648141 0.345857
vn -0.883632 0.283097 0.372896
vn -0.882776 0.285704 0.372933
vn -0.063699 0.427035 0.901989
vn -0.063699 0.427034 0.901989
vn -0.159196 0.122389 0.979631
vn -0.157445 0.128642 0.979113
vn 0.505231 0.308238 0.806059
vn 0.505231 0.308238 0.806059
vn 0.465243 -0.014110 0.885071
vn 0.461406 -0.032408 0.886597
vn 0.926529 0.237684 0.291633
vn 0.926529 0.237684 0.291633
vn 0.938333 -0.170954 0.300509
vn 0.941875 -0.148519 0.301354
vn 0.899244 0.238819 -0.366504
vn 0.899244 0.238819 -0.366504
vn 0.900399 -0.156445 -0.405963
vn 0.900740 -0.154567 -0.405926
vn 0.313752 -0.246035 -0.917075
vn 0.313752 -0.246035 -0.917075
vn -0.445312 -0.051898 -0.893870
vn -0.445312 -0.051898 -0.893870
vn -0.952620 0.000807 -0.304161
vn -0.952620 0.000807 -0.304161
vn -0.935724 -0.005406 0.352692
vn -0.935724 -0.005406 0.352691
vn -0.216032 -0.099342 0.971320
vn -0.216032 -0.099342 0.971320
vn 0.396389 -0.269680 0.877581
vn 0.396389 -0.269680 0.877581
vn 0.856599 -0.434799 0.277828
vn 0.856599 -0.434799 0.277828
vn 0.816110 -0.421348 -0.395513
vn 0.816110 -0.421348 -0.395513
s off
g mushroom1
usemtl lambert11SG
f 2198/2646/4899 2199/2647/4900 2207/2648/4901 2206/2649/4902
f 2199/2647/4903 2200/2650/4904 2208/2730/4905 2207/2648/4906
f 2200/2724/4907 2201/2652/4908 2209/2653/4909 2208/2651/4910
f 2201/2652/4911 2202/2654/4912 2210/2655/4913 2209/2653/4914
f 2202/2654/4915 2203/2656/4916 2211/2657/4917 2210/2655/4918
f 2203/2656/4919 2204/2658/4920 2212/2659/4921 2211/2657/4922
f 2204/2658/4923 2205/2660/4924 2213/2661/4925 2212/2659/4926
f 2205/2660/4927 2198/2646/4928 2206/2649/4929 2213/2661/4930
f 2206/2649/4931 2207/2648/4932 2215/2662/4933 2214/2663/4934
f 2207/2648/4935 2208/2730/4936 2216/2729/4937 2215/2662/4938
f 2208/2651/4939 2209/2653/4940 2217/2665/4941 2216/2664/4942
f 2209/2653/4943 2210/2655/4944 2218/2666/4945 2217/2665/4946
f 2210/2655/4947 2211/2657/4948 2219/2667/4949 2218/2666/4950
f 2211/2657/4951 2212/2659/4952 2220/2668/4953 2219/2667/4954
f 2212/2659/4955 2213/2661/4956 2221/2669/4957 2220/2668/4958
f 2213/2661/4959 2206/2649/4960 2214/2663/4961 2221/2669/4962
f 2214/2663/4963 2215/2662/4964 2223/2670/4965 2222/2671/4966
f 2215/2662/4967 2216/2729/4968 2224/2728/4969 2223/2670/4970
f 2216/2664/4971 2217/2665/4972 2225/2673/4973 2224/2672/4974
f 2217/2665/4975 2218/2666/4976 2226/2674/4977 2225/2673/4978
f 2218/2666/4979 2219/2667/4980 2227/2675/4981 2226/2674/4982
f 2219/2667/4983 2220/2668/4984 2228/2676/4985 2227/2675/4986
f 2220/2668/4987 2221/2669/4988 2229/2677/4989 2228/2676/4990
f 2221/2669/4991 2214/2663/4992 2222/2671/4993 2229/2677/4994
f 2222/2671/4995 2223/2670/4996 2231/2678/4997 2230/2679/4998
f 2223/2670/4999 2224/2728/5000 2232/2727/5001 2231/2678/5002
f 2224/2672/5003 2225/2673/5004 2233/2681/5005 2232/2680/5006
f 2225/2673/5007 2226/2674/5008 2234/2682/5009 2233/2681/5010
f 2226/2674/5011 2227/2675/5012 2235/2683/5013 2234/2682/5014
f 2227/2675/5015 2228/2676/5016 2236/2684/5017 2235/2683/5018
f 2228/2676/5019 2229/2677/5020 2237/2685/5021 2236/2684/5022
f 2229/2677/5023 2222/2671/5024 2230/2679/5025 2237/2685/5026
s 1
f 2238/2686/5027 2230/2679/5028 2231/2678/5029 2240/2726/5030
s 2
f 2238/2686/5031 2240/2687/5032 2233/2681/5033 2234/2682/5034
s 3
f 2238/2686/5035 2234/2682/5036 2235/2683/5037 2239/2688/5038
s 4
f 2238/2686/5039 2239/2688/5040 2237/2685/5041 2230/2679/5042
s 3
f 2235/2683/5037 2236/2684/5043 2239/2688/5038
s 4
f 2236/2684/5044 2237/2685/5041 2239/2688/5040
s 1
f 2231/2678/5029 2232/2727/5045 2240/2726/5030
s 2
f 2232/2680/5046 2233/2681/5033 2240/2687/5032
s off
f 2199/2647/5047 2198/2646/5048 2241/2718/5049 2242/2723/5050
f 2200/2650/5051 2199/2647/5052 2242/2723/5053 2243/2715/5054
f 2201/2652/5055 2200/2724/5056 2243/2725/5057 2244/2722/5058
f 2202/2654/5059 2201/2652/5060 2244/2722/5061 2245/2721/5062
f 2203/2656/5063 2202/2654/5064 2245/2721/5065 2246/2720/5066
f 2204/2658/5067 2203/2656/5068 2246/2720/5069 2247/2719/5070
f 2205/2660/5071 2204/2658/5072 2247/2719/5073 2248/2717/5074
f 2198/2646/5075 2205/2660/5076 2248/2717/5077 2241/2718/5078
s 5
f 2242/2690/5079 2241/2689/5080 2257/2697/5081 2258/2698/5082
s 6
f 2243/2691/5083 2242/2690/5084 2258/2698/5085 2259/2713/5086
s 7
f 2244/2692/5087 2243/2716/5088 2259/2699/5089 2260/2700/5090
s 8
f 2245/2693/5091 2244/2692/5092 2260/2700/5093 2261/2701/5094
s 9
f 2246/2694/5095 2245/2693/5096 2261/2701/5097 2262/2702/5098
s 10
f 2247/2695/5099 2246/2694/5100 2262/2702/5101 2263/2703/5102
s 11
f 2248/2696/5103 2247/2695/5104 2263/2703/5105 2264/2704/5106
s 12
f 2241/2689/5107 2248/2696/5108 2264/2704/5109 2257/2697/5110
s 5
f 2258/2698/5082 2257/2697/5081 2249/2705/5111 2250/2706/5112
s 6
f 2259/2713/5086 2258/2698/5085 2250/2706/5113 2251/2707/5114
s 7
f 2260/2700/5090 2259/2699/5089 2251/2714/5115 2252/2708/5116
s 8
f 2261/2701/5094 2260/2700/5093 2252/2708/5117 2253/2709/5118
s 9
f 2262/2702/5098 2261/2701/5097 2253/2709/5119 2254/2710/5120
s 10
f 2263/2703/5102 2262/2702/5101 2254/2710/5121 2255/2711/5122
s 11
f 2264/2704/5106 2263/2703/5105 2255/2711/5123 2256/2712/5124
s 12
f 2257/2697/5110 2264/2704/5109 2256/2712/5125 2249/2705/5126
g default
v -9.404237 0.333832 17.278379
v -8.253693 0.333832 16.670583
v -8.204792 0.333832 15.370288
v -9.306425 0.333832 14.677783
v -10.456970 0.333832 15.285577
v -10.505876 0.333832 16.585877
v -9.404237 1.811828 17.278379
v -8.253693 1.811828 16.670583
v -8.204792 1.811828 15.370288
v -9.306425 1.811828 14.677783
v -10.456970 1.811828 15.285577
v -10.505876 1.811828 16.585877
v -9.355331 0.333832 15.978080
v -7.694775 8.864362 20.768253
v -10.984561 16.306655 18.905364
v -8.685222 20.640256 16.776391
v -6.730166 21.249592 15.667709
v -6.892300 9.174024 19.895027
v -9.876578 16.589351 18.311907
v -8.324438 20.502424 16.658521
v -6.676198 21.162163 15.662804
v -7.162233 9.007401 19.230980
v -10.133692 16.324469 17.839339
v -8.282240 20.392197 16.265062
v -6.688220 21.108512 15.555490
v -7.490712 9.373430 18.771160
v -10.285695 16.525856 17.273178
v -8.600832 20.419798 15.989472
v -6.754198 21.142292 15.453071
v -8.453466 9.369438 19.351162
v -11.403958 16.014587 17.979607
v -8.961607 20.557624 16.107336
v -6.808161 21.229718 15.457974
v -8.521012 9.107563 20.292875
v -11.225848 16.377120 18.331726
v -9.003808 20.667855 16.500799
v -6.796145 21.283366 15.565291
v -7.549270 9.906084 18.975395
v -7.279334 10.072709 19.639440
v -6.950855 9.706678 20.099258
v -8.054749 9.695658 20.570645
v -8.901230 9.899563 19.878736
v -8.852640 9.936780 19.131421
v -8.301087 10.961104 18.582291
v -7.537948 10.813814 19.038571
v -7.607337 10.625771 19.927041
v -8.439872 10.585018 20.359237
v -9.131975 10.637829 19.973800
v -9.083382 10.722799 19.226482
v -11.340796 15.581590 18.201133
v -10.486197 15.597105 17.690632
v -9.909029 15.732485 18.090629
v -9.983854 15.762044 18.822191
v -10.921393 15.873657 19.126890
v -11.099513 15.511125 18.774774
v -11.077480 16.893795 17.592506
v -10.180551 16.992122 17.179573
v -9.923431 17.257006 17.652144
v -9.771446 17.055620 18.218311
v -10.636007 17.114397 18.623908
v -11.148047 16.965460 18.250705
v -3.167374 11.805844 16.335706
v 1.856053 13.963297 12.610527
v -3.347009 11.702898 15.990550
v 1.825091 13.945440 12.546465
v -3.629082 12.209849 16.355340
v 1.790534 14.046037 12.599950
v -3.308414 12.059323 16.518107
v 1.838758 14.013596 12.637278
v -3.667667 11.853422 15.827781
v 1.776854 13.977879 12.509145
v -3.808717 12.106894 16.010183
v 1.759559 14.028175 12.535896
v -9.026667 10.355894 20.081044
v -8.957944 10.476061 19.024174
v -8.829141 9.499099 19.485389
v -9.155470 10.789806 19.619830
v -17.210241 13.414807 17.264500
v -26.036330 13.484313 16.554573
v -17.108301 13.490655 17.091484
v -26.033647 13.500913 16.520374
v -17.243389 13.451223 17.482065
v -26.039903 13.490500 16.594556
v -17.188322 13.578568 17.616732
v -26.042276 13.515849 16.616896
v -17.077297 13.722247 17.589614
v -26.042060 13.545509 16.608517
v -16.975357 13.798094 17.416597
v -26.039377 13.562111 16.574314
v -16.942199 13.761677 17.199029
v -26.035795 13.555923 16.534332
v -16.997267 13.634332 17.064362
v -26.033427 13.530575 16.511991
v -8.482182 9.258137 19.751407
v -12.204229 15.924255 20.956178
v -14.158226 17.014575 22.069744
v -15.784852 18.827212 22.440212
v -12.444997 15.674540 20.807621
v -14.332450 16.884653 22.023272
v -15.838619 18.803450 22.433957
v -12.326848 16.230095 20.867248
v -14.117748 17.150793 21.903003
v -15.758475 18.847385 22.389987
v -12.690240 16.286220 20.629761
v -14.251485 17.157095 21.689787
v -15.785863 18.843793 22.333508
v -12.808394 15.730665 20.570132
v -14.466184 16.890953 21.810053
v -15.866004 18.799860 22.377475
v -12.931011 16.036507 20.481197
v -14.425698 17.027171 21.643306
v -15.839622 18.820026 22.327247
v -3.802628 18.374797 19.388280
v -1.438357 21.265022 19.943880
v -3.668320 18.296225 19.083343
v -1.396072 21.252957 19.897785
v -3.908110 18.737658 19.031871
v -1.499971 21.305402 19.868014
v -3.917977 18.621797 19.350837
v -1.490304 21.291251 19.928997
v -3.688239 18.390178 18.802387
v -1.405737 21.267110 19.836801
v -3.782895 18.606525 18.750355
v -1.457679 21.293332 19.821917
v -3.606458 18.614610 19.434383
v -3.716552 18.843292 19.398814
v -3.708305 18.950712 19.101254
v -3.589962 18.829461 18.839265
v -3.488178 18.552453 18.887565
v -3.468263 18.458498 19.168523
v -3.245492 12.301230 15.658764
v -3.116959 12.068309 15.492103
v -2.823858 11.929729 15.642185
v -2.659260 12.024069 15.958909
v -2.513265 12.295220 15.813400
v -3.080895 12.395578 15.975486
v -0.314298 14.293293 16.459337
v -0.144684 14.384451 16.470217
v -0.130973 14.377843 16.401667
v -0.286499 14.294247 16.391547
v -0.262581 14.256743 16.461277
v -0.239153 14.260688 16.393584
v -3.564160 18.357903 19.184117
v -3.592333 18.490775 18.786789
v -3.719707 18.309593 18.925220
v -3.436787 18.539083 19.045686
v -0.367181 17.615643 17.103990
v 0.293743 16.561960 14.266209
v -0.409434 17.628349 17.024114
v 0.280316 16.567226 14.259240
v -0.419026 17.682961 16.970194
v 0.277471 16.577728 14.250889
v -0.390330 17.747490 16.973806
v 0.286855 16.587309 14.246051
v -0.340157 17.784135 17.032841
v 0.302996 16.590359 14.247563
v -0.297898 17.771430 17.112710
v 0.316423 16.585089 14.254531
v -0.288308 17.716816 17.166633
v 0.319274 16.574589 14.262880
v -0.317001 17.652288 17.163020
v 0.309885 16.565006 14.267714
vt 0.194445 0.150188
vt 0.209930 0.122142
vt 0.265789 0.137780
vt 0.239410 0.185753
vt 0.210851 0.084525
vt 0.271245 0.082803
vt 0.193674 0.036871
vt 0.104258 0.267814
vt 0.131376 0.178430
vt 0.149082 0.238147
vt 0.167195 0.168376
vt 0.196820 0.215217
vt 0.150924 0.114339
vt 0.732858 0.864132
vt 0.516845 0.374812
vt 0.615625 0.957152
vt 0.534130 0.404106
vt 0.845018 0.079414
vt 0.486582 0.900467
vt 0.370383 0.926964
vt 0.718476 0.695998
vt 0.819873 0.848459
vt 0.836148 0.850338
vt 0.874218 0.927157
vt 0.869985 0.928647
vt 0.705740 0.882779
vt 0.340641 0.481806
vt 0.348687 0.475884
vt 0.345755 0.483221
vt 0.342855 0.483932
vt 0.265351 0.463360
vt 0.276832 0.462995
vt 0.270091 0.466578
vt 0.268230 0.463686
vt 0.853601 0.848091
vt 0.879161 0.925684
vt 0.678477 0.895577
vt 0.349586 0.479187
vt 0.348394 0.481612
vt 0.274944 0.465272
vt 0.272767 0.466732
vt 0.868779 0.838113
vt 0.858913 0.939475
vt 0.467502 0.445836
vt 0.533105 0.064082
vt 0.656599 0.909150
vt 0.449779 0.945222
vt 0.915520 0.032122
vt 0.675555 0.728986
vt 0.426158 0.942726
vt 0.793606 0.869403
vt 0.861246 0.935755
vt 0.494830 0.410696
vt 0.479291 0.430656
vt 0.487862 0.447822
vt 0.572534 0.038880
vt 0.880229 0.050017
vt 0.693227 0.707055
vt 0.804200 0.855891
vt 0.865198 0.931919
vt 0.634060 0.933342
vt 0.483718 0.526631
vt 0.625662 0.406033
vt 0.586216 0.411143
vt 0.556670 0.439593
vt 0.608494 0.046442
vt 0.595433 0.040708
vt 0.888206 0.761492
vt 0.888870 0.759943
vt 0.889997 0.758552
vt 0.891185 0.757666
vt 0.892413 0.757118
vt 0.893179 0.758687
vt 0.894924 0.758198
vt 0.888021 0.762857
vt 0.521271 0.086289
vt 0.643295 0.043620
vt 0.773188 0.609927
vt 0.743230 0.617438
vt 0.713073 0.628180
vt 0.811946 0.094360
vt 0.771446 0.086597
vt 0.625787 0.048574
vt 0.726451 0.071087
vt 0.473403 0.926444
vt 0.912142 0.593131
vt 0.915411 0.590403
vt 0.919197 0.589405
vt 0.923047 0.591220
vt 0.912430 0.597638
vt 0.924965 0.596058
vt 0.400227 0.929546
vt 0.530894 0.698519
vt 0.151648 0.322770
vt 0.511701 0.674923
vt 0.021028 0.464417
vt 0.121661 0.334958
vt 0.081807 0.329843
vt 0.228928 0.663469
vt 0.234803 0.674785
vt 0.231430 0.680419
vt 0.225474 0.668373
vt 0.233313 0.663296
vt 0.220763 0.671621
vt 0.520320 0.712521
vt 0.502776 0.688091
vt 0.511545 0.725040
vt 0.495075 0.699964
vt 0.067235 0.405738
vt 0.723714 0.436148
vt 0.714319 0.437870
vt 0.732843 0.432066
vt 0.739466 0.426501
vt 0.744643 0.420196
vt 0.752206 0.414451
vt 0.761571 0.411101
vt 0.706167 0.437936
vt 0.842149 0.253361
vt 0.814780 0.259498
vt 0.879142 0.424864
vt 0.863381 0.431202
vt 0.866513 0.256839
vt 0.895132 0.421186
vt 0.899230 0.260801
vt 0.914309 0.420487
vt 0.952283 0.250574
vt 0.946936 0.422299
vt 0.928283 0.258700
vt 0.930923 0.421369
vt 0.261454 0.974460
vt 0.285294 0.637764
vt 0.273534 0.965220
vt 0.280571 0.953948
vt 0.363308 0.595901
vt 0.298271 0.635662
vt 0.314720 0.632161
vt 0.295205 0.620172
vt 0.309448 0.615601
vt 0.231926 0.979532
vt 0.246129 0.979346
vt 0.028623 0.515074
vt 0.028349 0.514293
vt 0.027983 0.513189
vt 0.031208 0.512513
vt 0.030017 0.513557
vt 0.028570 0.513334
vt 0.028821 0.514128
vt 0.028986 0.514891
vt 0.330618 0.627948
vt 0.324183 0.613986
vt 0.299823 0.930673
vt 0.313754 0.924414
vt 0.288003 0.941703
vt 0.050586 0.468419
vt 0.071701 0.647173
vt 0.079461 0.645643
vt 0.064805 0.649364
vt 0.107937 0.624166
vt 0.102986 0.629610
vt 0.097693 0.635583
vt 0.092129 0.640307
vt 0.086459 0.643691
vt 0.592768 0.379767
vt 0.569017 0.361687
vt 0.622930 0.367266
vt 0.553104 0.305332
vt 0.430847 0.481081
vt 0.555144 0.338061
vt 0.532878 0.485981
vt 0.517551 0.495764
vt 0.547722 0.043529
vt 0.492233 0.468170
vt 0.503484 0.487362
vt 0.533867 0.458053
vt 0.539611 0.470536
vt 0.513986 0.447389
vt 0.770296 0.410929
vt 0.654410 0.033345
vt 0.896362 0.757725
vt 0.890743 0.761323
vt 0.457152 0.696362
vt 0.481156 0.709195
vt 0.454911 0.711127
vt 0.497512 0.736091
vt 0.544660 0.686913
vt 0.481816 0.743682
vt 0.524435 0.664468
vt 0.351292 0.473894
vt 0.595279 0.972764
vt 0.466973 0.747557
vt 0.240410 0.665527
vt 0.201422 0.359336
vt 0.662086 0.659740
vt 0.649001 0.682124
vt 0.684162 0.655212
vt 0.692375 0.671157
vt 0.656898 0.696268
vt 0.677554 0.692540
vt 0.929302 0.597262
vt 0.845851 0.438638
vt 0.786268 0.274234
vt 0.950500 0.041076
vt 0.343774 0.607689
vt 0.350971 0.606797
vt 0.348753 0.623085
vt 0.341491 0.624081
vt 0.338088 0.620560
vt 0.338186 0.613845
vt 0.355060 0.610874
vt 0.354309 0.617266
vt 0.058584 0.651923
vt 0.218734 0.979198
vt 0.026663 0.513461
vt 0.029714 0.513492
vt 0.784212 0.692823
vt 0.757487 0.689235
vt 0.803766 0.675800
vt 0.761457 0.643521
vt 0.643585 0.751690
vt 0.744666 0.664094
vt 0.284499 0.625774
vt 0.276851 0.460501
vt 0.369841 0.612120
vt 0.351820 0.941586
vt 0.663945 0.768302
vt 0.791234 0.885328
vt 0.615624 0.704927
vt 0.786295 0.653400
vt 0.663942 0.410363
vt 0.444691 0.492858
vt 0.884134 0.923559
vt 0.277211 0.026023
vt 0.573047 0.284239
vt 0.089323 0.176675
vn 0.467098 0.000000 0.884205
vn 0.467098 0.000000 0.884205
vn 0.576178 -0.375869 0.725770
vn 0.576370 -0.377010 0.725025
vn 0.999294 0.000000 0.037582
vn 0.999294 0.000000 0.037582
vn 0.994153 -0.085136 -0.066416
vn 0.992956 -0.091930 -0.074745
vn 0.532199 0.000000 -0.846619
vn 0.532199 0.000000 -0.846619
vn 0.624617 0.203121 -0.754052
vn 0.629575 0.216493 -0.746167
vn -0.467096 0.000000 -0.884206
vn -0.467096 0.000000 -0.884206
vn -0.436820 0.441176 -0.783934
vn -0.437051 0.439956 -0.784490
vn -0.999293 0.000000 -0.037585
vn -0.999293 0.000000 -0.037585
vn -0.973238 0.228779 -0.021647
vn -0.976381 0.214864 -0.022675
vn -0.532195 0.000000 0.846622
vn -0.532195 0.000000 0.846622
vn -0.527535 -0.228969 0.818095
vn -0.528623 -0.215371 0.821080
vn 0.000000 -1.000000 0.000000
vn 0.000000 -1.000000 0.000000
vn 0.000000 -1.000000 0.000000
vn 0.000000 -1.000000 0.000000
vn 0.000000 -1.000000 0.000000
vn 0.000000 -1.000000 0.000000
vn 0.000000 -1.000000 0.000000
vn 0.619286 -0.346596 0.704525
vn 0.589340 -0.414161 0.693649
vn 0.666462 0.005073 0.745522
vn 0.450928 0.308214 0.837656
vn 0.360771 0.371400 0.855515
vn 0.405460 0.236762 0.882919
vn 0.418543 0.207209 0.884243
vn 0.420801 0.197443 0.885405
vn 0.412886 0.234282 0.880135
vn 0.412732 0.236262 0.879677
vn 0.408932 0.279448 0.868725
vn 0.408932 0.279448 0.868725
vn 0.988303 -0.113774 -0.101555
vn 0.988303 -0.113774 -0.101555
vn 0.714489 0.503704 -0.485580
vn 0.714420 0.503733 -0.485652
vn 0.714412 0.503736 -0.485660
vn 0.714489 0.503704 -0.485580
vn 0.412963 0.899400 0.143320
vn 0.412955 0.899404 0.143319
vn 0.412955 0.899404 0.143319
vn 0.412963 0.899400 0.143320
vn 0.500960 -0.813170 0.296300
vn 0.500960 -0.813170 0.296300
vn 0.500960 -0.813170 0.296300
vn 0.500960 -0.813170 0.296300
vn 0.645284 0.261838 -0.717669
vn 0.645284 0.261838 -0.717669
vn 0.714343 0.503765 -0.485731
vn 0.714343 0.503765 -0.485731
vn 0.412948 0.899408 0.143318
vn 0.412948 0.899408 0.143318
vn 0.234569 -0.893181 -0.383672
vn 0.234569 -0.893181 -0.383672
vn 0.234569 -0.893181 -0.383672
vn 0.234569 -0.893181 -0.383672
vn -0.420595 0.474704 -0.773147
vn -0.455179 0.450171 -0.768218
vn -0.074328 -0.233722 -0.969458
vn -0.570028 0.049449 -0.820136
vn -0.434603 -0.222085 -0.872810
vn -0.600147 -0.360846 -0.713872
vn -0.406129 -0.153123 -0.900896
vn -0.395756 -0.145859 -0.906699
vn -0.374436 -0.121010 -0.919323
vn -0.378145 -0.126164 -0.917109
vn -0.284062 -0.000459 -0.958806
vn -0.284062 -0.000459 -0.958806
vn -0.963129 0.268389 -0.018677
vn -0.963130 0.268389 -0.018677
vn -0.963130 0.268389 -0.018677
vn -0.714576 -0.668401 -0.206451
vn -0.793455 -0.606212 -0.054189
vn -0.831667 -0.553094 0.049171
vn -0.831667 -0.553094 0.049171
vn -0.964861 0.262566 -0.010137
vn -0.964861 0.262566 -0.010137
vn -0.899977 0.410829 -0.145811
vn -0.898818 0.412720 -0.147612
vn -0.370853 0.875794 -0.308955
vn -0.370853 0.875794 -0.308955
vn -0.370853 0.875794 -0.308955
vn -0.370853 0.875794 -0.308955
vn -0.526126 -0.258101 0.810293
vn -0.531076 -0.232977 0.814665
vn -0.557277 -0.007307 0.830294
vn -0.487960 -0.328716 0.808604
vn -0.741284 0.371519 0.558992
vn -0.741284 0.371519 0.558992
vn -0.566458 0.580159 0.585270
vn -0.600523 0.546378 0.583818
vn -0.135455 0.946919 0.291543
vn -0.135455 0.946919 0.291542
vn -0.135455 0.946919 0.291542
vn -0.135455 0.946919 0.291543
vn 0.734295 0.038011 -0.677765
vn 0.734295 0.038011 -0.677765
vn 0.551271 0.090757 -0.829376
vn 0.597323 0.078823 -0.798118
vn 0.867821 0.495507 0.036863
vn 0.867821 0.495507 0.036863
vn 0.886880 0.446519 0.118596
vn 0.884903 0.453041 0.108171
vn 0.372182 0.370431 0.851036
vn 0.371776 0.369049 0.851813
vn -0.603756 -0.104281 0.790319
vn -0.616245 -0.095236 0.781775
vn -0.455934 -0.419732 0.784824
vn -0.996110 -0.017073 -0.086445
vn -0.996110 -0.017073 -0.086445
vn -0.996110 -0.017073 -0.086445
vn -0.996110 -0.017073 -0.086445
vn -0.996110 -0.017073 -0.086445
vn -0.996110 -0.017073 -0.086445
vn -0.996110 -0.017073 -0.086445
vn -0.996110 -0.017073 -0.086445
vn 0.033907 -0.231433 -0.972260
vn -0.450765 -0.374713 -0.810186
vn -0.462473 -0.378435 -0.801814
vn 0.562228 0.064332 -0.824476
vn 0.881828 0.285940 -0.374991
vn 0.905360 0.412376 0.101339
vn 0.365593 0.375079 0.851855
vn 0.362091 0.383035 0.849808
vn -0.625532 -0.088398 0.775174
vn -0.625532 -0.088398 0.775174
vn -0.920719 -0.379154 0.092298
vn -0.920719 -0.379154 0.092298
vn -0.920719 -0.379154 0.092298
vn -0.920719 -0.379154 0.092298
vn -0.920719 -0.379154 0.092298
vn -0.545118 -0.390608 -0.741803
vn -0.481669 -0.382322 -0.788559
vn 0.764760 -0.249147 -0.594195
vn 0.904577 -0.138031 -0.403345
vn 0.988687 0.001290 -0.149989
vn -0.414011 0.898881 0.143553
vn -0.413974 0.898888 0.143614
vn -0.413974 0.898889 0.143614
vn -0.414007 0.898882 0.143560
vn -0.414044 0.898875 0.143499
vn -0.414044 0.898875 0.143499
vn 0.815953 -0.505332 -0.280821
vn 0.746355 -0.526281 -0.407410
vn 0.746355 -0.526281 -0.407410
vn 0.817226 -0.504778 -0.278104
vn 0.869404 -0.472544 -0.144353
vn 0.869404 -0.472544 -0.144353
vn -0.544994 0.600149 0.585494
vn -0.544994 0.600149 0.585494
vn -0.883581 0.436254 -0.170200
vn -0.883581 0.436254 -0.170200
vn 0.559756 -0.828179 -0.028137
vn 0.559756 -0.828179 -0.028137
vn 0.551800 -0.833649 -0.023362
vn 0.558097 -0.829604 0.016915
vn 0.424350 -0.904196 0.048540
vn 0.514760 -0.835001 0.194412
vn 0.066865 0.801023 0.594887
vn 0.066865 0.801023 0.594887
vn 0.066865 0.801023 0.594887
vn 0.066865 0.801023 0.594887
vn -0.500736 0.809648 -0.306159
vn -0.457278 0.871860 -0.175376
vn -0.457278 0.871860 -0.175376
vn -0.500439 0.810210 -0.305159
vn 0.694485 -0.175569 0.697758
vn 0.628001 -0.227970 0.744073
vn 0.711584 -0.671390 0.207083
vn 0.597991 -0.719892 0.352367
vn 0.598780 -0.719666 0.351486
vn 0.711584 -0.671390 0.207083
vn 0.002447 -0.768342 -0.640035
vn 0.002447 -0.768342 -0.640035
vn -0.002805 -0.770341 -0.637626
vn -0.002113 -0.770079 -0.637944
vn -0.062259 -0.791059 -0.608563
vn -0.062258 -0.791061 -0.608561
vn -0.663988 0.187819 -0.723771
vn -0.666563 0.186089 -0.721848
vn -0.572156 0.241409 -0.783811
vn -0.572164 0.241478 -0.783784
vn -0.508409 0.861108 -0.003537
vn -0.508409 0.861108 -0.003537
vn -0.499273 0.865393 -0.042693
vn -0.499215 0.866430 -0.009123
vn -0.435431 0.880266 -0.188497
vn -0.370593 0.925131 -0.082421
vn -0.134387 -0.699622 -0.701762
vn -0.134387 -0.699622 -0.701762
vn -0.094266 -0.769138 -0.632092
vn -0.102585 -0.755583 -0.646971
vn 0.024523 -0.917507 -0.396963
vn 0.024523 -0.917507 -0.396963
vn -0.464826 -0.756129 0.460657
vn -0.464826 -0.756129 0.460657
vn -0.360730 -0.844738 0.395337
vn -0.374693 -0.834346 0.404317
vn -0.020625 -0.986853 0.160298
vn -0.020625 -0.986853 0.160298
vn -0.350871 -0.546866 0.760149
vn -0.345436 -0.550715 0.759860
vn -0.074769 -0.702213 0.708030
vn -0.074769 -0.702213 0.708030
vn -0.165846 0.298901 0.939763
vn -0.165846 0.298901 0.939763
vn -0.151033 0.290440 0.944899
vn -0.147702 0.288528 0.946010
vn -0.110029 0.266684 0.957483
vn -0.110029 0.266684 0.957483
vn 0.220590 0.882898 0.414525
vn 0.220590 0.882898 0.414525
vn 0.148426 0.900345 0.409083
vn 0.129278 0.904111 0.407272
vn -0.059693 0.922477 0.381410
vn -0.059693 0.922477 0.381410
vn 0.379542 0.920739 -0.090485
vn 0.379542 0.920739 -0.090485
vn 0.379542 0.920739 -0.090485
vn 0.379542 0.920739 -0.090485
vn -0.010332 0.986301 -0.164629
vn -0.010332 0.986301 -0.164629
vn -0.010332 0.986301 -0.164629
vn -0.010332 0.986301 -0.164629
vn 0.413437 0.651117 -0.636487
vn 0.413437 0.651117 -0.636487
vn 0.298176 0.681239 -0.668584
vn 0.305727 0.679613 -0.666826
vn 0.035046 0.710539 -0.702785
vn 0.035046 0.710539 -0.702785
vn 0.136429 -0.202812 -0.969667
vn 0.140495 -0.200827 -0.969500
vn 0.061866 -0.238233 -0.969236
vn 0.061866 -0.238233 -0.969236
vn -0.439685 -0.724705 -0.530546
vn -0.439685 -0.724705 -0.530546
vn 0.554251 -0.720300 0.417101
vn 0.554251 -0.720300 0.417101
vn 0.554251 -0.720300 0.417101
vn 0.554251 -0.720300 0.417101
vn 0.145556 -0.573323 0.806296
vn 0.145556 -0.573323 0.806296
vn 0.066237 -0.452733 0.889183
vn 0.104347 -0.511894 0.852688
vn -0.055666 -0.249143 0.966866
vn -0.055666 -0.249143 0.966866
vn 0.749417 0.407668 0.521710
vn 0.749417 0.407668 0.521710
vn 0.688885 0.442505 0.574131
vn 0.719993 0.425403 0.548310
vn 0.642213 0.482659 0.595485
vn 0.628698 0.479837 0.611960
vn 0.670748 0.488055 0.558480
vn 0.670748 0.488055 0.558480
vn 0.082492 0.992210 0.093356
vn 0.082492 0.992210 0.093356
vn 0.082492 0.992210 0.093356
vn 0.082492 0.992210 0.093356
vn 0.334663 0.910462 -0.243021
vn 0.334663 0.910462 -0.243021
vn 0.444077 0.847546 -0.290621
vn 0.429304 0.857246 -0.284300
vn 0.616611 0.699436 -0.361360
vn 0.616611 0.699436 -0.361360
vn -0.161741 -0.986270 -0.033346
vn -0.161741 -0.986270 -0.033346
vn -0.233236 -0.969897 0.070004
vn -0.264586 -0.957269 0.116745
vn -0.476269 -0.813682 0.333302
vn -0.488249 -0.804768 0.337582
vn -0.678335 -0.616958 0.399030
vn -0.678335 -0.616958 0.399030
vn -0.601930 0.710273 -0.364957
vn -0.601930 0.710273 -0.364957
vn -0.601930 0.710273 -0.364957
vn -0.601930 0.710273 -0.364957
vn -0.191887 0.606262 -0.771768
vn -0.191887 0.606262 -0.771768
vn -0.152370 0.551474 -0.820158
vn -0.116629 0.499971 -0.858153
vn -0.015461 0.344988 -0.938480
vn -0.015461 0.344988 -0.938480
vn -0.775707 -0.405302 -0.483745
vn -0.758530 -0.417252 -0.500532
vn -0.724336 -0.434442 -0.535348
vn -0.734877 -0.422629 -0.530415
vn -0.755505 -0.398472 -0.520031
vn -0.755505 -0.398472 -0.520031
vn 0.203589 -0.907050 0.368526
vn 0.203589 -0.907050 0.368526
vn 0.193079 -0.901667 0.386933
vn 0.215265 -0.900391 0.378096
vn 0.302541 -0.689512 0.658059
vn 0.510742 -0.465320 0.722924
vn 0.541170 -0.570710 0.617596
vn -0.303157 0.880564 0.364284
vn -0.303157 0.880564 0.364284
vn -0.303157 0.880564 0.364284
vn -0.303157 0.880564 0.364284
vn -0.746022 0.632844 0.207268
vn -0.746022 0.632844 0.207268
vn -0.745786 0.630660 0.214642
vn -0.745747 0.630329 0.215747
vn -0.226116 0.172879 0.958637
vn -0.226116 0.172879 0.958637
vn -0.226590 0.170906 0.958879
vn -0.228009 0.164956 0.959584
vn -0.258840 0.026190 0.965565
vn -0.259034 0.026376 0.965508
vn 0.332226 -0.867533 -0.370151
vn 0.332226 -0.867533 -0.370151
vn 0.332226 -0.867533 -0.370151
vn 0.332226 -0.867533 -0.370151
vn 0.332226 -0.867533 -0.370151
vn 0.183847 -0.580631 -0.793138
vn 0.183847 -0.580631 -0.793138
vn 0.183847 -0.580631 -0.793138
vn 0.183847 -0.580631 -0.793138
vn 0.183847 -0.580631 -0.793138
vn 0.183847 -0.580631 -0.793138
vn 0.183847 -0.580631 -0.793138
vn 0.183847 -0.580631 -0.793138
vn 0.278596 -0.204487 -0.938387
vn 0.278596 -0.204487 -0.938387
vn 0.283156 -0.192308 -0.939596
vn 0.279798 -0.201292 -0.938720
vn 0.401533 0.015261 -0.915717
vn 0.392856 0.026519 -0.919218
vn 0.365029 0.061877 -0.928937
vn -0.115310 0.887595 -0.445958
vn -0.115310 0.887595 -0.445958
vn -0.136300 0.880978 -0.453100
vn -0.124519 0.884753 -0.449119
vn -0.510827 0.660106 -0.550741
vn -0.512220 0.660652 -0.548790
vn -0.259065 0.026406 0.965499
vn -0.259065 0.026406 0.965499
vn -0.745716 0.630076 0.216590
vn -0.745716 0.630076 0.216590
vn -0.510227 0.659871 -0.551579
vn -0.510227 0.659871 -0.551579
vn 0.402855 0.013536 -0.915164
vn 0.402855 0.013536 -0.915164
vn 0.810386 -0.534853 -0.239178
vn 0.810386 -0.534853 -0.239178
vn 0.810386 -0.534853 -0.239178
vn 0.810386 -0.534853 -0.239178
vn 0.810386 -0.534853 -0.239178
vn 0.544596 -0.565109 0.619731
vn 0.544596 -0.565109 0.619731
vn -0.572087 0.240852 -0.784032
vn -0.572087 0.240852 -0.784032
vn -0.062242 -0.791074 -0.608545
vn -0.062242 -0.791074 -0.608545
vn 0.424323 -0.904211 0.048493
vn 0.424323 -0.904212 0.048493
vn 0.571263 0.073294 0.817488
vn 0.571263 0.073294 0.817488
vn 0.571263 0.073294 0.817488
vn 0.571263 0.073294 0.817488
vn 0.282449 0.631321 0.722257
vn 0.282449 0.631321 0.722258
vn 0.282449 0.631321 0.722257
vn 0.282449 0.631321 0.722257
vn -0.370536 0.925163 -0.082318
vn -0.370536 0.925163 -0.082318
vn -0.267232 0.381444 0.884923
vn -0.267232 0.381443 0.884923
vn -0.267232 0.381443 0.884923
vn -0.267232 0.381444 0.884923
vn -0.173967 0.447487 -0.877207
vn -0.173967 0.447487 -0.877207
vn -0.173967 0.447487 -0.877207
vn -0.173967 0.447487 -0.877206
vn 0.312449 -0.410935 0.856451
vn 0.312449 -0.410935 0.856451
vn 0.637401 -0.591845 -0.493397
vn 0.637401 -0.591845 -0.493397
vn 0.637401 -0.591845 -0.493397
vn 0.637401 -0.591845 -0.493397
vn -0.214411 -0.976482 -0.022616
vn -0.214411 -0.976482 -0.022616
vn -0.302478 -0.952725 0.028684
vn -0.267732 -0.963458 0.008250
vn -0.543363 -0.820275 0.178624
vn -0.543363 -0.820275 0.178624
vn -0.467192 -0.673427 -0.572912
vn -0.467192 -0.673427 -0.572912
vn -0.467192 -0.673427 -0.572912
vn -0.467192 -0.673427 -0.572912
vn -0.946937 -0.297420 -0.121866
vn -0.946937 -0.297420 -0.121867
vn -0.946937 -0.297420 -0.121866
vn -0.946937 -0.297420 -0.121866
vn -0.428775 0.260759 -0.864960
vn -0.428775 0.260759 -0.864960
vn -0.428775 0.260759 -0.864960
vn -0.428775 0.260759 -0.864960
vn -0.824702 0.417433 -0.381596
vn -0.824702 0.417433 -0.381596
vn -0.824702 0.417433 -0.381596
vn -0.824702 0.417433 -0.381596
vn -0.066049 0.877059 -0.475821
vn -0.066049 0.877059 -0.475821
vn -0.075432 0.879451 -0.469974
vn -0.093013 0.883638 -0.458839
vn -0.153308 0.895015 -0.418861
vn -0.153308 0.895015 -0.418861
vn 0.243301 0.969894 0.010529
vn 0.243301 0.969894 0.010529
vn 0.301963 0.952983 -0.025341
vn 0.336447 0.940538 -0.046811
vn 0.575813 0.791344 -0.205460
vn 0.575813 0.791344 -0.205460
vn 0.506413 0.653515 0.562552
vn 0.506413 0.653515 0.562552
vn 0.506413 0.653515 0.562552
vn 0.506413 0.653515 0.562552
vn 0.957752 0.272088 0.093163
vn 0.957752 0.272088 0.093163
vn 0.957752 0.272088 0.093163
vn 0.957752 0.272088 0.093163
vn 0.461010 -0.286916 0.839731
vn 0.461010 -0.286916 0.839731
vn 0.838139 -0.425057 0.341834
vn 0.838139 -0.425057 0.341834
vn 0.838139 -0.425057 0.341834
vn 0.838139 -0.425056 0.341834
vn 0.122196 -0.892364 0.434459
vn 0.102380 -0.887849 0.448600
vn 0.193280 -0.904124 0.381054
vn 0.193280 -0.904124 0.381054
s 1
g pCylinder12
usemtl lambert7SG
f 2265/2731/5127 2266/2732/5128 2272/2733/5129 2271/2734/5130
s 2
f 2266/2732/5131 2267/2735/5132 2273/2736/5133 2272/2733/5134
s 3
f 2267/2735/5135 2268/2737/5136 2274/2962/5137 2273/2736/5138
s 4
f 2268/2964/5139 2269/2739/5140 2275/2740/5141 2274/2738/5142
s 5
f 2269/2739/5143 2270/2741/5144 2276/2742/5145 2275/2740/5146
s 6
f 2270/2741/5147 2265/2731/5148 2271/2734/5149 2276/2742/5150
s 7
f 2266/2732/5151 2265/2731/5152 2277/2743/5153
f 2267/2735/5154 2266/2732/5151 2277/2743/5153
f 2268/2737/5155 2267/2735/5154 2277/2743/5153
f 2269/2739/5156 2268/2964/5155 2277/2743/5153
f 2270/2741/5157 2269/2739/5156 2277/2743/5153
f 2265/2731/5152 2270/2741/5157 2277/2743/5153
s 1
f 2271/2734/5130 2272/2733/5129 2282/2898/5158 2278/2745/5159
f 2278/2745/5159 2282/2898/5158 2304/2894/5160 2305/2747/5161
f 2279/2926/5162 2283/2950/5163 2323/2946/5164 2324/2751/5165
f 2280/2752/5166 2284/2753/5167 2285/2754/5168 2281/2755/5169
s 2
f 2272/2733/5134 2273/2736/5133 2286/2896/5170 2282/2898/5171
s 9
f 2327/2757/5172 2329/2758/5173 2331/2759/5174 2333/2760/5175
s 10
f 2378/2952/5176 2380/2762/5177 2382/2763/5178 2384/2764/5179
s off
f 2284/2753/5180 2288/2765/5181 2289/2766/5182 2285/2754/5183
s 3
f 2273/2736/5138 2274/2962/5137 2290/2963/5184 2286/2896/5185
s 9
f 2329/2758/5173 2335/2768/5186 2337/2769/5187 2331/2759/5174
s 10
f 2380/2762/5177 2386/2770/5188 2388/2771/5189 2382/2763/5178
s off
f 2288/2765/5190 2292/2772/5191 2293/2961/5192 2289/2766/5193
s 4
f 2274/2738/5142 2275/2740/5141 2294/2774/5194 2290/2897/5195
f 2290/2897/5195 2294/2774/5194 2307/2902/5196 2302/2960/5197
f 2291/2949/5198 2295/2927/5199 2320/2779/5200 2321/2955/5201
f 2292/2956/5202 2296/2781/5203 2297/2782/5204 2293/2773/5205
s 5
f 2275/2740/5146 2276/2742/5145 2298/2783/5206 2358/2784/5207 2294/2774/5208
s 12
f 2340/2785/5209 2358/2784/5210 2298/2783/5211 2306/2906/5212
s 13
f 2295/2927/5213 2299/2928/5214 2325/2788/5215 2320/2779/5216
s off
f 2296/2781/5217 2300/2789/5218 2301/2790/5219 2297/2782/5220
s 6
f 2276/2742/5150 2271/2734/5149 2278/2745/5221 2298/2783/5222
f 2298/2783/5222 2278/2745/5221 2305/2747/5223 2306/2906/5224
s 14
f 2299/2928/5225 2279/2926/5226 2324/2751/5227 2325/2788/5228
s off
f 2300/2789/5229 2280/2752/5230 2281/2755/5231 2301/2790/5232
s 15
f 2303/2893/5233 2302/2895/5234 2308/2959/5235 2309/2793/5236
f 2304/2894/5237 2303/2893/5238 2309/2793/5239 2310/2794/5240
s 1
f 2305/2747/5161 2304/2894/5160 2310/2794/5241 2311/2795/5242
s 6
f 2306/2906/5224 2305/2747/5223 2311/2795/5243 2312/2905/5244 2338/2904/5245
s off
f 2345/2798/5246 2343/2799/5247 2347/2800/5248 2349/2801/5249 2351/2802/5250 2353/2803/5251 2355/2910/5252 2357/2805/5253
s 4
f 2302/2960/5197 2307/2902/5196 2339/2903/5254 2313/2900/5255 2308/2792/5256
s 15
f 2309/2793/5236 2308/2959/5235 2315/2808/5257 2316/2809/5258
f 2310/2794/5240 2309/2793/5239 2316/2809/5258 2317/2810/5259
s 1
f 2311/2795/5242 2310/2794/5241 2317/2810/5260 2318/2925/5261
s 6
f 2312/2905/5244 2311/2795/5243 2318/2925/5262 2319/2923/5263
s off
f 2313/2900/5264 2341/2899/5265 2312/2905/5266 2319/2923/5267 2314/2924/5268
s 4
f 2308/2792/5256 2313/2900/5255 2314/2924/5269 2315/2957/5270
f 2315/2957/5270 2314/2924/5269 2295/2927/5199 2291/2949/5198
s 15
f 2316/2809/5258 2315/2808/5257 2291/2958/5271 2287/2948/5272
f 2317/2810/5259 2316/2809/5258 2287/2948/5272 2283/2950/5273
s 1
f 2318/2925/5261 2317/2810/5260 2283/2950/5163 2279/2926/5162
s 17
f 2364/2816/5274 2361/2817/5275 2367/2818/5276 2370/2819/5277
f 2373/2820/5278 2364/2816/5274 2370/2819/5277 2376/2821/5279
s 4
f 2321/2955/5201 2320/2779/5200 2296/2781/5203 2292/2956/5202
s 18
f 2322/2945/5280 2321/2947/5281 2292/2772/5282 2288/2765/5283
f 2323/2946/5284 2322/2945/5280 2288/2765/5283 2284/2753/5285
s 1
f 2324/2751/5165 2323/2946/5164 2284/2753/5167 2280/2752/5166
s 14
f 2325/2788/5228 2324/2751/5227 2280/2752/5286 2300/2789/5287
s 13
f 2320/2779/5216 2325/2788/5215 2300/2789/5288 2296/2781/5289
s 19
f 2282/2744/5290 2286/2756/5291 2328/2823/5292 2326/2915/5293
f 2326/2915/5293 2328/2823/5292 2397/2825/5294 2398/2917/5295
s off
f 2303/2791/5296 2304/2746/5297 2332/2916/5298 2330/2914/5299
s 20
f 2401/2829/5300 2402/2830/5301 2403/2831/5302 2404/2832/5303
s 1
f 2304/2746/5160 2282/2919/5158 2326/2920/5304 2332/2916/5305
s 19
f 2402/2830/5306 2405/2833/5307 2406/2921/5308 2403/2831/5309
s 21
f 2286/2756/5310 2290/2767/5311 2334/2835/5312 2328/2823/5313
f 2328/2823/5313 2334/2835/5312 2396/2836/5314 2397/2825/5315
s 4
f 2290/2767/5195 2302/2776/5197 2336/2837/5316 2334/2835/5317
f 2334/2835/5317 2336/2837/5316 2395/2838/5318 2396/2836/5319
s 20
f 2302/2776/5320 2303/2791/5321 2330/2914/5322 2336/2837/5323
f 2336/2837/5323 2330/2914/5322 2400/2912/5324 2395/2838/5325
s 23
f 2307/2775/5326 2340/2901/5327 2342/2840/5328 2344/2841/5329
f 2344/2841/5329 2342/2840/5328 2343/2799/5330 2345/2798/5331
s 24
f 2340/2901/5332 2306/2786/5333 2346/2842/5334 2342/2840/5335
f 2342/2840/5335 2346/2842/5334 2347/2800/5336 2343/2799/5337
s 6
f 2306/2786/5224 2338/2797/5245 2348/2843/5338 2346/2842/5339
f 2346/2842/5339 2348/2843/5338 2349/2801/5340 2347/2800/5341
s 25
f 2338/2797/5342 2312/2796/5343 2350/2844/5344 2348/2843/5345
f 2348/2843/5345 2350/2844/5344 2351/2802/5346 2349/2801/5347
s 26
f 2312/2796/5348 2341/2813/5349 2352/2845/5350 2350/2844/5351
f 2350/2844/5351 2352/2845/5350 2353/2803/5352 2351/2802/5353
s off
f 2341/2813/5354 2313/2807/5355 2354/2846/5356 2352/2845/5357
f 2352/2845/5358 2354/2846/5359 2355/2804/5360 2353/2803/5361
s 27
f 2313/2807/5362 2339/2908/5363 2356/2907/5364 2354/2846/5365
f 2354/2846/5365 2356/2907/5364 2357/2909/5366 2355/2804/5367
s 4
f 2339/2806/5254 2307/2775/5196 2344/2841/5368 2356/2847/5369
f 2356/2847/5369 2344/2841/5368 2345/2798/5370 2357/2805/5371
s 12
f 2294/2774/5372 2358/2784/5210 2340/2785/5209 2307/2902/5373
s off
f 2319/2812/5374 2318/2811/5375 2359/2848/5376 2362/2849/5377
s 28
f 2362/2849/5378 2359/2848/5379 2360/2850/5380 2363/2851/5381
f 2363/2851/5381 2360/2850/5380 2361/2817/5382 2364/2816/5383
s 29
f 2318/2811/5384 2279/2748/5385 2365/2852/5386 2359/2848/5387
f 2359/2848/5387 2365/2852/5386 2366/2853/5388 2360/2850/5389
f 2360/2850/5389 2366/2853/5388 2367/2818/5390 2361/2817/5391
s off
f 2279/2748/5392 2299/2787/5393 2368/2854/5394 2365/2852/5395
s 30
f 2365/2852/5396 2368/2854/5397 2369/2855/5398 2366/2853/5399
f 2366/2853/5399 2369/2855/5398 2370/2819/5400 2367/2818/5401
s 31
f 2314/2814/5402 2319/2812/5403 2362/2849/5404 2371/2931/5405
f 2371/2931/5405 2362/2849/5404 2363/2851/5406 2372/2930/5407
f 2372/2930/5407 2363/2851/5406 2364/2816/5408 2373/2820/5409
s off
f 2299/2787/5410 2295/2778/5411 2374/2858/5412 2368/2854/5413
s 32
f 2368/2854/5414 2374/2858/5415 2375/2859/5416 2369/2855/5417
f 2369/2855/5417 2375/2859/5416 2376/2821/5418 2370/2819/5419
s 4
f 2295/2778/5199 2314/2932/5269 2371/2856/5420 2374/2858/5421
f 2374/2858/5421 2371/2856/5420 2372/2857/5422 2375/2859/5423
f 2375/2859/5423 2372/2857/5422 2373/2929/5424 2376/2821/5425
s 33
f 2283/2749/5426 2287/2815/5427 2379/2940/5428 2377/2953/5429
f 2377/2953/5429 2379/2940/5428 2407/2939/5430 2394/2934/5431 2389/2864/5432
s off
f 2322/2822/5433 2323/2750/5434 2383/2865/5435 2381/2866/5436
s 34
f 2381/2866/5437 2383/2865/5438 2390/2867/5439 2391/2868/5440
s 35
f 2323/2750/5441 2283/2954/5442 2377/2861/5443 2383/2865/5444
f 2383/2865/5444 2377/2861/5443 2389/2951/5445 2390/2867/5446
s off
f 2287/2815/5447 2291/2777/5448 2385/2936/5449 2409/2935/5450 2379/2940/5451
f 2412/2871/5452 2414/2872/5453 2416/2873/5454 2418/2944/5455 2420/2875/5456 2422/2876/5457 2424/2877/5458 2426/2878/5459
s 36
f 2291/2777/5460 2321/2780/5461 2387/2879/5462 2385/2936/5463
f 2385/2936/5463 2387/2879/5462 2392/2880/5464 2393/2938/5465 2408/2937/5466
s 37
f 2321/2780/5467 2322/2822/5468 2381/2866/5469 2387/2879/5470
f 2387/2879/5470 2381/2866/5469 2391/2868/5471 2392/2880/5472
s 35
f 2390/2867/5446 2389/2951/5445 2378/2761/5473 2384/2764/5474
s 34
f 2391/2868/5440 2390/2867/5439 2384/2764/5475 2382/2763/5476
s 37
f 2392/2880/5472 2391/2868/5471 2382/2763/5477 2388/2771/5478
s 36
f 2393/2938/5465 2392/2880/5464 2388/2771/5479 2386/2770/5480
s off
f 2394/2934/5481 2410/2933/5482 2393/2938/5483 2386/2770/5484 2380/2762/5485
s 33
f 2389/2864/5432 2394/2934/5431 2380/2762/5486 2378/2952/5487
s 4
f 2396/2836/5319 2395/2838/5318 2337/2769/5488 2335/2768/5489
s 21
f 2397/2825/5315 2396/2836/5314 2335/2768/5490 2329/2758/5491
s 19
f 2398/2917/5295 2397/2825/5294 2329/2758/5492 2327/2918/5493
s off
f 2399/2911/5494 2398/2913/5495 2327/2757/5496 2333/2760/5497
f 2400/2912/5498 2399/2911/5499 2333/2760/5500 2331/2759/5501
s 20
f 2395/2838/5325 2400/2912/5324 2331/2759/5502 2337/2769/5503
s off
f 2330/2828/5504 2332/2827/5505 2402/2830/5506 2401/2829/5507
f 2399/2884/5508 2400/2839/5509 2404/2832/5510 2403/2831/5511
s 20
f 2400/2839/5324 2330/2828/5322 2401/2829/5300 2404/2832/5303
s 1
f 2332/2827/5305 2326/2824/5304 2405/2833/5512 2402/2830/5513
s 19
f 2326/2824/5293 2398/2922/5295 2406/2921/5308 2405/2833/5307
s off
f 2398/2826/5514 2399/2884/5515 2403/2831/5516 2406/2834/5517
s 38
f 2379/2860/5518 2409/2870/5519 2413/2885/5520 2411/2886/5521
f 2411/2886/5521 2413/2885/5520 2414/2872/5522 2412/2871/5523
s off
f 2409/2870/5524 2385/2869/5525 2415/2887/5526 2413/2885/5527
f 2413/2885/5528 2415/2887/5529 2416/2873/5530 2414/2872/5531
f 2385/2869/5532 2408/2942/5533 2417/2941/5534 2415/2887/5535
f 2415/2887/5536 2417/2941/5537 2418/2943/5538 2416/2873/5539
s 39
f 2408/2882/5540 2393/2881/5541 2419/2889/5542 2417/2888/5543
f 2417/2888/5543 2419/2889/5542 2420/2875/5544 2418/2874/5545
s 40
f 2393/2881/5546 2410/2883/5547 2421/2890/5548 2419/2889/5549
f 2419/2889/5549 2421/2890/5548 2422/2876/5550 2420/2875/5551
s off
f 2410/2883/5552 2394/2863/5553 2423/2891/5554 2421/2890/5555
f 2421/2890/5556 2423/2891/5557 2424/2877/5558 2422/2876/5559
s 33
f 2394/2863/5431 2407/2862/5430 2425/2892/5560 2423/2891/5561
s off
f 2423/2891/5562 2425/2892/5563 2426/2878/5564 2424/2877/5565
s 33
f 2407/2862/5430 2379/2860/5428 2411/2886/5566 2425/2892/5567
f 2425/2892/5567 2411/2886/5566 2412/2871/5568 2426/2878/5569
g default
v -16.552318 5.005418 -0.780795
v -20.014677 4.836689 -2.305727
v -23.572025 4.339724 -1.237165
v -25.100494 3.768862 1.800646
v -23.966203 4.201056 5.028182
v -20.572129 4.640584 6.554812
v -16.946496 4.866751 5.484554
v -15.530586 4.779156 2.425087
v -17.153706 5.867245 -0.706022
v -19.754301 5.678782 -2.138431
v -23.013920 5.360394 -1.085929
v -24.347529 5.088485 1.877225
v -23.396380 5.225850 4.993180
v -20.295180 5.488506 6.458726
v -17.536166 5.732700 5.373087
v -16.031088 5.522823 2.410057
v -18.190307 6.540044 -0.238071
v -20.060470 6.337859 -1.410152
v -22.625221 6.023871 -0.528513
v -23.873733 5.833220 1.923516
v -22.942755 5.912166 4.518631
v -20.509533 6.179884 5.727587
v -18.507843 6.428338 4.809073
v -17.061564 6.426975 2.365237
v -18.973533 7.290020 0.136259
v -20.233037 7.155511 -0.765443
v -22.096337 6.926563 -0.068253
v -23.265853 6.631644 1.979431
v -22.347068 6.838357 3.917077
v -20.592309 7.029125 4.945092
v -19.224266 7.201816 4.121589
v -17.692549 7.256419 2.343897
v -19.413414 7.771455 0.648133
v -20.355555 7.696642 -0.155221
v -21.857816 7.510850 0.488579
v -22.885052 7.306527 2.018325
v -22.080967 7.590384 3.754707
v -20.671714 7.743458 4.589181
v -19.636571 7.850989 3.914261
v -18.391652 7.925077 2.314712
v -19.817868 8.403840 1.265555
v -20.507249 8.329527 0.818741
v -21.466541 8.211953 1.157584
v -22.059696 8.128615 2.088446
v -21.588057 8.169205 3.089042
v -20.679098 8.269073 3.550236
v -19.939383 8.361092 3.197013
v -19.346227 8.444431 2.266151
v -20.734693 8.556904 2.181286
v -20.105588 8.402012 2.984746
v -21.255854 8.311258 1.452291
v -17.846283 4.950230 0.199686
v -20.138833 4.837658 -0.809067
v -22.494312 4.509446 -0.102495
v -23.506377 4.131456 1.908963
v -22.755313 4.417628 4.046046
v -20.507820 4.707853 5.055898
v -18.107284 4.858412 4.348227
v -17.169752 4.800412 2.322431
v -20.341532 4.625259 2.084216
v -20.353148 4.624120 2.069049
v -20.366449 4.622359 2.082584
v -20.373544 4.621021 2.116898
v -20.370805 4.620826 2.151855
v -20.359313 4.621951 2.167013
v -20.345890 4.623726 2.153487
v -20.339451 4.624989 2.119130
v -19.041822 -0.263322 1.564537
v -19.728522 -0.339682 1.277925
v -20.436675 -0.425645 1.471711
v -20.747317 -0.470278 2.026121
v -20.589333 -0.460792 2.640057
v -19.774048 -0.370073 2.976189
v -19.094408 -0.286748 2.734378
v -18.834202 -0.247826 2.165840
v -21.848531 1.307829 1.695042
v -21.560242 1.323660 2.915554
v -19.792928 1.515835 3.947963
v -18.669278 1.664710 2.794667
v -18.379251 1.712768 1.843896
v -19.002242 1.653667 0.894024
v -19.876564 1.558475 0.391403
v -20.815877 1.444806 0.624359
vt 0.242814 0.419266
vt 0.260550 0.335195
vt 0.299183 0.350703
vt 0.288721 0.422632
vt 0.276950 0.247719
vt 0.328169 0.268314
vt 0.289135 0.157988
vt 0.371148 0.168650
vt 0.322959 0.027013
vt 0.191335 0.798812
vt 0.164711 0.658740
vt 0.214705 0.665124
vt 0.195810 0.565281
vt 0.239488 0.591322
vt 0.218946 0.488511
vt 0.257098 0.504034
vt 0.345986 0.358557
vt 0.342122 0.425808
vt 0.372811 0.281317
vt 0.413820 0.193912
vt 0.268675 0.793213
vt 0.271034 0.680677
vt 0.299079 0.611778
vt 0.314385 0.521696
vt 0.389438 0.376421
vt 0.389430 0.433040
vt 0.419544 0.315093
vt 0.461996 0.230453
vt 0.369652 0.756499
vt 0.343971 0.676447
vt 0.361557 0.608552
vt 0.358579 0.524319
vt 0.423445 0.392809
vt 0.421195 0.445698
vt 0.454935 0.338719
vt 0.491053 0.269784
vt 0.432048 0.714788
vt 0.391598 0.655845
vt 0.403168 0.601485
vt 0.399411 0.523599
vt 0.467719 0.423048
vt 0.457257 0.464128
vt 0.489458 0.384627
vt 0.524048 0.343582
vt 0.492040 0.633467
vt 0.456776 0.608385
vt 0.447975 0.565119
vt 0.446964 0.517519
vt 0.520331 0.481138
vt 0.499821 0.406904
vt 0.462511 0.552690
vt 0.191918 0.329703
vt 0.177284 0.397883
vt 0.516412 0.643704
vt 0.516736 0.645760
vt 0.201096 0.252652
vt 0.516037 0.647207
vt 0.202057 0.164677
vt 0.513401 0.648956
vt 0.188682 0.073758
vt 0.514496 0.632959
vt 0.097898 0.605077
vt 0.515302 0.634595
vt 0.131095 0.530762
vt 0.515568 0.636515
vt 0.151103 0.460368
vt 0.515909 0.640086
vt 0.807577 0.739132
vt 0.787195 0.801968
vt 0.763015 0.864051
vt 0.711239 0.968701
vt 0.751302 0.387699
vt 0.803694 0.513017
vt 0.819488 0.609548
vt 0.820148 0.669928
vt 0.929687 0.948140
vt 0.926227 0.398060
vt 0.960730 0.488352
vt 0.975832 0.574701
vt 0.975102 0.652115
vt 0.969499 0.729327
vt 0.956529 0.815871
vt 0.935310 0.892090
vt 0.700205 0.302988
vt 0.917235 0.335888
vt 0.031092 0.355298
vt 0.512502 0.630570
vt 0.028877 0.367729
vt 0.029920 0.363253
vt 0.027516 0.371947
vt 0.026956 0.374175
vt 0.030598 0.352535
vt 0.031055 0.358688
vt 0.030638 0.360834
vt 0.026623 0.694581
vt 0.025903 0.374263
vt 0.106753 0.792165
vt 0.571374 0.339151
vt 0.573935 0.249236
vt 0.542593 0.183182
vt 0.481402 0.095006
vt 0.419885 0.048046
vn 0.418697 0.209334 -0.883670
vn 0.418697 0.209334 -0.883670
vn 0.418697 0.209334 -0.883670
vn 0.418697 0.209334 -0.883670
vn -0.315836 0.293087 -0.902412
vn -0.315836 0.293087 -0.902412
vn -0.315836 0.293087 -0.902412
vn -0.315836 0.293087 -0.902412
vn -0.813111 0.486616 -0.319462
vn -0.813111 0.486616 -0.319462
vn -0.813111 0.486616 -0.319462
vn -0.813111 0.486616 -0.319462
vn -0.848071 0.474317 0.236218
vn -0.848071 0.474317 0.236218
vn -0.848071 0.474317 0.236218
vn -0.848071 0.474317 0.236218
vn -0.427205 0.253909 0.867771
vn -0.427205 0.253909 0.867771
vn -0.427205 0.253909 0.867771
vn -0.427205 0.253909 0.867771
vn 0.304119 0.169026 0.937519
vn 0.304119 0.169027 0.937519
vn 0.304119 0.169027 0.937519
vn 0.304119 0.169027 0.937519
vn 0.764678 0.544937 0.343962
vn 0.764678 0.544937 0.343962
vn 0.764678 0.544938 0.343962
vn 0.764678 0.544938 0.343962
vn 0.800229 0.557444 -0.221110
vn 0.800229 0.557444 -0.221110
vn 0.800229 0.557444 -0.221110
vn 0.800229 0.557444 -0.221110
vn 0.264040 0.778102 -0.569948
vn 0.264040 0.778102 -0.569948
vn 0.264040 0.778102 -0.569948
vn 0.264040 0.778102 -0.569948
vn -0.297507 0.674962 -0.675215
vn -0.297507 0.674962 -0.675215
vn -0.297507 0.674962 -0.675215
vn -0.297507 0.674962 -0.675215
vn -0.747706 0.589219 -0.306198
vn -0.747706 0.589219 -0.306198
vn -0.747705 0.589219 -0.306198
vn -0.747706 0.589219 -0.306198
vn -0.781803 0.577225 0.235786
vn -0.781803 0.577225 0.235786
vn -0.781803 0.577225 0.235786
vn -0.781803 0.577225 0.235786
vn -0.381618 0.645373 0.661711
vn -0.381618 0.645373 0.661711
vn -0.381618 0.645373 0.661711
vn -0.381618 0.645373 0.661711
vn 0.188404 0.751494 0.632266
vn 0.188404 0.751494 0.632266
vn 0.188404 0.751494 0.632266
vn 0.188404 0.751494 0.632266
vn 0.549878 0.790652 0.269263
vn 0.549878 0.790652 0.269263
vn 0.549878 0.790652 0.269263
vn 0.549878 0.790652 0.269263
vn 0.577083 0.800223 -0.163152
vn 0.577083 0.800223 -0.163152
vn 0.577083 0.800223 -0.163152
vn 0.577083 0.800223 -0.163152
vn 0.367725 0.653974 -0.661133
vn 0.367725 0.653974 -0.661133
vn 0.367725 0.653974 -0.661133
vn 0.367725 0.653974 -0.661133
vn -0.338658 0.557145 -0.758222
vn -0.338658 0.557145 -0.758222
vn -0.338658 0.557145 -0.758222
vn -0.338658 0.557145 -0.758222
vn -0.735036 0.591664 -0.331142
vn -0.735036 0.591664 -0.331142
vn -0.735036 0.591664 -0.331142
vn -0.735036 0.591664 -0.331142
vn -0.748508 0.606906 0.267209
vn -0.748508 0.606906 0.267209
vn -0.748508 0.606906 0.267209
vn -0.748508 0.606906 0.267209
vn -0.418264 0.630528 0.653827
vn -0.418264 0.630528 0.653827
vn -0.418264 0.630528 0.653827
vn -0.418264 0.630528 0.653827
vn 0.248647 0.714684 0.653759
vn 0.248647 0.714684 0.653759
vn 0.248647 0.714684 0.653759
vn 0.248647 0.714684 0.653759
vn 0.591130 0.685123 0.425642
vn 0.591130 0.685123 0.425642
vn 0.591130 0.685123 0.425642
vn 0.591130 0.685123 0.425642
vn 0.670807 0.671160 -0.315535
vn 0.670807 0.671160 -0.315535
vn 0.670807 0.671160 -0.315535
vn 0.670807 0.671160 -0.315535
vn 0.340344 0.773650 -0.534445
vn 0.340344 0.773650 -0.534445
vn 0.340344 0.773650 -0.534445
vn 0.340344 0.773650 -0.534445
vn -0.338703 0.693881 -0.635460
vn -0.338703 0.693881 -0.635460
vn -0.338703 0.693881 -0.635460
vn -0.338703 0.693881 -0.635460
vn -0.745273 0.546965 -0.381311
vn -0.745273 0.546965 -0.381311
vn -0.745273 0.546965 -0.381311
vn -0.745273 0.546965 -0.381311
vn -0.844722 0.412474 0.341042
vn -0.844722 0.412474 0.341042
vn -0.844722 0.412474 0.341042
vn -0.844722 0.412474 0.341042
vn -0.503788 0.344178 0.792300
vn -0.503788 0.344178 0.792300
vn -0.503788 0.344178 0.792300
vn -0.503788 0.344178 0.792300
vn 0.426026 0.472368 0.771603
vn 0.426026 0.472368 0.771603
vn 0.426026 0.472368 0.771603
vn 0.426026 0.472368 0.771602
vn 0.604631 0.603263 0.520092
vn 0.604631 0.603263 0.520091
vn 0.604631 0.603263 0.520092
vn 0.604631 0.603263 0.520091
vn 0.579389 0.727788 -0.366922
vn 0.579390 0.727788 -0.366922
vn 0.579390 0.727788 -0.366922
vn 0.579390 0.727788 -0.366922
vn 0.323682 0.792461 -0.516948
vn 0.323682 0.792461 -0.516948
vn 0.323682 0.792461 -0.516948
vn 0.323682 0.792461 -0.516948
vn -0.320337 0.757737 -0.568523
vn -0.320337 0.757737 -0.568523
vn -0.320337 0.757737 -0.568523
vn -0.320337 0.757737 -0.568523
vn -0.644701 0.682258 -0.344796
vn -0.644701 0.682258 -0.344796
vn -0.644701 0.682258 -0.344796
vn -0.644701 0.682258 -0.344796
vn -0.660806 0.716646 0.223054
vn -0.660806 0.716646 0.223054
vn -0.660806 0.716646 0.223054
vn -0.660806 0.716646 0.223054
vn -0.337780 0.830910 0.442146
vn -0.337780 0.830910 0.442146
vn -0.337780 0.830910 0.442146
vn -0.337780 0.830910 0.442146
vn 0.179016 0.860959 0.476132
vn 0.179016 0.860959 0.476132
vn 0.179016 0.860959 0.476132
vn 0.179016 0.860959 0.476132
vn 0.441933 0.816367 0.371807
vn 0.441933 0.816367 0.371807
vn 0.441933 0.816367 0.371807
vn 0.441933 0.816367 0.371807
vn 0.517673 0.782138 -0.346807
vn 0.517673 0.782138 -0.346807
vn 0.517673 0.782138 -0.346807
vn 0.517673 0.782138 -0.346807
vn -0.086223 0.980250 -0.177974
vn -0.086223 0.980250 -0.177974
vn -0.089863 0.979826 -0.178511
vn -0.100843 0.978463 -0.180116
vn -0.308767 0.950930 0.019862
vn -0.307675 0.951490 0.001702
vn -0.308536 0.951080 0.015888
vn -0.308767 0.950930 0.019862
vn -0.137331 0.968193 0.209146
vn -0.137331 0.968193 0.209146
vn -0.135284 0.968486 0.209124
vn -0.128129 0.969476 0.209042
vn 0.079857 0.996702 0.014424
vn 0.078976 0.996468 0.028520
vn 0.079744 0.996683 0.016245
vn 0.079857 0.996702 0.014424
vn -0.023027 0.978155 0.206597
vn 0.071852 0.988336 0.134271
vn -0.185871 0.963665 -0.191838
vn -0.299129 0.948340 -0.105705
vn 0.060856 -0.997789 -0.026710
vn 0.060856 -0.997789 -0.026710
vn 0.060856 -0.997789 -0.026710
vn 0.060856 -0.997789 -0.026710
vn 0.060856 -0.997789 -0.026710
vn 0.060856 -0.997789 -0.026710
vn 0.131802 -0.991055 -0.020951
vn 0.131802 -0.991055 -0.020951
vn 0.131802 -0.991055 -0.020951
vn 0.131802 -0.991055 -0.020951
vn 0.131802 -0.991055 -0.020951
vn 0.131802 -0.991055 -0.020951
vn 0.196606 -0.976884 -0.083922
vn 0.196606 -0.976884 -0.083922
vn 0.196606 -0.976884 -0.083922
vn 0.196606 -0.976884 -0.083922
vn 0.196606 -0.976884 -0.083922
vn 0.196606 -0.976884 -0.083922
vn 0.187252 -0.980175 0.064757
vn 0.187252 -0.980175 0.064757
vn 0.187252 -0.980175 0.064757
vn 0.187252 -0.980175 0.064757
vn 0.187252 -0.980175 0.064757
vn 0.187252 -0.980175 0.064757
vn 0.130886 -0.991377 -0.006398
vn 0.130886 -0.991377 -0.006398
vn 0.130886 -0.991377 -0.006398
vn 0.130886 -0.991377 -0.006398
vn 0.130886 -0.991377 -0.006398
vn 0.130886 -0.991377 -0.006398
vn 0.059797 -0.998162 -0.009875
vn 0.059797 -0.998162 -0.009875
vn 0.059797 -0.998162 -0.009875
vn 0.059797 -0.998162 -0.009875
vn 0.059797 -0.998162 -0.009875
vn 0.059797 -0.998162 -0.009875
vn 0.015131 -0.999272 0.035028
vn 0.015131 -0.999272 0.035028
vn 0.015131 -0.999272 0.035028
vn 0.015131 -0.999272 0.035028
vn 0.015131 -0.999272 0.035028
vn 0.015131 -0.999272 0.035028
vn 0.022171 -0.996795 -0.076859
vn 0.022171 -0.996795 -0.076859
vn 0.022171 -0.996795 -0.076859
vn 0.022171 -0.996795 -0.076859
vn 0.022171 -0.996795 -0.076859
vn 0.022171 -0.996795 -0.076859
vn 0.400035 0.488643 -0.775371
vn 0.400034 0.488643 -0.775371
vn 0.469796 0.066696 -0.880252
vn 0.468730 0.084267 -0.879313
vn -0.274636 0.430634 -0.859726
vn -0.274636 0.430634 -0.859726
vn -0.249636 -0.008674 -0.968301
vn -0.246813 -0.032494 -0.968518
vn -0.696344 0.382382 -0.607362
vn -0.696344 0.382382 -0.607362
vn -0.748391 0.025712 -0.662760
vn -0.748053 -0.013982 -0.663491
vn -0.904093 0.375007 0.204905
vn -0.904093 0.375007 0.204905
vn -0.972897 -0.013594 0.230840
vn -0.972248 -0.035586 0.231231
vn -0.502036 0.361139 0.785836
vn -0.502036 0.361139 0.785836
vn -0.491295 0.024063 0.870661
vn -0.491493 0.025731 0.870501
vn 0.597390 0.478062 0.643881
vn 0.597390 0.478061 0.643881
vn 0.651038 0.144383 0.745186
vn 0.649919 0.168483 0.741093
vn 0.810915 0.519134 0.270030
vn 0.810915 0.519134 0.270030
vn 0.930750 0.179336 0.318658
vn 0.925655 0.207645 0.316300
vn 0.708418 0.516944 -0.480534
vn 0.708418 0.516944 -0.480534
vn 0.848393 0.162344 -0.503858
vn 0.840239 0.197852 -0.504829
vn -0.846096 -0.488806 0.212579
vn -0.846096 -0.488806 0.212579
vn -0.397570 -0.389532 0.830784
vn -0.397570 -0.389532 0.830784
vn 0.611117 -0.265272 0.745766
vn 0.611117 -0.265271 0.745766
vn 0.927061 -0.186817 0.325049
vn 0.927061 -0.186817 0.325049
vn 0.863307 -0.225644 -0.451426
vn 0.863307 -0.225644 -0.451426
vn 0.454881 -0.325390 -0.828978
vn 0.454881 -0.325390 -0.828978
vn -0.176808 -0.431691 -0.884524
vn -0.176808 -0.431691 -0.884524
vn -0.658610 -0.459660 -0.595773
vn -0.658610 -0.459660 -0.595773
s off
g mushroom2
usemtl lambert10SG
f 2427/2965/5570 2428/2966/5571 2436/2967/5572 2435/2968/5573
f 2428/2966/5574 2429/2969/5575 2437/2970/5576 2436/2967/5577
f 2429/2969/5578 2430/2971/5579 2438/2972/5580 2437/2970/5581
f 2430/2971/5582 2431/2973/5583 2439/3066/5584 2438/2972/5585
f 2431/3061/5586 2432/2975/5587 2440/2976/5588 2439/2974/5589
f 2432/2975/5590 2433/2977/5591 2441/2978/5592 2440/2976/5593
f 2433/2977/5594 2434/2979/5595 2442/2980/5596 2441/2978/5597
f 2434/2979/5598 2427/2965/5599 2435/2968/5600 2442/2980/5601
f 2435/2968/5602 2436/2967/5603 2444/2981/5604 2443/2982/5605
f 2436/2967/5606 2437/2970/5607 2445/2983/5608 2444/2981/5609
f 2437/2970/5610 2438/2972/5611 2446/2984/5612 2445/2983/5613
f 2438/2972/5614 2439/3066/5615 2447/3065/5616 2446/2984/5617
f 2439/2974/5618 2440/2976/5619 2448/2986/5620 2447/2985/5621
f 2440/2976/5622 2441/2978/5623 2449/2987/5624 2448/2986/5625
f 2441/2978/5626 2442/2980/5627 2450/2988/5628 2449/2987/5629
f 2442/2980/5630 2435/2968/5631 2443/2982/5632 2450/2988/5633
f 2443/2982/5634 2444/2981/5635 2452/2989/5636 2451/2990/5637
f 2444/2981/5638 2445/2983/5639 2453/2991/5640 2452/2989/5641
f 2445/2983/5642 2446/2984/5643 2454/2992/5644 2453/2991/5645
f 2446/2984/5646 2447/3065/5647 2455/3064/5648 2454/2992/5649
f 2447/2985/5650 2448/2986/5651 2456/2994/5652 2455/2993/5653
f 2448/2986/5654 2449/2987/5655 2457/2995/5656 2456/2994/5657
f 2449/2987/5658 2450/2988/5659 2458/2996/5660 2457/2995/5661
f 2450/2988/5662 2443/2982/5663 2451/2990/5664 2458/2996/5665
f 2451/2990/5666 2452/2989/5667 2460/2997/5668 2459/2998/5669
f 2452/2989/5670 2453/2991/5671 2461/2999/5672 2460/2997/5673
f 2453/2991/5674 2454/2992/5675 2462/3000/5676 2461/2999/5677
f 2454/2992/5678 2455/3064/5679 2463/3063/5680 2462/3000/5681
f 2455/2993/5682 2456/2994/5683 2464/3002/5684 2463/3001/5685
f 2456/2994/5686 2457/2995/5687 2465/3003/5688 2464/3002/5689
f 2457/2995/5690 2458/2996/5691 2466/3004/5692 2465/3003/5693
f 2458/2996/5694 2451/2990/5695 2459/2998/5696 2466/3004/5697
f 2459/2998/5698 2460/2997/5699 2468/3005/5700 2467/3006/5701
f 2460/2997/5702 2461/2999/5703 2469/3007/5704 2468/3005/5705
f 2461/2999/5706 2462/3000/5707 2470/3008/5708 2469/3007/5709
f 2462/3000/5710 2463/3063/5711 2471/3062/5712 2470/3008/5713
f 2463/3001/5714 2464/3002/5715 2472/3010/5716 2471/3009/5717
f 2464/3002/5718 2465/3003/5719 2473/3011/5720 2472/3010/5721
f 2465/3003/5722 2466/3004/5723 2474/3012/5724 2473/3011/5725
f 2466/3004/5726 2459/2998/5727 2467/3006/5728 2474/3012/5729
s 1
f 2475/3013/5730 2467/3006/5731 2468/3005/5732 2477/3014/5733
s 2
f 2475/3013/5734 2477/3014/5735 2470/3008/5736 2471/3062/5737
s 3
f 2475/3013/5738 2471/3009/5739 2472/3010/5740 2476/3015/5741
s 4
f 2475/3013/5742 2476/3015/5743 2474/3012/5744 2467/3006/5745
s 3
f 2472/3010/5740 2473/3011/5746 2476/3015/5741
s 4
f 2473/3011/5747 2474/3012/5744 2476/3015/5743
s 1
f 2468/3005/5732 2469/3007/5748 2477/3014/5733
s 2
f 2469/3007/5749 2470/3008/5736 2477/3014/5735
s off
f 2479/3016/5750 2428/2966/5751 2427/2965/5752 2478/3017/5753 2486/3053/5754 2487/3058/5755
f 2480/3020/5756 2429/2969/5757 2428/2966/5758 2479/3016/5759 2487/3058/5760 2488/3057/5761
f 2481/3022/5762 2430/2971/5763 2429/2969/5764 2480/3020/5765 2488/3057/5766 2489/3050/5767
f 2482/3024/5768 2431/2973/5769 2430/2971/5770 2481/3022/5771 2489/3050/5772 2490/3056/5773
f 2483/3026/5774 2432/2975/5775 2431/3061/5776 2482/3059/5777 2490/3060/5778 2491/3055/5779
f 2484/3028/5780 2433/2977/5781 2432/2975/5782 2483/3026/5783 2491/3055/5784 2492/3054/5785
f 2485/3030/5786 2434/2979/5787 2433/2977/5788 2484/3028/5789 2492/3054/5790 2493/3052/5791
f 2478/3017/5792 2427/2965/5793 2434/2979/5794 2485/3030/5795 2493/3052/5796 2486/3053/5797
s 5
f 2487/3019/5798 2486/3018/5799 2507/3032/5800 2508/3033/5801
s 6
f 2488/3021/5802 2487/3019/5803 2508/3033/5804 2509/3034/5805
s 7
f 2489/3023/5806 2488/3021/5807 2509/3034/5808 2502/3035/5809
s 8
f 2490/3025/5810 2489/3051/5811 2502/3048/5812 2503/3036/5813
s 9
f 2491/3027/5814 2490/3025/5815 2503/3036/5816 2504/3037/5817
s 10
f 2492/3029/5818 2491/3027/5819 2504/3037/5820 2505/3038/5821
s 11
f 2493/3031/5822 2492/3029/5823 2505/3038/5824 2506/3039/5825
s 12
f 2486/3018/5826 2493/3031/5827 2506/3039/5828 2507/3032/5829
s 8
f 2503/3036/5813 2502/3048/5812 2497/3049/5830 2498/3041/5831
s 9
f 2504/3037/5817 2503/3036/5816 2498/3041/5832 2499/3042/5833
s 10
f 2505/3038/5821 2504/3037/5820 2499/3042/5834 2500/3043/5835
s 11
f 2506/3039/5825 2505/3038/5824 2500/3043/5836 2501/3044/5837
s 12
f 2507/3032/5829 2506/3039/5828 2501/3044/5838 2494/3045/5839
s 5
f 2508/3033/5801 2507/3032/5800 2494/3045/5840 2495/3046/5841
s 6
f 2509/3034/5805 2508/3033/5804 2495/3046/5842 2496/3047/5843
s 7
f 2502/3035/5809 2509/3034/5808 2496/3047/5844 2497/3040/5845
g default
v 18.711970 1.697054 -10.937084
v 18.310276 1.603183 -11.246180
v 17.970046 1.883584 -11.536158
v 17.580893 2.482999 -11.150089
v 17.640480 2.857401 -10.479209
v 18.023844 2.877771 -10.152850
v 18.460761 2.651172 -10.033430
v 18.887054 2.154613 -10.440260
v 18.860573 1.990264 -10.990403
v 18.484271 1.863331 -11.419258
v 18.051060 2.193786 -11.626207
v 17.635870 2.607877 -11.327999
v 17.722609 3.071769 -10.615639
v 18.228539 3.199654 -10.380599
v 18.610476 2.848548 -10.133131
v 19.049652 2.252434 -10.559684
v 18.955654 2.128779 -11.185761
v 18.602784 2.049702 -11.489852
v 18.135373 2.335009 -11.631539
v 17.815039 2.767530 -11.449311
v 17.892444 3.163850 -10.801078
v 18.334752 3.294794 -10.532032
v 18.712725 2.957621 -10.355300
v 19.121202 2.439143 -10.739482
v 18.914697 2.427741 -11.212654
v 18.651022 2.323636 -11.537204
v 18.286880 2.585582 -11.553839
v 18.035463 2.841168 -11.437785
v 18.122944 3.141345 -10.995069
v 18.406959 3.240068 -10.687287
v 18.750760 2.983503 -10.653885
v 19.035156 2.589832 -10.894506
v 18.787184 2.656591 -11.232180
v 18.668257 2.534769 -11.437525
v 18.447410 2.742014 -11.416829
v 18.313034 2.879705 -11.357417
v 18.362113 3.002072 -11.139560
v 18.525204 3.061240 -10.987601
v 18.701885 2.916649 -10.954912
v 18.854065 2.743683 -11.063396
v 18.610305 2.862384 -11.236193
v 18.712643 1.698135 -10.937822
v 18.887007 2.154672 -10.440146
v 18.479494 2.479466 -11.110852
v 18.448145 2.498760 -11.119377
v 18.419625 2.542687 -11.091086
v 18.423992 2.570125 -11.041921
v 18.447396 2.572823 -11.008599
v 18.484105 2.555012 -11.009253
v 18.515347 2.518622 -11.039066
v 18.479565 2.479576 -11.110931
v 18.508307 2.483726 -11.086764
v 18.515342 2.518626 -11.039059
v 18.616993 2.816160 -11.277359
v 18.598189 2.901778 -11.209809
v 17.311464 1.149380 -10.439152
v 17.257616 -0.198745 -10.251238
v 17.205150 1.241658 -10.482291
v 17.109923 -0.187572 -10.266208
v 17.311831 1.149784 -10.439394
v 17.257518 -0.198720 -10.251331
v 17.411279 1.146082 -10.330901
v 17.356069 -0.184574 -10.146790
v 17.430086 1.267349 -10.134066
v 17.331483 -0.152407 -9.921466
v 17.430102 1.267332 -10.134099
v 17.331499 -0.152412 -9.921499
v 17.312368 1.417671 -10.024738
v 17.168238 -0.137324 -9.773830
v 17.179991 1.505114 -10.035529
v 17.013967 -0.124498 -9.760309
v 17.106494 1.513538 -10.176290
v 16.931214 -0.103719 -9.893305
v 17.102282 1.419983 -10.375421
v 16.948515 -0.121035 -10.111746
vt 0.382562 0.643263
vt 0.388187 0.721080
vt 0.305368 0.733672
vt 0.307558 0.632446
vt 0.385348 0.805473
vt 0.295110 0.840038
vt 0.443049 0.962078
vt 0.288698 0.104739
vt 0.362338 0.269414
vt 0.288041 0.261514
vt 0.349679 0.351723
vt 0.244483 0.359220
vt 0.363105 0.436751
vt 0.300541 0.445172
vt 0.386146 0.551320
vt 0.324534 0.558129
vt 0.248876 0.729467
vt 0.241735 0.646936
vt 0.242468 0.836506
vt 0.167406 0.133913
vt 0.211751 0.272061
vt 0.196350 0.369621
vt 0.236811 0.454011
vt 0.249613 0.562669
vt 0.177663 0.720810
vt 0.167750 0.630005
vt 0.145475 0.801835
vt 0.085669 0.203351
vt 0.129505 0.309872
vt 0.160705 0.387320
vt 0.168258 0.473228
vt 0.191014 0.563959
vt 0.121830 0.688159
vt 0.106431 0.609652
vt 0.074251 0.720116
vt 0.018850 0.333658
vt 0.057562 0.386496
vt 0.083189 0.436686
vt 0.099162 0.499576
vt 0.119803 0.560502
vt 0.029031 0.559772
vt 0.045460 0.592531
vt 0.035062 0.534159
vt 0.386180 0.551318
vt 0.382944 0.643162
vt 0.742072 0.901362
vt 0.751688 0.900841
vt 0.767255 0.901901
vt 0.782015 0.904003
vt 0.792545 0.906572
vt 0.801426 0.912265
vt 0.813883 0.919355
vt 0.742067 0.901395
vt 0.733120 0.904150
vt 0.718425 0.907218
vt 0.723783 0.414409
vt 0.757283 0.426191
vt 0.685153 0.081128
vt 0.722696 0.076763
vt 0.723779 0.414569
vt 0.685124 0.081119
vt 0.686933 0.418091
vt 0.649340 0.087702
vt 0.631818 0.434879
vt 0.593601 0.097872
vt 0.980498 0.442559
vt 0.977276 0.063898
vt 0.932023 0.446802
vt 0.921853 0.060290
vt 0.897308 0.448151
vt 0.881310 0.059382
vt 0.859307 0.452156
vt 0.840597 0.067720
vt 0.807395 0.446688
vt 0.783021 0.076504
vt 0.598602 0.538843
vt 0.605124 0.569852
vt 0.598603 0.538838
vt 0.608350 0.589155
vt 0.608306 0.589171
vt 0.601909 0.507061
vt 0.602630 0.486437
vt 0.605769 0.469225
vt 0.618399 0.625963
vt 0.609754 0.606970
vt 0.631812 0.434880
vt 0.593592 0.097874
vt 0.718420 0.907219
vt 0.390094 0.130160
vt 0.615392 0.453815
vt 0.041621 0.775498
vt 0.130728 0.897141
vt 0.219594 0.957630
vt 0.341918 0.978190
vn 0.641354 -0.579586 -0.502738
vn 0.641354 -0.579586 -0.502738
vn 0.641354 -0.579586 -0.502738
vn 0.641354 -0.579586 -0.502738
vn 0.177012 -0.476452 -0.861197
vn 0.177012 -0.476452 -0.861197
vn 0.177012 -0.476452 -0.861197
vn 0.177012 -0.476452 -0.861197
vn -0.749443 -0.161233 -0.642137
vn -0.749443 -0.161233 -0.642137
vn -0.749443 -0.161233 -0.642137
vn -0.749443 -0.161233 -0.642137
vn -0.948579 0.305048 -0.084524
vn -0.948579 0.305048 -0.084524
vn -0.948579 0.305048 -0.084524
vn -0.948579 0.305048 -0.084524
vn -0.478809 0.653916 0.585778
vn -0.478809 0.653916 0.585778
vn -0.478809 0.653916 0.585778
vn -0.478809 0.653916 0.585778
vn -0.001798 0.534284 0.845303
vn -0.001798 0.534284 0.845303
vn -0.001798 0.534284 0.845303
vn -0.001798 0.534284 0.845303
vn 0.628413 -0.091432 0.772488
vn 0.628413 -0.091432 0.772487
vn 0.628413 -0.091432 0.772487
vn 0.628413 -0.091432 0.772487
vn 0.803446 -0.579966 0.134585
vn 0.803446 -0.579966 0.134585
vn 0.803446 -0.579966 0.134585
vn 0.803446 -0.579966 0.134585
vn 0.590760 -0.706859 -0.389042
vn 0.590760 -0.706859 -0.389042
vn 0.590760 -0.706859 -0.389042
vn 0.590760 -0.706859 -0.389042
vn 0.150753 -0.310835 -0.938432
vn 0.150753 -0.310835 -0.938432
vn 0.150753 -0.310835 -0.938432
vn 0.150753 -0.310835 -0.938432
vn -0.491902 0.065327 -0.868196
vn -0.491902 0.065327 -0.868196
vn -0.491902 0.065327 -0.868196
vn -0.491902 0.065327 -0.868196
vn -0.719354 0.623056 -0.307133
vn -0.719354 0.623056 -0.307133
vn -0.719354 0.623056 -0.307133
vn -0.719354 0.623056 -0.307133
vn -0.359895 0.908990 0.210270
vn -0.359895 0.908990 0.210270
vn -0.359895 0.908990 0.210270
vn -0.359895 0.908990 0.210270
vn 0.336413 0.734588 0.589242
vn 0.336413 0.734588 0.589242
vn 0.336414 0.734588 0.589242
vn 0.336414 0.734588 0.589242
vn 0.815981 0.237053 0.527239
vn 0.815981 0.237053 0.527239
vn 0.815981 0.237053 0.527239
vn 0.815981 0.237053 0.527239
vn 0.872596 -0.487202 -0.034784
vn 0.872596 -0.487202 -0.034784
vn 0.872596 -0.487202 -0.034784
vn 0.872596 -0.487202 -0.034784
vn 0.724605 -0.097623 -0.682215
vn 0.724605 -0.097623 -0.682215
vn 0.724605 -0.097623 -0.682215
vn 0.724605 -0.097623 -0.682215
vn 0.179699 -0.011520 -0.983654
vn 0.179699 -0.011520 -0.983654
vn 0.179699 -0.011520 -0.983654
vn 0.179699 -0.011520 -0.983654
vn -0.074903 0.343561 -0.936138
vn -0.074903 0.343561 -0.936138
vn -0.074903 0.343561 -0.936138
vn -0.074903 0.343561 -0.936138
vn -0.289373 0.826048 -0.483640
vn -0.289373 0.826048 -0.483640
vn -0.289373 0.826048 -0.483640
vn -0.289373 0.826048 -0.483640
vn -0.079647 0.956527 -0.280557
vn -0.079647 0.956527 -0.280557
vn -0.079647 0.956527 -0.280557
vn -0.079647 0.956527 -0.280557
vn 0.614675 0.782470 0.099582
vn 0.614674 0.782470 0.099582
vn 0.614674 0.782470 0.099582
vn 0.614674 0.782470 0.099582
vn 0.829302 0.544802 0.124296
vn 0.829302 0.544802 0.124296
vn 0.829302 0.544802 0.124296
vn 0.829302 0.544802 0.124296
vn 0.911477 0.095575 -0.400095
vn 0.911477 0.095575 -0.400095
vn 0.911477 0.095575 -0.400095
vn 0.911477 0.095575 -0.400095
vn 0.710784 0.294522 -0.638783
vn 0.710784 0.294522 -0.638783
vn 0.710784 0.294522 -0.638783
vn 0.710784 0.294522 -0.638783
vn 0.315702 0.401062 -0.859931
vn 0.315702 0.401062 -0.859931
vn 0.315702 0.401062 -0.859931
vn 0.315702 0.401062 -0.859931
vn 0.171192 0.536595 -0.826293
vn 0.171192 0.536595 -0.826293
vn 0.171192 0.536595 -0.826293
vn 0.171192 0.536595 -0.826293
vn 0.093503 0.829823 -0.550137
vn 0.093503 0.829823 -0.550137
vn 0.093503 0.829823 -0.550137
vn 0.093503 0.829823 -0.550137
vn 0.180598 0.862908 -0.471989
vn 0.180598 0.862908 -0.471989
vn 0.180598 0.862908 -0.471989
vn 0.180598 0.862908 -0.471989
vn 0.611720 0.754519 -0.237697
vn 0.611720 0.754519 -0.237697
vn 0.611720 0.754519 -0.237697
vn 0.611720 0.754519 -0.237697
vn 0.703121 0.676558 -0.218840
vn 0.703121 0.676558 -0.218840
vn 0.703121 0.676558 -0.218840
vn 0.703121 0.676558 -0.218840
vn 0.778845 0.383822 -0.496065
vn 0.778845 0.383822 -0.496065
vn 0.778845 0.383822 -0.496065
vn 0.778845 0.383822 -0.496065
vn 0.318259 0.631011 -0.707487
vn 0.348692 0.590342 -0.727949
vn 0.357519 0.577939 -0.733599
vn 0.318259 0.631011 -0.707486
vn 0.229023 0.795251 -0.561360
vn 0.229023 0.795251 -0.561360
vn 0.215195 0.807627 -0.549026
vn 0.221587 0.801968 -0.554750
vn 0.193456 0.826095 -0.529284
vn 0.636741 0.710128 -0.300464
vn 0.630984 0.704519 -0.324826
vn 0.629535 0.703098 -0.330666
vn 0.647172 0.545867 -0.532163
vn 0.647172 0.545867 -0.532163
vn 0.632912 0.514876 -0.578209
vn 0.637709 0.524993 -0.563658
vn -0.893146 0.440463 -0.091009
vn -0.893146 0.440463 -0.091009
vn -0.893146 0.440463 -0.091009
vn -0.893146 0.440463 -0.091009
vn -0.632266 -0.012347 0.774653
vn -0.632266 -0.012347 0.774653
vn -0.632266 -0.012347 0.774653
vn -0.632266 -0.012347 0.774653
vn -0.019558 -0.550322 0.834724
vn -0.019558 -0.550322 0.834724
vn -0.019558 -0.550322 0.834724
vn -0.019558 -0.550322 0.834724
vn 0.028059 -0.873936 0.485230
vn 0.028059 -0.873936 0.485230
vn 0.028059 -0.873936 0.485230
vn 0.028059 -0.873936 0.485230
vn -0.169819 -0.952410 0.253132
vn -0.169819 -0.952410 0.253132
vn -0.169819 -0.952410 0.253132
vn -0.169819 -0.952410 0.253132
vn -0.472403 -0.878011 0.077017
vn -0.472403 -0.878011 0.077017
vn -0.472403 -0.878011 0.077017
vn -0.472403 -0.878011 0.077017
vn -0.737782 -0.673281 0.048696
vn -0.737782 -0.673281 0.048696
vn -0.737782 -0.673281 0.048696
vn -0.737782 -0.673281 0.048696
vn -0.609831 -0.005264 0.792514
vn -0.609831 -0.005264 0.792514
vn -0.609831 -0.005264 0.792514
vn -0.609831 -0.005264 0.792514
vn -0.609831 -0.005264 0.792514
vn -0.609831 -0.005264 0.792514
vn 0.734880 0.676719 -0.044754
vn 0.734880 0.676719 -0.044754
vn 0.734880 0.676719 -0.044754
vn 0.734880 0.676719 -0.044754
vn -0.885069 -0.158846 0.437517
vn -0.885069 -0.158846 0.437517
vn -0.885069 -0.158846 0.437517
vn -0.885069 -0.158846 0.437517
vn 0.611549 0.472597 -0.634555
vn 0.404397 0.506956 -0.761222
vn 0.627301 0.700901 -0.339458
vn 0.627301 0.700901 -0.339458
vn -0.017768 -0.438096 -0.898753
vn -0.017768 -0.438096 -0.898753
vn 0.094832 -0.263741 -0.959920
vn 0.050232 -0.335125 -0.940834
vn 0.161797 -0.150548 -0.975273
vn 0.161797 -0.150548 -0.975273
vn -0.700691 0.695554 0.158862
vn -0.700691 0.695554 0.158862
vn -0.700691 0.695554 0.158862
vn -0.700691 0.695554 0.158862
vn -0.736580 -0.064323 -0.673284
vn -0.736580 -0.064323 -0.673284
vn -0.736580 -0.064323 -0.673284
vn -0.736580 -0.064323 -0.673284
vn 0.514042 -0.700982 -0.494353
vn 0.514042 -0.700982 -0.494353
vn 0.514042 -0.700982 -0.494353
vn 0.514042 -0.700982 -0.494353
vn 0.729904 -0.123237 -0.672349
vn 0.729903 -0.123237 -0.672349
vn 0.729903 -0.123237 -0.672349
vn 0.729903 -0.123237 -0.672349
vn 0.813367 -0.525475 0.249622
vn 0.813367 -0.525475 0.249622
vn 0.813367 -0.525475 0.249622
vn 0.813367 -0.525475 0.249622
vn 0.998169 -0.051168 0.032260
vn 0.998169 -0.051168 0.032260
vn 0.998169 -0.051168 0.032260
vn 0.998169 -0.051168 0.032260
vn -0.788309 0.292226 -0.541455
vn -0.788309 0.292226 -0.541455
vn -0.865294 0.136443 -0.482337
vn -0.868313 0.128703 -0.479028
vn -0.907905 0.000124 -0.419177
vn -0.907905 0.000124 -0.419177
vn 0.660975 -0.031472 0.749748
vn 0.660975 -0.031472 0.749748
vn 0.675727 0.008348 0.737105
vn 0.680247 0.021320 0.732673
vn 0.691574 0.055779 0.720149
vn 0.691574 0.055779 0.720149
vn 0.246207 0.476788 0.843834
vn 0.246207 0.476788 0.843834
vn 0.157221 0.321146 0.933888
vn 0.138361 0.287931 0.947603
vn 0.064158 0.156579 0.985579
vn 0.064158 0.156579 0.985579
vn -0.474894 0.830309 0.291655
vn -0.474894 0.830309 0.291655
vn -0.474894 0.830309 0.291655
vn -0.474894 0.830309 0.291655
vn -0.846869 0.175336 0.502065
vn -0.846869 0.175336 0.502065
vn -0.846870 0.175336 0.502065
vn -0.846870 0.175336 0.502065
vn -0.707259 0.644833 -0.289784
vn -0.707259 0.644833 -0.289784
vn -0.707259 0.644833 -0.289784
vn -0.707259 0.644833 -0.289784
vn -0.994006 0.093855 -0.056076
vn -0.994005 0.093855 -0.056076
vn -0.994006 0.093855 -0.056076
vn -0.994006 0.093855 -0.056076
vn -0.569745 0.154105 -0.807244
vn -0.569745 0.154105 -0.807244
vn -0.674413 0.025298 -0.737921
vn -0.636986 0.074638 -0.767254
vn -0.725335 -0.050091 -0.686572
vn -0.725335 -0.050091 -0.686572
s off
g mushroom4
usemtl lambert21SG
f 2510/3067/5846 2511/3068/5847 2519/3069/5848 2518/3070/5849
f 2511/3068/5850 2512/3071/5851 2520/3072/5852 2519/3069/5853
f 2512/3071/5854 2513/3073/5855 2521/3160/5856 2520/3072/5857
f 2513/3155/5858 2514/3075/5859 2522/3076/5860 2521/3074/5861
f 2514/3075/5862 2515/3077/5863 2523/3078/5864 2522/3076/5865
f 2515/3077/5866 2516/3079/5867 2524/3080/5868 2523/3078/5869
f 2516/3079/5870 2517/3081/5871 2525/3082/5872 2524/3080/5873
f 2517/3081/5874 2510/3067/5875 2518/3070/5876 2525/3082/5877
f 2518/3070/5878 2519/3069/5879 2527/3083/5880 2526/3084/5881
f 2519/3069/5882 2520/3072/5883 2528/3085/5884 2527/3083/5885
f 2520/3072/5886 2521/3160/5887 2529/3159/5888 2528/3085/5889
f 2521/3074/5890 2522/3076/5891 2530/3087/5892 2529/3086/5893
f 2522/3076/5894 2523/3078/5895 2531/3088/5896 2530/3087/5897
f 2523/3078/5898 2524/3080/5899 2532/3089/5900 2531/3088/5901
f 2524/3080/5902 2525/3082/5903 2533/3090/5904 2532/3089/5905
f 2525/3082/5906 2518/3070/5907 2526/3084/5908 2533/3090/5909
f 2526/3084/5910 2527/3083/5911 2535/3091/5912 2534/3092/5913
f 2527/3083/5914 2528/3085/5915 2536/3093/5916 2535/3091/5917
f 2528/3085/5918 2529/3159/5919 2537/3158/5920 2536/3093/5921
f 2529/3086/5922 2530/3087/5923 2538/3095/5924 2537/3094/5925
f 2530/3087/5926 2531/3088/5927 2539/3096/5928 2538/3095/5929
f 2531/3088/5930 2532/3089/5931 2540/3097/5932 2539/3096/5933
f 2532/3089/5934 2533/3090/5935 2541/3098/5936 2540/3097/5937
f 2533/3090/5938 2526/3084/5939 2534/3092/5940 2541/3098/5941
f 2534/3092/5942 2535/3091/5943 2543/3099/5944 2542/3100/5945
f 2535/3091/5946 2536/3093/5947 2544/3101/5948 2543/3099/5949
f 2536/3093/5950 2537/3158/5951 2545/3157/5952 2544/3101/5953
f 2537/3094/5954 2538/3095/5955 2546/3103/5956 2545/3102/5957
f 2538/3095/5958 2539/3096/5959 2547/3104/5960 2546/3103/5961
f 2539/3096/5962 2540/3097/5963 2548/3105/5964 2547/3104/5965
f 2540/3097/5966 2541/3098/5967 2549/3106/5968 2548/3105/5969
f 2541/3098/5970 2534/3092/5971 2542/3100/5972 2549/3106/5973
s 1
f 2550/3107/5974 2563/3108/5975 2544/3101/5976 2545/3157/5977
s 2
f 2550/3107/5978 2545/3102/5979 2546/3103/5980 2564/3109/5981
f 2546/3103/5980 2547/3104/5982 2564/3109/5981
s 3
f 2547/3104/5983 2548/3105/5984 2564/3109/5985
s 4
f 2550/3107/5986 2549/3106/5987 2542/3100/5988 2563/3108/5989
s off
f 2510/3067/5990 2517/3081/5991 2552/3110/5992 2551/3111/5993
f 2512/3071/5994 2511/3068/5995 2553/3146/5996 2554/3151/5997
f 2513/3073/5998 2512/3071/5999 2554/3151/6000 2555/3150/6001
f 2514/3075/6002 2513/3155/6003 2555/3156/6004 2556/3149/6005
f 2515/3077/6006 2514/3075/6007 2556/3149/6008 2557/3148/6009
f 2516/3079/6010 2515/3077/6011 2557/3148/6012 2558/3147/6013
f 2517/3081/6014 2516/3079/6015 2558/3147/6016 2559/3144/6017
f 2560/3145/6018 2553/3146/6019 2511/3068/6020 2510/3067/6021 2551/3111/6022 2561/3143/6023
f 2552/3110/6024 2517/3081/6025 2559/3144/6026 2562/3142/6027
f 2551/3111/6028 2552/3110/6029 2562/3142/6030 2561/3143/6031
s 4
f 2542/3100/5988 2543/3099/6032 2563/3108/5989
s 1
f 2543/3099/6033 2544/3101/5976 2563/3108/5975
s 3
f 2550/3107/6034 2564/3109/5985 2548/3105/5984 2549/3106/6035
s 5
f 2554/3113/6036 2553/3112/6037 2565/3122/6038 2567/3123/6039
f 2567/3123/6039 2565/3122/6038 2566/3124/6040 2568/3125/6041
s off
f 2553/3112/6042 2560/3119/6043 2569/3126/6044 2565/3122/6045
f 2565/3122/6046 2569/3126/6047 2570/3127/6048 2566/3124/6049
f 2560/3119/6050 2561/3120/6051 2571/3128/6052 2569/3126/6053
f 2569/3126/6054 2571/3128/6055 2572/3129/6056 2570/3127/6057
f 2561/3120/6058 2562/3121/6059 2573/3130/6060 2571/3128/6061
f 2571/3128/6062 2573/3130/6063 2574/3131/6064 2572/3129/6065
s 6
f 2562/3121/6066 2559/3154/6067 2575/3152/6068 2573/3130/6069
f 2573/3130/6069 2575/3152/6068 2576/3153/6070 2574/3131/6071
s 7
f 2559/3118/6072 2558/3117/6073 2577/3134/6074 2575/3132/6075
f 2575/3132/6075 2577/3134/6074 2578/3135/6076 2576/3133/6077
s 8
f 2558/3117/6078 2557/3116/6079 2579/3136/6080 2577/3134/6081
f 2577/3134/6081 2579/3136/6080 2580/3137/6082 2578/3135/6083
s off
f 2557/3116/6084 2556/3115/6085 2581/3138/6086 2579/3136/6087
f 2579/3136/6088 2581/3138/6089 2582/3139/6090 2580/3137/6091
f 2556/3115/6092 2555/3114/6093 2583/3140/6094 2581/3138/6095
f 2581/3138/6096 2583/3140/6097 2584/3141/6098 2582/3139/6099
s 9
f 2555/3114/6100 2554/3113/6101 2567/3123/6102 2583/3140/6103
f 2583/3140/6103 2567/3123/6102 2568/3125/6104 2584/3141/6105
g default
v -3.478727 3.854955 10.808235
v -4.558647 3.746921 10.469238
v -5.884858 3.854955 10.808235
v -6.383183 3.986475 12.207136
v -5.884858 3.944201 13.848698
v -4.728394 3.817378 14.290611
v -3.478727 3.944201 13.848698
v -2.980401 3.986475 12.207136
v -3.379603 4.414082 10.779020
v -4.677774 4.578483 10.437704
v -5.983980 4.414082 10.779020
v -6.523365 4.484540 12.215361
v -5.983980 4.465752 13.791540
v -4.683580 4.545603 14.251324
v -3.379603 4.465752 13.791540
v -2.840219 4.484540 12.215361
v -3.478727 5.302011 11.250488
v -4.681792 5.265089 10.864762
v -5.884858 5.302011 11.250488
v -6.383183 5.081245 12.149555
v -5.884858 5.010788 13.257842
v -4.681792 5.043668 13.784666
v -3.478727 5.010788 13.257842
v -2.980401 5.081245 12.149555
v -3.761006 5.725666 11.635855
v -4.681792 5.707532 11.321245
v -5.602579 5.439796 11.635855
v -5.983980 5.594146 12.297619
v -5.602579 5.692786 13.140888
v -4.681792 5.749152 13.462509
v -3.761006 5.692786 13.140888
v -3.379603 5.594146 12.297619
v -4.183466 5.890012 11.962887
v -4.681792 5.974560 11.795117
v -5.180118 5.890012 11.962887
v -5.386532 5.908800 12.338748
v -5.180118 5.988651 12.779202
v -4.681792 6.073200 12.947602
v -4.183466 5.988651 12.779202
v -3.977053 5.908800 12.338748
v -4.681792 6.128833 12.342861
v -4.669577 4.602827 12.363967
v -4.680542 4.602827 12.360525
v -4.694007 4.602827 12.363967
v -4.699066 4.602828 12.378170
v -4.694007 4.602828 12.394837
v -4.682265 4.602827 12.399323
v -4.669577 4.602828 12.394837
v -4.664518 4.602828 12.378170
v -4.804680 1.925359 12.166671
v -3.942470 -0.254906 11.640459
v -5.092431 1.967336 12.073534
v -4.354125 -0.254906 11.497660
v -4.669621 1.932683 12.543761
v -3.741399 -0.254906 12.195342
v -4.799109 1.990681 12.984277
v -3.915274 -0.254906 12.837065
v -5.130561 2.057177 13.100822
v -4.384173 -0.254906 13.000127
v -5.438852 2.100434 12.979867
v -4.825712 -0.254906 12.816159
v -5.574355 2.087898 12.537526
v -5.028954 -0.254906 12.165776
v -5.444424 2.035113 12.162262
v -4.852909 -0.254906 11.619552
v -4.888242 6.054754 12.339976
v -4.479348 6.056004 12.339999
vt 0.398356 0.789983
vt 0.447200 0.895825
vt 0.294494 0.033786
vt 0.324573 0.801438
vt 0.401364 0.166926
vt 0.327688 0.160637
vt 0.392935 0.296817
vt 0.327634 0.285572
vt 0.386710 0.397965
vt 0.328671 0.386802
vt 0.389962 0.474680
vt 0.313550 0.474309
vt 0.383009 0.554736
vt 0.325309 0.564921
vt 0.391149 0.657022
vt 0.326763 0.668938
vt 0.140486 0.091621
vt 0.201196 0.748221
vt 0.207867 0.208086
vt 0.250726 0.282700
vt 0.255694 0.369351
vt 0.242538 0.474076
vt 0.253512 0.581512
vt 0.251947 0.668964
vt 0.056561 0.199418
vt 0.133730 0.689343
vt 0.150076 0.242822
vt 0.177666 0.310925
vt 0.175882 0.389662
vt 0.165526 0.474495
vt 0.175086 0.560165
vt 0.176914 0.640737
vt 0.023684 0.316558
vt 0.077175 0.626684
vt 0.078708 0.323659
vt 0.104477 0.356380
vt 0.112864 0.411582
vt 0.107625 0.474731
vt 0.112597 0.537890
vt 0.104079 0.593306
vt 0.043165 0.475333
vt 0.056320 0.429273
vt 0.055681 0.520534
vt 0.803869 0.370002
vt 0.802574 0.369682
vt 0.801024 0.369192
vt 0.799492 0.368259
vt 0.810656 0.370867
vt 0.809143 0.370989
vt 0.807562 0.370827
vt 0.805583 0.370383
vt 0.703769 0.682017
vt 0.671309 0.664269
vt 0.639236 0.967522
vt 0.594881 0.943808
vt 0.752239 0.690499
vt 0.706496 0.977349
vt 0.807902 0.688189
vt 0.782970 0.972424
vt 0.848064 0.677001
vt 0.838992 0.957721
vt 0.885717 0.666440
vt 0.894767 0.945736
vt 0.599917 0.606989
vt 0.490190 0.870623
vt 0.636409 0.637785
vt 0.546208 0.909059
vt 0.939594 0.656547
vt 0.975930 0.942414
vt 0.607375 0.467345
vt 0.812588 0.370100
vt 0.607302 0.482649
vt 0.607750 0.485745
vt 0.607944 0.478238
vt 0.607856 0.474965
vt 0.607694 0.471772
vt 0.608132 0.464206
vt 0.608852 0.486925
vt 0.467187 0.055052
vt 0.609444 0.462699
vt 0.020838 0.634508
vt 0.048902 0.753647
vt 0.129009 0.856643
vt 0.273631 0.919800
vn 0.274010 -0.038036 -0.960974
vn 0.274009 -0.038036 -0.960974
vn 0.274010 -0.038036 -0.960974
vn 0.274010 -0.038036 -0.960974
vn -0.247765 -0.081055 -0.965423
vn -0.247765 -0.081055 -0.965423
vn -0.247765 -0.081055 -0.965423
vn -0.247765 -0.081055 -0.965423
vn -0.921944 -0.215085 -0.322113
vn -0.921944 -0.215085 -0.322113
vn -0.921944 -0.215085 -0.322113
vn -0.921944 -0.215085 -0.322113
vn -0.932715 -0.204660 0.296914
vn -0.932715 -0.204660 0.296913
vn -0.932715 -0.204660 0.296913
vn -0.932715 -0.204660 0.296914
vn -0.343003 0.057447 0.937576
vn -0.343003 0.057447 0.937576
vn -0.343003 0.057447 0.937576
vn -0.343003 0.057447 0.937576
vn 0.332193 0.034479 0.942581
vn 0.332193 0.034479 0.942581
vn 0.332193 0.034479 0.942581
vn 0.332193 0.034479 0.942581
vn 0.932715 -0.204660 0.296913
vn 0.932715 -0.204660 0.296913
vn 0.932715 -0.204660 0.296913
vn 0.932715 -0.204660 0.296913
vn 0.921944 -0.215086 -0.322113
vn 0.921944 -0.215086 -0.322113
vn 0.921944 -0.215086 -0.322113
vn 0.921944 -0.215086 -0.322113
vn 0.266157 0.490851 -0.829593
vn 0.266157 0.490851 -0.829593
vn 0.266157 0.490851 -0.829593
vn 0.266157 0.490851 -0.829593
vn -0.265482 0.489897 -0.830373
vn -0.265482 0.489897 -0.830373
vn -0.265482 0.489897 -0.830373
vn -0.265482 0.489897 -0.830373
vn -0.891226 0.247506 -0.380076
vn -0.891226 0.247506 -0.380076
vn -0.891226 0.247506 -0.380076
vn -0.891226 0.247506 -0.380076
vn -0.864923 0.363182 0.346420
vn -0.864923 0.363182 0.346420
vn -0.864923 0.363182 0.346420
vn -0.864923 0.363182 0.346420
vn -0.296381 0.675845 0.674827
vn -0.296381 0.675846 0.674827
vn -0.296381 0.675846 0.674827
vn -0.296381 0.675845 0.674827
vn 0.296164 0.675363 0.675405
vn 0.296164 0.675363 0.675405
vn 0.296164 0.675363 0.675405
vn 0.296164 0.675363 0.675405
vn 0.864923 0.363183 0.346420
vn 0.864923 0.363183 0.346420
vn 0.864923 0.363183 0.346420
vn 0.864923 0.363183 0.346420
vn 0.891226 0.247507 -0.380075
vn 0.891226 0.247507 -0.380075
vn 0.891226 0.247507 -0.380075
vn 0.891226 0.247507 -0.380075
vn 0.201916 0.715687 -0.668597
vn 0.201916 0.715687 -0.668597
vn 0.201916 0.715687 -0.668597
vn 0.201916 0.715687 -0.668597
vn -0.252347 0.834198 -0.490340
vn -0.252347 0.834198 -0.490340
vn -0.252347 0.834198 -0.490340
vn -0.252347 0.834198 -0.490340
vn -0.544023 0.793464 -0.272863
vn -0.544023 0.793464 -0.272863
vn -0.544023 0.793464 -0.272863
vn -0.544023 0.793464 -0.272863
vn -0.814260 0.455008 0.360483
vn -0.814260 0.455008 0.360483
vn -0.814260 0.455008 0.360483
vn -0.814260 0.455008 0.360483
vn -0.360434 0.347311 0.865715
vn -0.360434 0.347311 0.865715
vn -0.360434 0.347311 0.865715
vn -0.360434 0.347311 0.865715
vn 0.360434 0.347311 0.865715
vn 0.360434 0.347311 0.865715
vn 0.360434 0.347311 0.865715
vn 0.360434 0.347311 0.865715
vn 0.814260 0.455008 0.360484
vn 0.814260 0.455008 0.360484
vn 0.814260 0.455008 0.360484
vn 0.814260 0.455008 0.360484
vn 0.709115 0.658921 -0.250956
vn 0.709115 0.658921 -0.250956
vn 0.709115 0.658921 -0.250956
vn 0.709115 0.658921 -0.250956
vn 0.175913 0.902437 -0.393270
vn 0.175913 0.902437 -0.393270
vn 0.175913 0.902437 -0.393270
vn 0.175913 0.902437 -0.393270
vn -0.365940 0.780876 -0.506281
vn -0.365940 0.780876 -0.506281
vn -0.365940 0.780876 -0.506281
vn -0.365940 0.780876 -0.506281
vn -0.457110 0.798288 -0.392156
vn -0.457110 0.798288 -0.392156
vn -0.457110 0.798288 -0.392156
vn -0.457110 0.798288 -0.392156
vn -0.487021 0.867366 0.102406
vn -0.487021 0.867366 0.102406
vn -0.487021 0.867366 0.102406
vn -0.487021 0.867366 0.102406
vn -0.248331 0.843276 0.476673
vn -0.248331 0.843276 0.476673
vn -0.248331 0.843276 0.476673
vn -0.248331 0.843276 0.476673
vn 0.248331 0.843276 0.476673
vn 0.248331 0.843276 0.476673
vn 0.248331 0.843276 0.476673
vn 0.248331 0.843276 0.476673
vn 0.487020 0.867366 0.102406
vn 0.487020 0.867366 0.102406
vn 0.487020 0.867366 0.102406
vn 0.487020 0.867366 0.102406
vn 0.386379 0.914563 -0.119523
vn 0.386379 0.914563 -0.119523
vn 0.386379 0.914563 -0.119523
vn 0.386379 0.914563 -0.119523
vn -0.265978 0.934071 -0.238259
vn -0.265978 0.934071 -0.238259
vn -0.269130 0.936543 -0.224625
vn -0.267528 0.935305 -0.231586
vn -0.230606 0.971820 0.048848
vn -0.241065 0.970037 0.030263
vn -0.246772 0.968866 0.020032
vn -0.230606 0.971820 0.048848
vn 0.230293 0.971876 0.049224
vn 0.230293 0.971876 0.049224
vn 0.246867 0.968846 0.019841
vn 0.240870 0.970077 0.030532
vn 0.280887 0.958813 -0.042191
vn 0.275202 0.940742 -0.198160
vn 0.269150 0.936560 -0.224531
vn 0.267463 0.935296 -0.231699
vn -0.038280 -0.911501 0.409512
vn -0.038280 -0.911501 0.409512
vn -0.038280 -0.911501 0.409512
vn -0.038280 -0.911501 0.409512
vn 0.032281 -0.909988 0.413375
vn 0.032281 -0.909988 0.413375
vn 0.032281 -0.909988 0.413375
vn 0.032281 -0.909988 0.413375
vn 0.319413 -0.926271 0.199993
vn 0.319412 -0.926271 0.199993
vn 0.319413 -0.926271 0.199993
vn 0.319412 -0.926271 0.199993
vn 0.352620 -0.926599 -0.130666
vn 0.352620 -0.926599 -0.130666
vn 0.352620 -0.926599 -0.130666
vn 0.352620 -0.926599 -0.130666
vn 0.045618 -0.923176 -0.381660
vn 0.045618 -0.923176 -0.381660
vn 0.045618 -0.923176 -0.381660
vn 0.045618 -0.923176 -0.381660
vn -0.042950 -0.922522 -0.383548
vn -0.042950 -0.922522 -0.383548
vn -0.042950 -0.922522 -0.383548
vn -0.042950 -0.922522 -0.383548
vn -0.352620 -0.926599 -0.130667
vn -0.352620 -0.926599 -0.130667
vn -0.352620 -0.926599 -0.130667
vn -0.352620 -0.926599 -0.130667
vn -0.319412 -0.926271 0.199993
vn -0.319412 -0.926271 0.199993
vn -0.319412 -0.926271 0.199993
vn -0.319412 -0.926271 0.199993
vn 0.314057 0.054066 -0.947863
vn 0.314057 0.054066 -0.947863
vn 0.320346 0.261835 -0.910396
vn 0.320312 0.230898 -0.918742
vn 0.319000 0.337656 -0.885566
vn 0.319000 0.337656 -0.885566
vn 0.941351 -0.022685 -0.336665
vn 0.941351 -0.022685 -0.336665
vn 0.941351 -0.022685 -0.336665
vn 0.941351 -0.022685 -0.336665
vn 0.855603 0.413163 -0.311833
vn 0.855603 0.413163 -0.311833
vn 0.855603 0.413163 -0.311833
vn 0.855603 0.413163 -0.311833
vn 0.959737 0.015627 0.280465
vn 0.959737 0.015627 0.280465
vn 0.939031 0.230282 0.255324
vn 0.933095 0.257380 0.251174
vn 0.908437 0.344920 0.236160
vn 0.908437 0.344920 0.236160
vn 0.358062 0.188755 0.914419
vn 0.358062 0.188755 0.914419
vn 0.344932 0.119706 0.930963
vn 0.341126 0.101182 0.934556
vn 0.334093 0.068368 0.940057
vn 0.334093 0.068368 0.940057
vn -0.311945 0.303208 0.900419
vn -0.311945 0.303208 0.900419
vn -0.363813 0.013129 0.931379
vn -0.369456 -0.036225 0.928542
vn -0.379727 -0.162200 0.910768
vn -0.379727 -0.162200 0.910768
vn -0.904497 0.331819 0.267921
vn -0.904497 0.331819 0.267921
vn -0.951679 -0.090584 0.293431
vn -0.952270 -0.084104 0.293442
vn -0.921430 -0.260116 0.288627
vn -0.921430 -0.260116 0.288627
vn -0.892002 0.288212 -0.348232
vn -0.892002 0.288212 -0.348232
vn -0.945820 -0.049881 -0.320837
vn -0.944702 0.004790 -0.327894
vn -0.938011 -0.170643 -0.301688
vn -0.938011 -0.170643 -0.301688
vn -0.217780 0.139377 -0.965995
vn -0.217780 0.139377 -0.965995
vn -0.222191 0.163028 -0.961277
vn -0.221319 0.158303 -0.962267
vn -0.223809 0.171865 -0.959360
vn -0.223809 0.171865 -0.959360
vn -0.275078 0.940793 -0.198094
vn -0.280751 0.958850 -0.042262
vn 0.265871 0.934066 -0.238396
vn 0.265871 0.934066 -0.238396
s off
g mushroom5
usemtl lambert14SG
f 2585/3161/6106 2586/3162/6107 2594/3244/6108 2593/3164/6109
f 2586/3239/6110 2587/3165/6111 2595/3166/6112 2594/3163/6113
f 2587/3165/6114 2588/3167/6115 2596/3168/6116 2595/3166/6117
f 2588/3167/6118 2589/3169/6119 2597/3170/6120 2596/3168/6121
f 2589/3169/6122 2590/3171/6123 2598/3172/6124 2597/3170/6125
f 2590/3171/6126 2591/3173/6127 2599/3174/6128 2598/3172/6129
f 2591/3173/6130 2592/3175/6131 2600/3176/6132 2599/3174/6133
f 2592/3175/6134 2585/3161/6135 2593/3164/6136 2600/3176/6137
f 2593/3164/6138 2594/3244/6139 2602/3243/6140 2601/3178/6141
f 2594/3163/6142 2595/3166/6143 2603/3179/6144 2602/3177/6145
f 2595/3166/6146 2596/3168/6147 2604/3180/6148 2603/3179/6149
f 2596/3168/6150 2597/3170/6151 2605/3181/6152 2604/3180/6153
f 2597/3170/6154 2598/3172/6155 2606/3182/6156 2605/3181/6157
f 2598/3172/6158 2599/3174/6159 2607/3183/6160 2606/3182/6161
f 2599/3174/6162 2600/3176/6163 2608/3184/6164 2607/3183/6165
f 2600/3176/6166 2593/3164/6167 2601/3178/6168 2608/3184/6169
f 2601/3178/6170 2602/3243/6171 2610/3242/6172 2609/3186/6173
f 2602/3177/6174 2603/3179/6175 2611/3187/6176 2610/3185/6177
f 2603/3179/6178 2604/3180/6179 2612/3188/6180 2611/3187/6181
f 2604/3180/6182 2605/3181/6183 2613/3189/6184 2612/3188/6185
f 2605/3181/6186 2606/3182/6187 2614/3190/6188 2613/3189/6189
f 2606/3182/6190 2607/3183/6191 2615/3191/6192 2614/3190/6193
f 2607/3183/6194 2608/3184/6195 2616/3192/6196 2615/3191/6197
f 2608/3184/6198 2601/3178/6199 2609/3186/6200 2616/3192/6201
f 2609/3186/6202 2610/3242/6203 2618/3241/6204 2617/3194/6205
f 2610/3185/6206 2611/3187/6207 2619/3195/6208 2618/3193/6209
f 2611/3187/6210 2612/3188/6211 2620/3196/6212 2619/3195/6213
f 2612/3188/6214 2613/3189/6215 2621/3197/6216 2620/3196/6217
f 2613/3189/6218 2614/3190/6219 2622/3198/6220 2621/3197/6221
f 2614/3190/6222 2615/3191/6223 2623/3199/6224 2622/3198/6225
f 2615/3191/6226 2616/3192/6227 2624/3200/6228 2623/3199/6229
f 2616/3192/6230 2609/3186/6231 2617/3194/6232 2624/3200/6233
s 1
f 2625/3201/6234 2618/3193/6235 2619/3195/6236 2650/3202/6237
s 2
f 2625/3201/6238 2650/3202/6239 2621/3197/6240 2622/3198/6241
s 3
f 2625/3201/6242 2622/3198/6243 2623/3199/6244 2651/3203/6245
f 2623/3199/6244 2624/3200/6246 2651/3203/6245
s 4
f 2624/3200/6247 2617/3194/6248 2651/3203/6249
s off
f 2586/3162/6250 2585/3161/6251 2626/3233/6252 2627/3238/6253
f 2587/3165/6254 2586/3239/6255 2627/3240/6256 2628/3237/6257
f 2588/3167/6258 2587/3165/6259 2628/3237/6260 2629/3230/6261
f 2589/3169/6262 2588/3167/6263 2629/3230/6264 2630/3236/6265
f 2590/3171/6266 2589/3169/6267 2630/3236/6268 2631/3235/6269
f 2591/3173/6270 2590/3171/6271 2631/3235/6272 2632/3234/6273
f 2592/3175/6274 2591/3173/6275 2632/3234/6276 2633/3232/6277
f 2585/3161/6278 2592/3175/6279 2633/3232/6280 2626/3233/6281
s 5
f 2627/3205/6282 2626/3204/6283 2634/3212/6284 2636/3213/6285
f 2636/3213/6285 2634/3212/6284 2635/3214/6286 2637/3215/6287
s off
f 2626/3204/6288 2633/3211/6289 2638/3216/6290 2634/3212/6291
f 2634/3212/6292 2638/3216/6293 2639/3217/6294 2635/3214/6295
s 6
f 2633/3211/6296 2632/3210/6297 2640/3218/6298 2638/3216/6299
f 2638/3216/6299 2640/3218/6298 2641/3219/6300 2639/3217/6301
s 7
f 2632/3210/6302 2631/3209/6303 2642/3220/6304 2640/3218/6305
f 2640/3218/6305 2642/3220/6304 2643/3221/6306 2641/3219/6307
s 8
f 2631/3209/6308 2630/3208/6309 2644/3222/6310 2642/3220/6311
f 2642/3220/6311 2644/3222/6310 2645/3223/6312 2643/3221/6313
s 9
f 2630/3208/6314 2629/3231/6315 2646/3228/6316 2644/3222/6317
f 2644/3222/6317 2646/3228/6316 2647/3229/6318 2645/3223/6319
s 10
f 2629/3207/6320 2628/3206/6321 2648/3226/6322 2646/3224/6323
f 2646/3224/6323 2648/3226/6322 2649/3227/6324 2647/3225/6325
s 11
f 2628/3206/6326 2627/3205/6327 2636/3213/6328 2648/3226/6329
f 2648/3226/6329 2636/3213/6328 2637/3215/6330 2649/3227/6331
s 1
f 2619/3195/6236 2620/3196/6332 2650/3202/6237
s 2
f 2620/3196/6333 2621/3197/6240 2650/3202/6239
s 4
f 2625/3201/6334 2651/3203/6249 2617/3194/6248 2618/3241/6335
g default
v 17.572906 -0.068955 -6.468429
v 15.728037 -0.064278 -6.733149
v 14.228894 -0.199299 -3.977113
v 15.322794 -0.303415 -2.094595
v 18.448560 -0.030834 -2.886892
v 18.656104 -0.032895 -3.272800
v 17.811102 1.720819 -5.446522
v 15.952838 1.729247 -5.439768
v 15.146905 1.807985 -4.286498
v 16.114015 1.830660 -2.267326
v 18.051871 1.370731 -2.500997
v 18.765611 1.363640 -3.828095
v 16.849500 12.343935 -5.267747
v 18.464034 23.857116 -4.770962
v 17.862247 29.367289 -4.168988
v 15.583671 12.253606 -5.268181
v 17.926223 23.579992 -4.523017
v 17.862221 29.367284 -4.168988
v 17.862227 29.367286 -4.168978
v 14.951116 12.197884 -4.169418
v 17.494138 23.942796 -4.192567
v 17.862214 29.367282 -4.168978
v 15.584424 12.232489 -3.070214
v 17.928867 23.696035 -3.541199
v 17.862220 29.367286 -4.168968
v 16.850251 12.322815 -3.069781
v 18.550920 23.570884 -3.541808
v 17.862247 29.367286 -4.168968
v 17.482802 12.378534 -4.168545
v 18.861448 23.508420 -4.091627
v 17.862252 29.367289 -4.168978
v 15.628340 14.875499 -4.074470
v 16.285848 15.465546 -5.071216
v 17.470716 15.985903 -5.071158
v 17.986753 15.978782 -4.168921
v 17.298263 15.384621 -3.266746
v 16.108033 14.884392 -3.267835
v 15.978635 16.327246 -4.197917
v 16.666598 17.009953 -5.011178
v 17.679009 17.160319 -5.011234
v 18.161970 17.149466 -4.169034
v 17.632275 16.987501 -3.326786
v 16.458333 16.336142 -3.391283
v 18.314420 20.498735 -4.169974
v 18.287657 20.127380 -3.523562
v 17.445138 20.341887 -3.492432
v 17.059296 20.382098 -4.168611
v 17.444165 20.346915 -4.845161
v 18.289115 20.125928 -4.815606
v 18.210303 19.010436 -4.168419
v 18.235602 19.383235 -3.522783
v 17.208958 19.312612 -3.438843
v 16.791726 19.343333 -4.168714
v 17.208014 19.319684 -4.898852
v 18.237069 19.381781 -4.814827
v 17.989717 24.859893 -4.350557
v 18.490251 24.841005 -4.097944
v 18.443480 24.613439 -3.867569
v 18.170836 24.834012 -3.637655
v 17.960653 24.778913 -3.786237
v 17.599874 24.582752 -4.110061
v 15.677280 15.508416 -4.303251
v 16.355665 15.520990 -3.162501
v 15.828688 14.691351 -3.645586
v 16.338232 16.792395 -3.820167
v 14.759959 19.118274 -3.260923
v 13.342370 21.496316 -1.967651
v 10.292804 21.999793 2.353714
v 14.821613 19.304927 -3.602933
v 13.292900 21.567834 -2.151278
v 10.261890 22.031242 2.328495
v 15.048383 19.228877 -2.979992
v 13.494826 21.528428 -1.837259
v 10.333874 22.005674 2.383013
v 15.374553 19.369027 -2.999432
v 13.661000 21.645335 -1.836484
v 10.361055 22.045387 2.399229
v 15.582128 19.487210 -3.262800
v 13.743517 21.778578 -1.965784
v 10.358407 22.095723 2.392863
v 15.549512 19.514187 -3.615818
v 13.694066 21.850074 -2.149412
v 10.327494 22.127155 2.367650
v 15.295782 19.434165 -3.851700
v 13.541591 21.817984 -2.279804
v 10.286420 22.121286 2.338352
v 14.963279 19.106614 -3.913116
v 13.375436 21.701055 -2.280578
v 10.259247 22.081561 2.322131
v 14.981622 18.534994 -3.539280
v 15.043269 18.721646 -3.881292
v 15.389288 19.008719 -3.899108
v 15.657514 19.141478 -3.643802
v 15.702111 19.055713 -3.280395
v 15.508912 18.842103 -3.021764
v 15.193488 18.633965 -3.019410
v 14.839948 18.733311 -3.229096
v 9.892302 18.390086 -6.552144
v 4.805938 19.683194 -8.310988
v 9.982327 18.501240 -6.715281
v 4.820894 19.703526 -8.341306
v 9.868975 18.823338 -6.558375
v 4.820322 19.760403 -8.303454
v 9.970656 18.717866 -6.718393
v 4.828087 19.742125 -8.337539
v 9.790617 18.495561 -6.392124
v 4.798177 19.701472 -8.276902
v 9.778950 18.712186 -6.395238
v 4.805367 19.740073 -8.273133
v 22.475069 20.142089 -5.453288
v 27.443925 18.293387 -5.088678
v 29.556929 18.199132 -4.162621
v 22.569215 20.407893 -5.013795
v 27.480607 18.447089 -4.835565
v 29.538209 18.245538 -4.107293
v 22.152417 20.794933 -5.382728
v 27.677731 18.842237 -5.104082
v 29.584280 18.345246 -4.175335
v 22.002904 20.821266 -4.908954
v 27.597504 18.721512 -4.843267
v 29.551886 18.318595 -4.113648
v 22.282513 20.388667 -5.871366
v 27.524155 18.414109 -5.349487
v 29.589291 18.225789 -4.224309
v 21.817661 20.821266 -5.749813
v 27.641074 18.688535 -5.357193
v 29.602972 18.298841 -4.230670
v 18.231155 25.463081 -6.105984
v 17.108287 26.886045 -8.673676
v 13.702511 26.644696 -9.824618
v 17.780122 25.396625 -6.146636
v 16.866706 26.796788 -8.628096
v 13.685870 26.611174 -9.770998
v 18.101007 25.996829 -5.534474
v 17.010072 27.266804 -8.448761
v 13.672639 26.741251 -9.773527
v 18.391584 25.763173 -5.799902
v 17.179959 27.121045 -8.584010
v 13.695905 26.709727 -9.825881
v 17.489545 25.630281 -5.881207
v 16.696793 26.942542 -8.492854
v 13.662622 26.642688 -9.718646
v 17.649976 25.930388 -5.575124
v 16.768489 27.177562 -8.403189
v 13.655995 26.707709 -9.719908
v 21.183842 20.900245 -5.169343
v 21.333368 20.873922 -5.643119
v 20.984121 19.987546 -5.664473
v 21.089303 19.691266 -5.155430
v 21.156034 19.999688 -4.633819
v 21.518613 20.873922 -4.802258
v 18.297992 25.621482 -3.868494
v 18.147897 25.350766 -3.638119
v 17.928950 26.256490 -3.909490
v 17.684352 26.123488 -4.129037
v 18.048970 26.311383 -4.297140
v 18.417493 25.270207 -4.098406
v 22.248526 23.180959 -4.587697
v 24.208127 25.133176 -4.066919
v 26.484741 26.739627 -3.151419
v 22.330308 23.264227 -4.966258
v 24.290233 25.135936 -4.357411
v 26.511838 26.746549 -3.221516
v 23.014116 22.823058 -4.795903
v 24.653939 24.773647 -4.258050
v 26.588604 26.642537 -3.202120
v 22.832227 23.029594 -5.102755
v 24.513153 24.956168 -4.452973
v 26.563769 26.698011 -3.246869
v 22.489984 22.946591 -4.297046
v 24.348932 24.950652 -3.871994
v 26.509569 26.684160 -3.106672
v 22.872785 22.767640 -4.401153
v 24.571836 24.770885 -3.967558
v 26.561502 26.635615 -3.132021
v 18.728453 26.185719 -2.061752
v 19.989030 26.782405 -1.160489
v 21.385377 27.441867 -0.551632
v 18.631725 26.031730 -1.982030
v 19.958330 26.716703 -1.073244
v 21.382373 27.427517 -0.527348
v 18.627290 26.343989 -2.126092
v 19.947466 26.887593 -1.169670
v 21.374868 27.468110 -0.553989
v 18.429357 26.348275 -2.110710
v 19.875197 26.927062 -1.091604
v 21.361379 27.480008 -0.532058
v 18.433801 26.036014 -1.966650
v 19.886046 26.756152 -0.995180
v 21.368882 27.439399 -0.505417
v 18.332614 26.194274 -2.030991
v 19.844495 26.861341 -1.004360
v 21.358373 27.465659 -0.507772
v 16.884217 2.167533 -5.376795
v 18.035522 0.725488 -5.596442
v 15.718304 0.735998 -5.588020
v 15.582315 2.341747 -3.277303
v 15.051808 0.742587 -4.549407
v 16.265265 0.628177 -2.074349
v 18.096227 0.256168 -6.756393
v 19.262060 0.285979 -7.941523
v 20.044427 0.142430 -9.436225
v 20.081151 -0.022535 -10.942500
v 19.144155 -0.085688 -11.793022
v 17.234915 -0.061983 -11.457690
v 15.107161 0.057280 -10.729040
v 13.572923 0.135060 -10.596630
v 12.866272 0.185721 -11.334059
v 12.583693 0.231345 -12.521658
v 17.537139 0.270604 -7.199510
v 18.861651 0.303595 -8.411624
v 19.552377 0.183502 -9.696944
v 19.630613 0.039805 -10.972909
v 18.948772 0.002506 -11.594695
v 17.265370 0.018468 -11.278908
v 15.143727 0.106867 -10.623992
v 13.581213 0.173364 -10.512198
v 12.823729 0.214001 -11.292594
v 12.555779 0.245175 -12.514989
v 17.198024 0.847587 -7.527908
v 18.629926 0.803776 -8.694403
v 19.297268 0.641591 -9.888902
v 19.401880 0.425860 -11.053179
v 18.843488 0.271176 -11.549775
v 17.267922 0.210314 -11.228398
v 15.155076 0.224737 -10.595558
v 13.585572 0.263548 -10.489554
v 12.813645 0.278076 -11.281534
v 12.548903 0.276236 -12.513292
v 17.367907 1.581011 -7.405219
v 18.763450 1.400433 -8.591342
v 19.471196 1.171747 -9.867552
v 19.567200 0.844922 -11.122866
v 18.907582 0.518008 -11.692084
v 17.240648 0.369089 -11.344193
v 15.132669 0.322133 -10.665148
v 13.582708 0.337701 -10.545750
v 12.843618 0.329695 -11.309220
v 12.568244 0.301139 -12.517848
v 17.897384 1.830645 -6.941500
v 19.158956 1.639562 -8.178612
v 19.943200 1.374751 -9.648969
v 20.002081 0.981430 -11.129494
v 19.092790 0.557133 -11.914462
v 17.204077 0.375235 -11.539095
v 15.093365 0.325713 -10.780360
v 13.574788 0.339985 -10.638470
v 12.891076 0.329988 -11.354794
v 12.599236 0.301130 -12.525226
v 18.375274 1.472117 -6.555834
v 19.497844 1.340685 -7.759157
v 20.357847 1.097737 -9.397755
v 20.379049 0.732589 -11.068074
v 19.259656 0.359088 -12.049454
v 17.185752 0.224121 -11.666342
v 15.066772 0.232781 -10.854436
v 13.567761 0.268680 -10.697892
v 12.920285 0.278735 -11.383942
v 12.618539 0.276218 -12.529873
v 18.440656 0.788566 -6.472721
v 19.528887 0.746129 -7.649697
v 20.402894 0.549303 -9.303072
v 20.414239 0.285783 -10.984854
v 19.282514 0.073006 -11.995406
v 17.199480 0.029541 -11.630112
v 15.072910 0.113317 -10.831597
v 13.566934 0.177480 -10.679272
v 12.909243 0.214530 -11.374714
v 12.611624 0.245161 -12.528282
v 13.504456 -0.508884 -2.889723
v 12.880551 -0.348994 -3.553636
v 11.327343 -0.119143 -3.242925
v 10.462905 -0.122983 -1.500598
v 9.397638 -0.213837 -0.291673
v 13.914665 -0.523552 -1.970478
v 12.453711 -0.266066 -2.899176
v 11.436938 -0.057977 -2.692301
v 10.760673 -0.063652 -1.339404
v 9.483172 -0.198797 -0.204890
v 14.331861 0.235332 -1.457130
v 12.223007 0.396520 -2.545438
v 11.492955 0.419090 -2.395302
v 10.888981 0.235746 -1.229548
v 9.514360 -0.096191 -0.145125
v 14.441918 1.196310 -1.736238
v 12.362156 1.139824 -2.758784
v 11.453232 0.952815 -2.575574
v 10.751219 0.549759 -1.253766
v 9.467739 0.016719 -0.157393
v 14.161933 1.635748 -2.597630
v 12.766373 1.404122 -3.378570
v 11.347659 1.141293 -3.097369
v 10.451115 0.641929 -1.393810
v 9.378401 0.054907 -0.232444
v 13.728684 1.214188 -3.410246
v 13.148192 0.986716 -3.945334
v 11.255751 0.842597 -3.567765
v 10.214658 0.442849 -1.544232
v 9.313624 -0.010382 -0.313774
v 13.430740 0.267740 -3.534664
v 13.222993 0.209804 -4.032917
v 11.246707 0.281650 -3.632542
v 10.219901 0.102431 -1.591756
v 9.322185 -0.129984 -0.340129
v 18.368441 1.759841 -3.188318
v 18.089377 0.532451 -2.359889
v 18.900277 0.524395 -3.867644
v 18.177609 1.657715 -2.807321
v 18.244033 0.173195 -2.557430
v 18.819125 0.167482 -3.626745
v 18.580641 1.653712 -3.556707
v 18.020031 0.964632 -2.339523
v 18.880960 0.956079 -3.940310
v 19.937839 -0.185530 -2.591155
v 20.153068 -0.251514 -1.862918
v 19.595073 -0.099644 -0.628876
v 20.018015 -0.182577 -2.894766
v 20.318164 -0.308442 -1.937453
v 19.645053 -0.132066 -0.601107
v 20.121897 -0.038136 -3.153533
v 20.500779 -0.281422 -1.981904
v 19.701768 -0.134234 -0.567960
v 20.225693 0.214702 -3.308178
v 20.659079 -0.176643 -1.986082
v 19.752231 -0.105651 -0.537030
v 20.305618 0.518017 -3.323274
v 20.756794 -0.018109 -1.949029
v 19.784877 -0.052863 -0.515398
v 20.343366 0.802321 -3.195360
v 20.771543 0.157860 -1.879235
v 19.792226 0.012034 -0.508022
v 20.330284 1.002486 -2.953743
v 20.699943 0.310956 -1.792695
v 19.772603 0.074174 -0.516598
v 20.269377 1.072654 -2.653772
v 20.558400 0.406103 -1.709223
v 19.730493 0.119323 -0.539151
v 20.174595 0.996752 -2.364169
v 20.379343 0.421504 -1.647948
v 19.675550 0.137135 -0.570517
v 20.067648 0.792167 -2.151276
v 20.203785 0.353632 -1.622906
v 19.620355 0.123532 -0.603515
v 19.973038 0.505768 -2.063866
v 20.071949 0.218036 -1.639836
v 19.577558 0.081629 -0.630582
v 19.912440 0.203165 -2.121963
v 20.014034 0.045779 -1.694857
v 19.556963 0.021026 -0.645520
v 19.899743 -0.046319 -2.312258
v 20.043309 -0.123680 -1.775363
v 19.563282 -0.044395 -0.644900
vt 0.817349 0.037726
vt 0.817167 0.036992
vt 0.817240 0.036222
vt 0.817056 0.035469
vt 0.818389 0.039721
vt 0.818114 0.039006
vt 0.817854 0.038285
vt 0.455204 0.124060
vt 0.391686 0.057054
vt 0.881004 0.042610
vt 0.855751 0.048172
vt 0.441990 0.073165
vt 0.438227 0.096970
vt 0.950791 0.223256
vt 0.955042 0.219597
vt 0.938926 0.227346
vt 0.941147 0.225189
vt 0.943619 0.223278
vt 0.946055 0.221391
vt 0.948986 0.220693
vt 0.964130 0.038182
vt 0.063725 0.069231
vt 0.783713 0.222817
vt 0.795841 0.219136
vt 0.808622 0.215142
vt 0.821565 0.209258
vt 0.801677 0.073761
vt 0.780983 0.096921
vt 0.700899 0.119406
vt 0.698875 0.120483
vt 0.696488 0.120983
vt 0.693871 0.120708
vt 0.691331 0.121351
vt 0.688814 0.122032
vt 0.686345 0.122631
vt 0.709463 0.109239
vt 0.708321 0.111265
vt 0.706986 0.113071
vt 0.705467 0.114678
vt 0.703771 0.116129
vt 0.702549 0.117914
vt 0.761991 0.236254
vt 0.203289 0.019257
vt 0.492569 0.166945
vt 0.495291 0.190304
vt 0.713338 0.282291
vt 0.726355 0.271539
vt 0.738826 0.259686
vt 0.750783 0.247537
vt 0.183738 0.874952
vt 0.183742 0.874952
vt 0.183741 0.874953
vt 0.183742 0.874952
vt 0.183742 0.874953
vt 0.183736 0.874955
vt 0.183737 0.874953
vt 0.494339 0.215178
vt 0.327933 0.402956
vt 0.259328 0.402802
vt 0.335361 0.511569
vt 0.246373 0.520091
vt 0.098341 0.968174
vt 0.098969 0.970478
vt 0.094606 0.967449
vt 0.096805 0.966268
vt 0.382742 0.414281
vt 0.461919 0.863045
vt 0.099904 0.972672
vt 0.094290 0.962105
vt 0.827560 0.057652
vt 0.029789 0.418035
vt 0.573539 0.854883
vt 0.443356 0.868733
vt 0.401939 0.868285
vt 0.288357 0.757179
vt 0.263495 0.779585
vt 0.335733 0.770203
vt 0.096140 0.398510
vt 0.094890 0.500668
vt 0.134848 0.730907
vt 0.968549 0.915911
vt 0.833764 0.200471
vt 0.844039 0.188662
vt 0.699419 0.291185
vt 0.173976 0.398742
vt 0.174631 0.522439
vt 0.163796 0.729685
vt 0.982576 0.940011
vt 0.377861 0.831913
vt 0.980016 0.961622
vt 0.475370 0.841173
vt 0.493127 0.813059
vt 0.291509 0.555950
vt 0.222317 0.558552
vt 0.171941 0.556227
vt 0.121746 0.551140
vt 0.535153 0.810781
vt 0.554933 0.836503
vt 0.458239 0.374803
vt 0.455210 0.376709
vt 0.468633 0.375312
vt 0.466737 0.375651
vt 0.464823 0.375939
vt 0.462891 0.376175
vt 0.461006 0.376658
vt 0.459071 0.376529
vt 0.309288 0.624973
vt 0.255065 0.621223
vt 0.466466 0.254031
vt 0.620087 0.220490
vt 0.587909 0.217515
vt 0.347220 0.644849
vt 0.515211 0.796637
vt 0.557572 0.228445
vt 0.529942 0.244946
vt 0.336868 0.671479
vt 0.291850 0.658131
vt 0.246647 0.649092
vt 0.396135 0.845965
vt 0.498825 0.255653
vt 0.659831 0.744181
vt 0.662892 0.745132
vt 0.654391 0.746765
vt 0.656766 0.744583
vt 0.648566 0.749542
vt 0.651424 0.748001
vt 0.334501 0.790147
vt 0.197285 0.807211
vt 0.982183 0.838238
vt 0.605360 0.854375
vt 0.604907 0.856227
vt 0.606183 0.847264
vt 0.606116 0.849174
vt 0.606512 0.852836
vt 0.606652 0.850959
vt 0.954646 0.883838
vt 0.240888 0.814093
vt 0.219640 0.805785
vt 0.750288 0.302771
vt 0.732649 0.306962
vt 0.680954 0.322169
vt 0.662884 0.321227
vt 0.459441 0.572746
vt 0.466240 0.575395
vt 0.435409 0.713976
vt 0.439039 0.688963
vt 0.505377 0.567195
vt 0.533700 0.707371
vt 0.527104 0.685789
vt 0.498747 0.570647
vt 0.519705 0.706226
vt 0.515955 0.691014
vt 0.493420 0.575390
vt 0.505593 0.707134
vt 0.504109 0.695028
vt 0.487153 0.578789
vt 0.490952 0.711291
vt 0.491617 0.697496
vt 0.479617 0.579936
vt 0.716129 0.314540
vt 0.698979 0.320605
vt 0.472356 0.578756
vt 0.800408 0.819955
vt 0.802185 0.820349
vt 0.797237 0.821328
vt 0.798623 0.820200
vt 0.803984 0.820122
vt 0.795486 0.821783
vt 0.768089 0.574069
vt 0.758287 0.575377
vt 0.748963 0.578384
vt 0.739801 0.581910
vt 0.777875 0.574400
vt 0.730203 0.584508
vt 0.625349 0.355514
vt 0.600807 0.356100
vt 0.594673 0.427575
vt 0.618342 0.423404
vt 0.660212 0.647990
vt 0.648097 0.651961
vt 0.928908 0.698298
vt 0.954411 0.707377
vt 0.877088 0.697939
vt 0.902816 0.692599
vt 0.635843 0.656060
vt 0.623169 0.659088
vt 0.649416 0.359418
vt 0.636675 0.411622
vt 0.597822 0.664008
vt 0.981356 0.709237
vt 0.853264 0.709514
vt 0.610407 0.660930
vt 0.309630 0.879017
vt 0.305987 0.862034
vt 0.205455 0.921907
vt 0.207896 0.913813
vt 0.301747 0.845622
vt 0.292561 0.831250
vt 0.205403 0.905114
vt 0.199327 0.898205
vt 0.316466 0.894811
vt 0.207275 0.931098
vt 0.280286 0.819930
vt 0.191218 0.895961
vt 0.879495 0.267664
vt 0.882788 0.270890
vt 0.871814 0.271999
vt 0.867729 0.271738
vt 0.879449 0.273008
vt 0.875550 0.273687
vt 0.959920 0.857664
vt 0.943692 0.570404
vt 0.819693 0.574461
vt 0.918471 0.423900
vt 0.836595 0.428150
vt 0.850488 0.572045
vt 0.873132 0.571560
vt 0.852950 0.429243
vt 0.869196 0.428046
vt 0.919880 0.572814
vt 0.901994 0.425041
vt 0.896411 0.572356
vt 0.885461 0.426306
vt 0.819797 0.912053
vt 0.826833 0.900734
vt 0.712143 0.885472
vt 0.714597 0.878391
vt 0.829987 0.855251
vt 0.717470 0.848372
vt 0.835682 0.866231
vt 0.717792 0.855904
vt 0.834989 0.891144
vt 0.716669 0.871173
vt 0.837714 0.878710
vt 0.717690 0.863523
vt 0.501385 0.123162
vt 0.507642 0.140559
vt 0.546572 0.113147
vt 0.546523 0.128531
vt 0.584013 0.103172
vt 0.583982 0.115930
vt 0.617628 0.095287
vt 0.615573 0.104978
vt 0.641632 0.087959
vt 0.640150 0.094068
vt 0.680243 0.075257
vt 0.681293 0.079809
vt 0.731837 0.061066
vt 0.732955 0.063788
vt 0.766622 0.051376
vt 0.767980 0.052912
vt 0.789426 0.044858
vt 0.790216 0.046168
vt 0.497982 0.105071
vt 0.545706 0.098038
vt 0.583221 0.090532
vt 0.617599 0.084066
vt 0.640793 0.080554
vt 0.679257 0.070696
vt 0.731017 0.058241
vt 0.765880 0.049308
vt 0.788925 0.043349
vt 0.498673 0.086654
vt 0.542753 0.083326
vt 0.579457 0.078265
vt 0.613243 0.073826
vt 0.637607 0.073884
vt 0.678022 0.066183
vt 0.730540 0.055337
vt 0.765800 0.047185
vt 0.788776 0.041799
vt 0.529795 0.188608
vt 0.562861 0.168125
vt 0.598038 0.151732
vt 0.627937 0.131616
vt 0.648631 0.111532
vt 0.686603 0.093125
vt 0.736107 0.072011
vt 0.770430 0.058674
vt 0.791885 0.050460
vt 0.521179 0.173466
vt 0.554207 0.156125
vt 0.590884 0.140824
vt 0.621223 0.124677
vt 0.644182 0.106977
vt 0.684542 0.088826
vt 0.735240 0.069202
vt 0.770282 0.056502
vt 0.791642 0.048920
vt 0.513476 0.157411
vt 0.548349 0.143010
vt 0.586106 0.128627
vt 0.616856 0.114992
vt 0.640996 0.100462
vt 0.682719 0.084340
vt 0.734167 0.066465
vt 0.769422 0.054421
vt 0.791055 0.047451
vt 0.959757 0.072123
vt 0.936465 0.081006
vt 0.941232 0.109680
vt 0.925094 0.097760
vt 0.942174 0.139470
vt 0.931118 0.134745
vt 0.953393 0.176286
vt 0.945250 0.179305
vt 0.816219 0.135086
vt 0.870536 0.155201
vt 0.886485 0.167903
vt 0.905193 0.197132
vt 0.826759 0.111807
vt 0.876965 0.135882
vt 0.894590 0.156556
vt 0.912031 0.191903
vt 0.847894 0.096934
vt 0.881254 0.115448
vt 0.899163 0.145695
vt 0.919921 0.188424
vt 0.875243 0.089838
vt 0.891280 0.100283
vt 0.907717 0.138099
vt 0.928502 0.186033
vt 0.906260 0.083631
vt 0.907546 0.095237
vt 0.919510 0.134149
vt 0.937044 0.182936
vt 0.731819 0.197829
vt 0.735804 0.186617
vt 0.720345 0.165125
vt 0.723829 0.159895
vt 0.726282 0.206959
vt 0.715518 0.169225
vt 0.718668 0.214232
vt 0.709456 0.172066
vt 0.709415 0.219368
vt 0.702727 0.173950
vt 0.699247 0.222138
vt 0.695893 0.174971
vt 0.688875 0.222177
vt 0.689408 0.174798
vt 0.788882 0.140287
vt 0.754435 0.132005
vt 0.778856 0.145587
vt 0.748922 0.134895
vt 0.767982 0.149676
vt 0.743024 0.138339
vt 0.757165 0.155372
vt 0.737052 0.142861
vt 0.747683 0.163887
vt 0.731601 0.148311
vt 0.740529 0.174763
vt 0.727180 0.154142
vt 0.328073 0.048756
vt 0.306343 0.063587
vt 0.227210 0.032029
vt 0.244307 0.056491
vt 0.275541 0.065766
vt 0.335859 0.049761
vt 0.492298 0.140283
vt 0.818494 0.037800
vt 0.816891 0.034717
vt 0.818583 0.036937
vt 0.818034 0.036269
vt 0.788905 0.040299
vt 0.766439 0.045262
vt 0.730273 0.052414
vt 0.676789 0.061654
vt 0.633095 0.069605
vt 0.607812 0.064796
vt 0.574974 0.065946
vt 0.539009 0.068946
vt 0.499528 0.068473
vt 0.457076 0.054302
vt 0.008886 0.116741
vt 0.445268 0.145121
vt 0.387700 0.083708
vt 0.386816 0.109631
vt 0.417585 0.134740
vt 0.008182 0.089716
vt 0.910770 0.058019
vt 0.951977 0.219932
vt 0.944193 0.226298
vt 0.958138 0.219673
vt 0.947079 0.227760
vt 0.949967 0.226365
vt 0.961913 0.174658
vt 0.956095 0.141542
vt 0.958141 0.121922
vt 0.983801 0.066579
vt 0.985872 0.012711
vt 0.142586 0.052850
vt 0.137356 0.062780
vt 0.084898 0.068433
vt 0.094068 0.073910
vt 0.126441 0.070197
vt 0.147061 0.042228
vt 0.146225 0.045870
vt 0.068029 0.067234
vt 0.075016 0.066166
vt 0.101802 0.076257
vt 0.113694 0.075603
vt 0.148488 0.040037
vt 0.772492 0.228042
vt 0.702649 0.113883
vt 0.700588 0.112306
vt 0.698006 0.111756
vt 0.683948 0.123058
vt 0.695441 0.112358
vt 0.693426 0.113973
vt 0.683930 0.172927
vt 0.678677 0.219252
vt 0.684622 0.297494
vt 0.692369 0.116228
vt 0.692519 0.118698
vt 0.200775 0.619432
vt 0.164191 0.608020
vt 0.195631 0.640804
vt 0.122931 0.616257
vt 0.126296 0.637815
vt 0.162664 0.653589
vt 0.571621 0.380752
vt 0.550854 0.373795
vt 0.578161 0.402673
vt 0.536032 0.388106
vt 0.541492 0.406761
vt 0.559840 0.414790
vt 0.382590 0.574499
vt 0.384188 0.549570
vt 0.410408 0.491603
vt 0.398583 0.503373
vt 0.045176 0.505953
vt 0.382779 0.584089
vt 0.392085 0.520798
vt 0.041070 0.486366
vt 0.450490 0.709494
vt 0.461220 0.720814
vt 0.454432 0.692808
vt 0.475365 0.717355
vt 0.475823 0.704350
vt 0.469290 0.692315
vt 0.219350 0.766691
vt 0.185484 0.771418
vt 0.353314 0.797647
vt 0.224402 0.728343
vt 0.239341 0.749558
vt 0.198412 0.734197
vt 0.170441 0.782062
vt 0.161746 0.789548
vt 0.149041 0.782362
vt 0.174163 0.758268
vt 0.144978 0.765621
vt 0.164532 0.773375
vt 0.191870 0.758120
vt 0.547609 0.708337
vt 0.539253 0.680989
vt 0.457137 0.376647
vt 0.463472 0.374311
vt 0.462531 0.372616
vt 0.453283 0.376735
vt 0.460641 0.372049
vt 0.458875 0.372951
vt 0.451759 0.572191
vt 0.425267 0.861578
vt 0.805785 0.819958
vt 0.798927 0.822596
vt 0.801166 0.822141
vt 0.787688 0.574836
vt 0.768369 0.304164
vt 0.100790 0.974883
vt 0.094591 0.969992
vt 0.095583 0.964138
vt 0.096719 0.971437
vt 0.212663 0.938765
vt 0.325490 0.908731
vt 0.394159 0.890216
vt 0.604360 0.858050
vt 0.604284 0.850340
vt 0.603934 0.852701
vt 0.710116 0.892811
vt 0.817372 0.924956
vt 0.958430 0.980693
vt 0.886729 0.269785
vt 0.863674 0.271162
vt 0.874477 0.268155
vt 0.934636 0.421151
vt 0.964707 0.566095
vt 0.827544 0.716829
vt 0.496963 0.379668
vt 0.534736 0.431326
vt 0.657258 0.749077
vt 0.666129 0.745200
vt 0.661149 0.748316
vt 0.672872 0.646099
vt 0.649981 0.232766
vt 0.136164 0.804555
vt 0.183737 0.874959
vt 0.117288 0.765313
vt 0.061295 0.612399
vt 0.068140 0.642810
vt 0.097621 0.737612
vt 0.048941 0.528750
vt 0.427830 0.416675
vt 0.419819 0.482031
vt 0.014334 0.145685
vn -0.231595 0.001844 -0.972810
vn -0.231595 0.001844 -0.972810
vn -0.231595 0.001844 -0.972810
vn -0.231595 0.001844 -0.972810
vn -0.231595 0.001844 -0.972810
vn -0.231595 0.001844 -0.972810
vn -0.231595 0.001844 -0.972811
vn -0.715893 0.361520 -0.597328
vn -0.752559 0.099748 -0.650927
vn -0.786840 0.356056 -0.504091
vn -0.843671 0.057614 -0.533760
vn -0.837051 0.099428 -0.538015
vn -0.765013 0.358365 -0.535098
vn -0.679370 -0.203982 0.704874
vn -0.679370 -0.203982 0.704874
vn -0.679370 -0.203982 0.704874
vn -0.679370 -0.203982 0.704874
vn -0.679370 -0.203982 0.704874
vn -0.679370 -0.203982 0.704874
vn -0.679370 -0.203982 0.704874
vn 0.229682 -0.318440 0.919697
vn 0.175215 -0.134339 0.975322
vn 0.175215 -0.134339 0.975322
vn 0.120005 -0.157370 0.980221
vn 0.130689 -0.079813 0.988206
vn 0.105325 0.017948 0.994276
vn 0.100826 0.056268 0.993312
vn 0.204329 -0.070363 0.976370
vn -0.505311 -0.040701 0.861977
vn -0.505311 -0.040701 0.861977
vn -0.505311 -0.040701 0.861977
vn -0.505311 -0.040701 0.861977
vn -0.505311 -0.040701 0.861977
vn -0.505312 -0.040701 0.861977
vn -0.505312 -0.040701 0.861977
vn -0.505311 -0.040701 0.861977
vn -0.505311 -0.040701 0.861977
vn -0.505311 -0.040701 0.861977
vn -0.505311 -0.040701 0.861977
vn -0.505312 -0.040701 0.861977
vn -0.505311 -0.040701 0.861977
vn 0.897128 -0.101965 -0.429842
vn 0.897128 -0.101965 -0.429842
vn 0.897128 -0.101965 -0.429842
vn 0.870723 0.062292 -0.487812
vn 0.875249 0.043003 -0.481758
vn 0.897128 -0.101965 -0.429842
vn 0.897128 -0.101965 -0.429842
vn 0.897128 -0.101965 -0.429842
vn -0.000000 0.000000 -0.000000
vn -0.000000 0.000000 -0.000000
vn -0.000000 0.000000 -0.000000
vn -0.000000 0.000000 -0.000000
vn -0.000000 0.000000 -0.000000
vn -0.000000 0.000000 0.000000
vn -0.000000 0.000000 0.000000
vn -0.002440 0.013009 -0.999912
vn -0.002440 0.013009 -0.999912
vn -0.002440 0.013009 -0.999912
vn -0.004483 0.020809 -0.999773
vn -0.005229 0.023655 -0.999707
vn -0.014749 0.058719 -0.998166
vn -0.014608 0.054013 -0.998433
vn -0.930379 -0.101438 -0.352286
vn -0.930394 -0.101490 -0.352232
vn -0.930393 -0.101489 -0.352233
vn -0.930379 -0.101438 -0.352286
vn -0.849976 0.029878 -0.525974
vn -0.851091 0.038103 -0.523633
vn -0.928198 0.109878 -0.355492
vn -0.832858 0.202635 -0.515059
vn -0.930408 -0.101540 -0.352180
vn -0.930408 -0.101540 -0.352180
vn -0.889061 -0.013750 0.457582
vn -0.889061 -0.013750 0.457582
vn -0.889061 -0.013750 0.457582
vn -0.885816 0.017073 0.463721
vn -0.886254 0.013364 0.463007
vn -0.848355 0.199211 0.490519
vn -0.848355 0.199212 0.490519
vn -0.848355 0.199211 0.490519
vn -0.849095 0.131104 0.511712
vn -0.827556 0.116857 0.549085
vn -0.710298 0.070517 0.700360
vn -0.904095 0.162431 0.395257
vn 0.062251 0.070729 0.995551
vn 0.066918 0.070645 0.995254
vn -0.003958 0.063303 0.997987
vn -0.018009 0.061021 0.997974
vn -0.015157 0.030089 0.999432
vn 0.004017 0.018743 0.999816
vn -0.389682 0.083816 0.917127
vn -0.319778 0.095265 0.942691
vn 0.867049 0.118100 0.484023
vn 0.867049 0.118100 0.484023
vn 0.867049 0.118100 0.484023
vn 0.867049 0.118100 0.484023
vn 0.867049 0.118100 0.484023
vn 0.866095 0.068502 0.495163
vn 0.866418 0.077029 0.493342
vn 0.842541 -0.123868 0.524197
vn 0.844677 -0.109493 0.523958
vn 0.947699 -0.030793 0.317677
vn 0.996902 -0.061083 -0.049546
vn 0.816856 0.247055 0.521258
vn 0.816856 0.247055 0.521258
vn 0.866853 0.048301 -0.496219
vn 0.867037 0.043717 -0.496322
vn 0.861274 -0.122040 -0.493268
vn 0.861237 -0.122228 -0.493286
vn 0.972725 0.002247 -0.231952
vn 0.988358 0.017408 -0.151148
vn 0.944498 0.262155 -0.197987
vn -0.876820 0.042675 -0.478921
vn -0.815098 0.196048 -0.545142
vn -0.830886 0.218950 -0.511556
vn 0.010122 0.053347 -0.998525
vn 0.021022 0.056073 -0.998205
vn 0.907738 -0.126456 -0.400025
vn 0.910360 -0.126311 -0.394068
vn 0.903535 -0.133909 0.407055
vn 0.884864 -0.136991 0.445252
vn -0.004365 0.048245 0.998826
vn 0.003091 0.052632 0.998609
vn -0.029236 -0.003804 0.999565
vn -0.585964 0.071294 0.807194
vn -0.585964 0.071294 0.807194
vn -0.585964 0.071294 0.807194
vn -0.585964 0.071294 0.807194
vn -0.585964 0.071294 0.807194
vn -0.585964 0.071294 0.807194
vn -0.585964 0.071294 0.807194
vn -0.585964 0.071294 0.807194
vn -0.837489 0.223988 -0.498438
vn -0.837589 0.223906 -0.498308
vn 0.040690 0.051009 -0.997869
vn -0.090992 0.062431 -0.993893
vn 0.939346 -0.124097 -0.319731
vn 0.939347 -0.124097 -0.319731
vn 0.933685 -0.127580 0.334598
vn 0.933685 -0.127580 0.334598
vn 0.150074 0.026403 0.988322
vn 0.006029 0.042143 0.999093
vn -0.841443 0.218865 0.494036
vn -0.841443 0.218865 0.494036
vn -0.841443 0.218865 0.494036
vn -0.841762 0.218643 0.493591
vn -0.841750 0.218651 0.493608
vn 0.962998 -0.123151 0.239727
vn 0.992047 -0.112639 -0.056169
vn 0.031135 0.009853 0.999467
vn 0.202386 0.008390 0.979270
vn -0.836533 0.140438 0.529613
vn -0.836673 0.141627 0.529074
vn -0.776794 0.155719 -0.610198
vn -0.775348 0.154494 -0.612345
vn -0.744464 0.129225 -0.655038
vn -0.744464 0.129225 -0.655038
vn -0.189961 0.068137 -0.979424
vn -0.114050 0.057495 -0.991810
vn -0.158302 0.066817 -0.985127
vn -0.158302 0.066817 -0.985127
vn 0.948783 -0.096124 -0.300950
vn 0.899939 -0.132319 0.415453
vn 0.900038 -0.132361 0.415224
vn 0.900023 -0.132354 0.415259
vn 0.899939 -0.132319 0.415453
vn 0.900122 -0.132397 0.415031
vn 0.900122 -0.132397 0.415031
vn 0.487476 0.028073 -0.872685
vn -0.184202 0.035836 -0.982235
vn 0.084901 0.050294 -0.995119
vn 0.497619 0.031195 -0.866835
vn 0.866155 0.376061 0.329171
vn 0.866179 0.376118 0.329044
vn 0.866179 0.376118 0.329044
vn 0.866156 0.376064 0.329165
vn 0.866132 0.376008 0.329292
vn 0.866132 0.376008 0.329292
vn -0.672991 0.028930 0.739085
vn -0.698544 0.043780 0.714227
vn -0.681094 0.046342 0.730728
vn -0.681090 0.046342 0.730731
vn -0.491908 0.033642 -0.869997
vn -0.472074 0.027284 -0.881137
vn -0.972851 -0.216649 0.081386
vn -0.972851 -0.216649 0.081386
vn -0.977268 -0.180614 -0.111024
vn -0.876555 -0.365904 -0.312676
vn -0.877379 -0.422297 -0.227752
vn -0.877379 -0.422297 -0.227752
vn -0.877323 -0.269077 -0.397369
vn -0.475171 -0.847888 -0.235157
vn -0.475171 -0.847888 -0.235157
vn -0.475171 -0.847888 -0.235157
vn -0.475171 -0.847888 -0.235157
vn -0.645900 -0.220159 0.730988
vn -0.645900 -0.220159 0.730988
vn -0.643349 -0.215716 0.734553
vn -0.584953 -0.114976 0.802876
vn -0.422226 -0.615008 0.665951
vn -0.422226 -0.615008 0.665951
vn -0.422226 -0.615008 0.665951
vn -0.422226 -0.615008 0.665951
vn 0.062557 -0.985355 0.158625
vn 0.062557 -0.985355 0.158625
vn 0.062557 -0.985355 0.158625
vn 0.062557 -0.985355 0.158625
vn -0.040231 -0.064900 0.997081
vn -0.064803 -0.070927 0.995374
vn 0.167692 -0.253502 0.952689
vn 0.182346 -0.281727 0.942008
vn 0.202814 -0.321285 0.925009
vn 0.202814 -0.321285 0.925009
vn 0.527812 -0.703274 0.476256
vn 0.527812 -0.703274 0.476256
vn 0.527812 -0.703274 0.476256
vn 0.527812 -0.703274 0.476256
vn 0.674266 0.148794 0.723343
vn 0.674266 0.148794 0.723343
vn 0.688864 0.153289 0.708498
vn 0.677537 0.149799 0.720072
vn 0.722343 0.195938 0.663195
vn 0.721901 0.197968 0.663075
vn 0.745781 0.169584 0.644246
vn 0.750094 0.163490 0.640804
vn 0.789242 0.103897 0.605229
vn 0.789243 0.103897 0.605228
vn 0.961814 0.273401 -0.012901
vn 0.961814 0.273401 -0.012901
vn 0.961561 0.273787 -0.020986
vn 0.961698 0.273592 -0.016862
vn 0.813233 0.581804 -0.012467
vn 0.817234 0.576148 -0.013468
vn 0.676053 0.731123 0.091715
vn 0.643327 0.756445 0.117985
vn 0.423479 0.866550 0.264113
vn 0.423479 0.866550 0.264113
vn 0.580378 0.220574 -0.783906
vn 0.580378 0.220574 -0.783906
vn 0.582783 0.221001 -0.781999
vn 0.586537 0.221665 -0.778999
vn 0.405968 0.644806 -0.647623
vn 0.426957 0.615924 -0.662077
vn 0.372949 0.686827 -0.623840
vn 0.372949 0.686827 -0.623840
vn -0.088836 0.987896 -0.127159
vn -0.088836 0.987896 -0.127159
vn -0.088836 0.987896 -0.127159
vn -0.088836 0.987896 -0.127159
vn -0.053992 0.110145 -0.992448
vn -0.053992 0.110145 -0.992448
vn 0.200161 0.072121 -0.977105
vn -0.029846 0.088847 -0.995598
vn -0.234892 0.385023 -0.892515
vn 0.277467 0.129968 -0.951904
vn -0.247727 0.401303 -0.881809
vn -0.247727 0.401303 -0.881809
vn -0.545229 0.719541 -0.430099
vn -0.545229 0.719541 -0.430099
vn -0.545229 0.719541 -0.430099
vn -0.545229 0.719541 -0.430099
vn -0.926311 -0.123023 -0.356108
vn -0.866157 -0.303740 -0.396881
vn -0.859196 -0.191203 -0.474578
vn -0.829265 -0.050430 -0.556576
vn -0.829265 -0.050430 -0.556576
vn -0.925304 0.203602 -0.319936
vn -0.925317 0.203590 -0.319907
vn -0.925316 0.203591 -0.319908
vn -0.925304 0.203602 -0.319936
vn -0.599317 -0.143773 0.787495
vn -0.538317 -0.044127 0.841587
vn -0.925329 0.203579 -0.319878
vn -0.925329 0.203579 -0.319878
vn 0.275999 -0.861948 -0.425289
vn 0.275999 -0.861948 -0.425289
vn 0.198433 -0.860473 -0.469265
vn 0.193131 -0.860127 -0.472105
vn -0.013275 -0.823613 -0.566997
vn -0.013275 -0.823613 -0.566997
vn 0.191164 0.866592 -0.460949
vn 0.191164 0.866592 -0.460949
vn 0.215519 0.869136 -0.445145
vn 0.224188 0.869866 -0.439399
vn 0.296298 0.872262 -0.389059
vn 0.296298 0.872262 -0.389059
vn 0.445899 0.020011 -0.894860
vn 0.431933 0.018802 -0.901710
vn 0.301916 0.007749 -0.953303
vn 0.301916 0.007749 -0.953303
vn -0.234640 -0.867340 0.438937
vn -0.234640 -0.867340 0.438937
vn -0.269465 -0.869111 0.414770
vn -0.259233 -0.868751 0.421983
vn -0.344750 -0.867467 0.358675
vn -0.344750 -0.867467 0.358675
vn -0.478914 -0.024690 0.877514
vn -0.491860 -0.026410 0.870274
vn -0.354894 -0.008623 0.934867
vn -0.354894 -0.008623 0.934867
vn -0.325160 0.854118 0.405899
vn -0.325160 0.854117 0.405899
vn -0.245354 0.857971 0.451316
vn -0.247095 0.857965 0.450378
vn -0.034652 0.835206 0.548845
vn -0.034652 0.835206 0.548845
vn 0.347330 -0.821567 0.452094
vn 0.347330 -0.821567 0.452094
vn 0.350161 -0.822832 0.447588
vn 0.350858 -0.823140 0.446474
vn -0.329567 -0.778680 0.533894
vn -0.329567 -0.778680 0.533894
vn -0.321408 -0.781875 0.534198
vn -0.320297 -0.782305 0.534236
vn -0.269077 -0.800744 0.535170
vn -0.269077 -0.800744 0.535170
vn -0.034677 0.926713 0.374166
vn -0.034677 0.926713 0.374165
vn -0.034677 0.926713 0.374166
vn -0.034677 0.926713 0.374166
vn 0.327931 0.918586 0.220591
vn 0.327931 0.918586 0.220591
vn 0.279238 0.924947 0.257874
vn 0.294387 0.923358 0.246466
vn 0.028968 0.905286 0.423814
vn 0.028968 0.905286 0.423814
vn 0.349223 0.012613 0.936955
vn 0.273257 -0.072108 0.959235
vn 0.155744 -0.130706 0.979112
vn -0.045729 -0.157336 0.986486
vn -0.155321 -0.119476 0.980613
vn -0.145457 -0.135157 0.980089
vn -0.316370 0.156728 0.935600
vn -0.316370 0.156728 0.935600
vn 0.033873 -0.864360 -0.501732
vn 0.033873 -0.864360 -0.501731
vn 0.080818 -0.852958 -0.515684
vn 0.062301 -0.857719 -0.510329
vn -0.186436 -0.870808 -0.454901
vn -0.104483 -0.870931 -0.480169
vn -0.229014 -0.879481 -0.417211
vn -0.207002 -0.885402 -0.416189
vn 0.122843 -0.918155 -0.376697
vn 0.122843 -0.918155 -0.376697
vn -0.263343 0.086231 -0.960841
vn -0.285020 0.085212 -0.954726
vn 0.111453 0.215096 -0.970212
vn -0.061426 0.145087 -0.987510
vn 0.223665 0.159730 -0.961489
vn 0.235176 0.143720 -0.961268
vn 0.454871 -0.206038 -0.866395
vn 0.454871 -0.206038 -0.866395
vn -0.281738 0.893444 -0.349829
vn -0.281738 0.893444 -0.349829
vn -0.281738 0.893444 -0.349829
vn -0.281738 0.893444 -0.349829
vn 0.333371 0.864095 -0.377100
vn 0.333371 0.864095 -0.377100
vn 0.351861 0.846446 -0.399653
vn 0.350850 0.847447 -0.398419
vn 0.439274 0.741747 -0.506803
vn 0.439274 0.741747 -0.506803
vn 0.066263 -0.648323 -0.758476
vn 0.066263 -0.648323 -0.758476
vn 0.124715 -0.744483 -0.655890
vn 0.119126 -0.735839 -0.666595
vn 0.194825 -0.834107 -0.516051
vn 0.186943 -0.828833 -0.527341
vn 0.221238 -0.850641 -0.476931
vn 0.221238 -0.850641 -0.476931
vn 0.259860 0.785530 0.561619
vn 0.259860 0.785530 0.561619
vn 0.528208 0.799099 0.287118
vn 0.562135 0.790909 0.241802
vn 0.669978 0.739064 0.070103
vn 0.669978 0.739064 0.070103
vn 0.122899 0.781361 -0.611859
vn 0.122899 0.781361 -0.611859
vn 0.122899 0.781361 -0.611859
vn 0.122899 0.781361 -0.611859
vn 0.968392 -0.050339 -0.244301
vn 0.964118 -0.052256 -0.260279
vn 0.899894 -0.072252 -0.430082
vn 0.899894 -0.072252 -0.430082
vn 0.303226 0.208236 -0.929888
vn 0.303226 0.208236 -0.929888
vn 0.303226 0.208236 -0.929888
vn 0.303226 0.208236 -0.929888
vn -0.759248 -0.464002 -0.456337
vn -0.759249 -0.464002 -0.456337
vn -0.743398 -0.597999 -0.299594
vn -0.751259 -0.561914 -0.346213
vn -0.699079 -0.701340 -0.139324
vn -0.699079 -0.701340 -0.139324
vn -0.160969 -0.794727 0.585234
vn -0.160969 -0.794727 0.585234
vn -0.160969 -0.794726 0.585234
vn -0.160969 -0.794727 0.585234
vn -0.947068 0.168742 0.273109
vn -0.950633 0.174153 0.256843
vn -0.925452 0.141542 0.351432
vn -0.925452 0.141542 0.351432
vn -0.354360 -0.192750 0.915028
vn -0.354360 -0.192750 0.915028
vn -0.354360 -0.192750 0.915028
vn -0.354360 -0.192750 0.915028
vn -0.136914 0.726658 0.673218
vn -0.136914 0.726658 0.673218
vn -0.171464 0.820031 0.546031
vn -0.172662 0.823089 0.541029
vn -0.203915 0.875229 0.438627
vn -0.222675 0.879327 0.420950
vn -0.284425 0.888688 0.359634
vn -0.284425 0.888688 0.359634
vn 0.725422 0.598716 0.339561
vn 0.725427 0.598709 0.339563
vn 0.725429 0.598706 0.339565
vn 0.725422 0.598716 0.339561
vn 0.358722 -0.826532 0.433777
vn 0.358723 -0.826532 0.433777
vn 0.725434 0.598699 0.339567
vn 0.725434 0.598699 0.339567
vn 0.747024 0.139049 0.650092
vn 0.867335 0.139229 0.477855
vn 0.879149 0.138840 0.455873
vn 0.747024 0.139049 0.650092
vn -0.699713 0.044473 0.713039
vn -0.699713 0.044473 0.713039
vn -0.681099 0.046342 0.730723
vn -0.681099 0.046342 0.730723
vn -0.423795 0.012084 -0.905677
vn 0.190021 0.052722 -0.980363
vn 0.620715 0.070673 -0.780845
vn 0.948035 0.133454 0.288824
vn 0.948035 0.133454 0.288824
vn -0.873080 0.441242 -0.207456
vn -0.873080 0.441242 -0.207456
vn -0.813174 0.560027 -0.158485
vn -0.789716 0.596919 -0.141551
vn -0.631923 0.768683 -0.098994
vn -0.636000 0.765542 -0.097209
vn -0.533315 0.834403 -0.139095
vn -0.533315 0.834403 -0.139095
vn 0.758545 -0.151351 -0.633800
vn 0.758545 -0.151351 -0.633800
vn 0.697361 -0.264930 -0.665959
vn 0.721037 -0.224175 -0.655631
vn 0.646984 -0.310041 -0.696625
vn 0.646560 -0.322391 -0.691393
vn 0.647555 -0.267797 -0.713413
vn 0.647555 -0.267797 -0.713413
vn -0.134942 0.328184 -0.934926
vn -0.134942 0.328184 -0.934926
vn -0.104762 0.355915 -0.928628
vn -0.112686 0.348710 -0.930432
vn -0.023198 0.439079 -0.898149
vn -0.045269 0.415608 -0.908416
vn 0.058066 0.520936 -0.851618
vn 0.058066 0.520936 -0.851618
vn -0.709911 0.160835 0.685681
vn -0.709911 0.160835 0.685681
vn -0.657323 0.238235 0.714962
vn -0.624697 0.281107 0.728513
vn -0.557614 0.360859 0.747561
vn -0.557470 0.361528 0.747345
vn -0.556895 0.364186 0.746482
vn -0.556895 0.364186 0.746483
vn 0.138081 -0.308115 0.941275
vn 0.134988 -0.309245 0.941353
vn 0.101046 -0.346266 0.932679
vn 0.084052 -0.369362 0.925477
vn 0.032296 -0.437135 0.898816
vn 0.032296 -0.437135 0.898816
vn 0.853014 -0.446190 0.270707
vn 0.853014 -0.446190 0.270707
vn 0.794611 -0.563562 0.225811
vn 0.806943 -0.541987 0.234719
vn 0.697998 -0.693459 0.178643
vn 0.695559 -0.695969 0.178399
vn 0.634290 -0.753750 0.171863
vn 0.634290 -0.753750 0.171863
vn 0.954722 -0.281976 0.094847
vn 0.954722 -0.281976 0.094847
vn 0.954722 -0.281976 0.094847
vn 0.954722 -0.281976 0.094847
vn 0.618721 -0.670292 -0.409747
vn 0.618721 -0.670292 -0.409747
vn 0.582941 -0.706790 -0.400784
vn 0.598165 -0.691688 -0.404681
vn 0.526076 -0.758177 -0.385243
vn 0.526076 -0.758177 -0.385243
vn 0.934583 0.248615 -0.254450
vn 0.934583 0.248615 -0.254450
vn 0.934583 0.248615 -0.254450
vn 0.934583 0.248615 -0.254450
vn 0.560941 0.073780 -0.824561
vn 0.560941 0.073780 -0.824561
vn 0.491513 0.071291 -0.867948
vn 0.518095 0.072286 -0.852263
vn 0.372356 0.066258 -0.925722
vn 0.372356 0.066258 -0.925722
vn 0.522189 0.748355 -0.409003
vn 0.522189 0.748355 -0.409003
vn 0.413997 0.799689 -0.434861
vn 0.296423 0.839912 -0.454622
vn -0.052953 0.868597 -0.492681
vn -0.051070 0.869379 -0.491500
vn -0.113582 0.840791 -0.529310
vn -0.113582 0.840792 -0.529310
vn -0.070277 -0.798822 0.597449
vn -0.070277 -0.798822 0.597449
vn -0.024469 -0.814502 0.579645
vn -0.047952 -0.806737 0.588962
vn 0.094628 -0.827042 0.554118
vn 0.099414 -0.825881 0.555011
vn 0.182325 -0.802361 0.568308
vn 0.182325 -0.802361 0.568308
vn -0.893584 0.433066 -0.118159
vn -0.893584 0.433066 -0.118159
vn -0.893584 0.433066 -0.118159
vn -0.893584 0.433066 -0.118159
vn -0.589791 0.676839 0.440495
vn -0.589791 0.676839 0.440495
vn -0.560723 0.702415 0.438411
vn -0.541908 0.718041 0.436753
vn -0.452231 0.783647 0.425894
vn -0.452230 0.783647 0.425894
vn -0.961281 -0.154885 0.227925
vn -0.961281 -0.154885 0.227925
vn -0.961281 -0.154885 0.227925
vn -0.961281 -0.154885 0.227925
vn -0.539303 -0.057743 0.840130
vn -0.539303 -0.057743 0.840130
vn -0.490014 -0.053058 0.870098
vn -0.455517 -0.049767 0.888835
vn -0.298967 -0.034718 0.953632
vn -0.298967 -0.034718 0.953632
vn 0.117422 -0.898467 -0.423047
vn 0.117422 -0.898467 -0.423047
vn 0.066049 -0.963786 -0.258367
vn 0.044456 -0.981029 -0.188695
vn -0.051599 -0.998654 0.005244
vn -0.038639 -0.999243 -0.004582
vn -0.119093 -0.990305 0.071505
vn -0.113876 -0.991460 0.063551
vn -0.148832 -0.975575 0.161566
vn -0.143810 -0.981265 0.128209
vn -0.017137 -0.930893 0.364889
vn -0.084489 -0.947444 0.308563
vn 0.077257 -0.906889 0.414226
vn 0.076300 -0.906085 0.416159
vn 0.057759 -0.912147 0.405772
vn 0.053821 -0.911923 0.406816
vn -0.088090 -0.907129 0.411531
vn -0.158125 -0.902973 0.399545
vn -0.433060 -0.867728 0.243942
vn -0.441398 -0.871809 0.212409
vn -0.470800 -0.878646 0.079548
vn -0.470800 -0.878646 0.079548
vn -0.627817 -0.125186 -0.768228
vn -0.627890 -0.123524 -0.768437
vn -0.620348 -0.599153 -0.506146
vn -0.617527 -0.599716 -0.508922
vn -0.815104 -0.540915 -0.207403
vn -0.816880 -0.540147 -0.202359
vn -0.868656 -0.495354 0.007873
vn -0.868656 -0.495354 0.007873
vn -0.619630 -0.276451 0.734597
vn -0.619630 -0.276451 0.734597
vn -0.619630 -0.276451 0.734597
vn -0.619630 -0.276451 0.734597
vn 0.191564 -0.158002 0.968679
vn 0.191564 -0.158002 0.968679
vn 0.232693 -0.202098 0.951320
vn 0.230505 -0.199748 0.952349
vn 0.207926 -0.248156 0.946142
vn 0.208900 -0.248177 0.945922
vn 0.059199 -0.242219 0.968414
vn 0.059199 -0.242219 0.968414
vn -0.708768 -0.175585 0.683241
vn -0.708768 -0.175585 0.683241
vn -0.708768 -0.175585 0.683241
vn -0.708768 -0.175585 0.683241
vn -0.958306 -0.198403 0.205636
vn -0.958306 -0.198403 0.205636
vn -0.958306 -0.198403 0.205636
vn -0.958306 -0.198403 0.205636
vn -0.719602 0.270909 -0.639360
vn -0.717128 0.270859 -0.642155
vn -0.685874 0.273333 -0.674438
vn -0.704931 0.274788 -0.653884
vn -0.872293 0.299700 -0.386373
vn -0.889768 0.306824 -0.337894
vn -0.933349 0.325913 -0.150468
vn -0.933349 0.325913 -0.150468
vn -0.685476 0.424488 0.591551
vn -0.685476 0.424488 0.591551
vn -0.685476 0.424488 0.591551
vn -0.685476 0.424488 0.591551
vn 0.139798 0.522526 0.841084
vn 0.139798 0.522526 0.841084
vn 0.182361 0.558514 0.809201
vn 0.185668 0.561239 0.806560
vn 0.178990 0.600301 0.779488
vn 0.184696 0.600293 0.778162
vn 0.068185 0.596451 0.799748
vn 0.068185 0.596451 0.799748
vn -0.608533 0.526890 0.593359
vn -0.608533 0.526890 0.593359
vn -0.711992 0.567821 0.413095
vn -0.698248 0.563217 0.441856
vn -0.794670 0.583154 0.168616
vn -0.794670 0.583154 0.168616
vn -0.301905 0.894198 -0.330550
vn -0.301905 0.894198 -0.330550
vn -0.255063 0.908086 -0.332148
vn -0.249071 0.909695 -0.332294
vn -0.200185 0.925207 -0.322363
vn -0.210659 0.924397 -0.317983
vn -0.261430 0.921421 -0.287469
vn -0.267702 0.921928 -0.279972
vn -0.290581 0.925674 -0.242261
vn -0.300815 0.930096 -0.210788
vn -0.248312 0.965428 -0.079315
vn -0.165402 0.986225 -0.001215
vn -0.045214 0.997259 0.058562
vn -0.041754 0.997553 0.056072
vn -0.003307 0.999510 0.031140
vn -0.004854 0.999485 0.031715
vn -0.002002 0.999794 0.020204
vn 0.006569 0.999703 0.023463
vn -0.020689 0.999772 -0.005211
vn -0.021989 0.999758 0.000249
vn -0.017155 0.999652 -0.020034
vn -0.017155 0.999652 -0.020034
vn 0.479591 0.872678 0.091789
vn 0.479591 0.872678 0.091789
vn 0.447616 0.873260 0.192504
vn 0.452570 0.873781 0.178009
vn 0.461845 0.858467 0.223011
vn 0.467627 0.857352 0.215111
vn 0.558237 0.829664 0.005497
vn 0.559282 0.828977 0.001136
vn 0.591709 0.787056 -0.174421
vn 0.591709 0.787056 -0.174421
vn 0.387115 0.588017 -0.710196
vn 0.387115 0.588017 -0.710196
vn 0.387115 0.588017 -0.710196
vn 0.387115 0.588017 -0.710196
vn -0.200003 0.532588 -0.822404
vn -0.200003 0.532588 -0.822404
vn -0.232967 0.583016 -0.778343
vn -0.233324 0.583554 -0.777833
vn -0.207163 0.643473 -0.736903
vn -0.213073 0.643430 -0.735254
vn -0.065330 0.637419 -0.767743
vn -0.065330 0.637419 -0.767743
vn 0.613992 0.532310 -0.582803
vn 0.613992 0.532310 -0.582803
vn 0.709461 0.572173 -0.411441
vn 0.693982 0.566544 -0.444317
vn 0.780565 0.589449 -0.208010
vn 0.780565 0.589449 -0.208010
vn 0.895099 0.137633 0.424094
vn 0.895099 0.137633 0.424094
vn 0.818876 0.148370 0.554462
vn 0.824710 0.147742 0.545918
vn 0.816125 0.148140 0.558565
vn 0.811403 0.148652 0.565268
vn 0.964104 0.113837 0.239884
vn 0.953469 0.118616 0.277176
vn 0.996827 0.079432 -0.005219
vn 0.996827 0.079432 -0.005219
vn 0.672555 -0.084435 -0.735215
vn 0.672555 -0.084435 -0.735215
vn 0.672555 -0.084435 -0.735215
vn 0.672555 -0.084435 -0.735215
vn -0.165734 -0.194210 -0.966858
vn -0.165734 -0.194210 -0.966858
vn -0.241994 -0.195195 -0.950441
vn -0.241594 -0.195193 -0.950543
vn -0.282068 -0.195798 -0.939202
vn -0.276363 -0.195858 -0.940884
vn -0.106702 -0.194581 -0.975066
vn -0.106702 -0.194581 -0.975066
vn 0.712534 -0.176123 -0.679173
vn 0.712534 -0.176123 -0.679173
vn 0.833420 -0.194442 -0.517304
vn 0.842125 -0.195632 -0.502547
vn 0.946165 -0.206638 -0.249145
vn 0.946165 -0.206638 -0.249145
vn 0.669395 -0.675835 0.308477
vn 0.669395 -0.675835 0.308477
vn 0.617444 -0.666757 0.417371
vn 0.605130 -0.663541 0.439922
vn 0.597402 -0.653616 0.464647
vn 0.588264 -0.652371 0.477868
vn 0.679441 -0.685562 0.261467
vn 0.669451 -0.679636 0.299885
vn 0.708286 -0.698146 0.104512
vn 0.708286 -0.698146 0.104512
vn 0.501325 -0.740577 -0.447459
vn 0.501325 -0.740577 -0.447459
vn 0.501325 -0.740577 -0.447459
vn 0.501325 -0.740577 -0.447459
vn -0.096134 -0.815450 -0.570789
vn -0.096134 -0.815450 -0.570789
vn -0.141659 -0.850421 -0.506673
vn -0.140020 -0.849258 -0.509074
vn -0.164912 -0.886034 -0.433298
vn -0.157499 -0.886410 -0.435284
vn -0.007282 -0.893919 -0.448169
vn 0.079006 -0.895009 -0.438996
vn 0.387799 -0.872349 -0.297688
vn 0.401855 -0.878197 -0.259391
vn 0.440988 -0.886814 -0.138172
vn 0.440988 -0.886814 -0.138172
vn 0.167932 -0.976979 -0.131573
vn 0.167932 -0.976979 -0.131573
vn 0.121450 -0.986271 -0.111892
vn 0.028519 -0.996991 -0.072075
vn -0.183428 -0.981095 0.061697
vn -0.201252 -0.978135 0.052443
vn 0.023917 -0.996696 0.077624
vn -0.074423 -0.994173 0.077985
vn 0.156936 -0.985113 0.070159
vn 0.156513 -0.985286 0.068668
vn 0.153595 -0.986405 0.058424
vn 0.153595 -0.986405 0.058424
vn 0.273138 -0.482395 0.832281
vn 0.273138 -0.482395 0.832281
vn -0.484897 -0.408193 0.773468
vn -0.484897 -0.408193 0.773468
vn -0.484897 -0.408193 0.773468
vn -0.484897 -0.408193 0.773468
vn 0.114550 -0.479293 0.870148
vn 0.114550 -0.479293 0.870148
vn 0.114550 -0.479293 0.870148
vn 0.114550 -0.479293 0.870148
vn 0.828279 -0.401446 0.390890
vn 0.828279 -0.401446 0.390889
vn 0.765110 -0.439317 0.470752
vn 0.747871 -0.447993 0.489890
vn 0.605522 -0.501108 0.618251
vn 0.605522 -0.501108 0.618251
vn 0.241460 0.211270 0.947133
vn 0.241460 0.211270 0.947133
vn -0.421992 0.308079 0.852649
vn -0.421992 0.308079 0.852649
vn -0.421992 0.308079 0.852649
vn -0.421992 0.308079 0.852649
vn 0.164460 0.278828 0.946154
vn 0.164460 0.278828 0.946154
vn 0.164460 0.278828 0.946154
vn 0.164460 0.278828 0.946154
vn 0.817099 0.291101 0.497604
vn 0.817099 0.291101 0.497605
vn 0.740612 0.299820 0.601333
vn 0.712302 0.301619 0.633760
vn 0.544054 0.301877 0.782864
vn 0.544054 0.301877 0.782864
vn -0.169818 0.846938 0.503843
vn -0.169818 0.846938 0.503843
vn -0.169818 0.846938 0.503843
vn -0.169818 0.846938 0.503843
vn -0.276802 0.876736 0.393338
vn -0.276802 0.876736 0.393338
vn -0.250428 0.888030 0.385602
vn -0.208473 0.904215 0.372738
vn -0.058266 0.938406 0.340588
vn 0.019799 0.940752 0.338516
vn 0.076680 0.918145 0.388753
vn 0.077267 0.918598 0.387567
vn 0.033927 0.880758 0.472350
vn 0.033927 0.880758 0.472350
vn -0.497972 0.842741 -0.204479
vn -0.497972 0.842741 -0.204479
vn -0.216421 0.902444 -0.372501
vn -0.431939 0.866791 -0.249201
vn -0.051926 0.819697 -0.570438
vn -0.071338 0.815591 -0.574214
vn -0.213584 0.774989 -0.594789
vn -0.213584 0.774989 -0.594789
vn -0.692050 0.695871 -0.191913
vn -0.692050 0.695871 -0.191913
vn -0.656963 0.733579 -0.173959
vn -0.672168 0.717762 -0.181680
vn -0.589682 0.795280 -0.140727
vn -0.589682 0.795280 -0.140727
vn -0.574517 0.261556 -0.775577
vn -0.574517 0.261556 -0.775577
vn -0.574517 0.261556 -0.775577
vn -0.574517 0.261556 -0.775577
vn 0.798649 -0.029468 -0.601076
vn 0.798649 -0.029468 -0.601076
vn 0.798649 -0.029468 -0.601076
vn 0.798649 -0.029468 -0.601076
vn -0.197943 0.101304 -0.974965
vn -0.197943 0.101304 -0.974965
vn -0.197943 0.101304 -0.974965
vn -0.197943 0.101304 -0.974965
vn -0.893091 0.059327 -0.445947
vn -0.893091 0.059327 -0.445947
vn -0.873671 0.061761 -0.482581
vn -0.879437 0.061069 -0.472081
vn -0.816652 0.067542 -0.573164
vn -0.816652 0.067542 -0.573164
vn -0.586175 -0.282340 -0.759397
vn -0.586175 -0.282340 -0.759397
vn 0.648228 -0.562498 -0.513222
vn 0.648228 -0.562498 -0.513222
vn 0.648228 -0.562498 -0.513222
vn 0.648228 -0.562498 -0.513222
vn -0.205121 -0.625596 -0.752698
vn -0.205121 -0.625596 -0.752698
vn -0.205121 -0.625596 -0.752698
vn -0.205121 -0.625596 -0.752698
vn -0.678504 -0.634666 -0.369906
vn -0.678504 -0.634666 -0.369906
vn -0.630287 -0.662922 -0.404069
vn -0.626258 -0.665089 -0.406764
vn -0.489887 -0.723806 -0.485917
vn -0.489887 -0.723806 -0.485917
vn -0.151857 -0.954559 0.256431
vn -0.037111 -0.968133 -0.247671
vn 0.032553 -0.966674 -0.253933
vn -0.165387 -0.973840 0.155829
vn -0.297351 -0.953838 -0.042138
vn -0.339478 -0.938996 -0.055154
vn -0.396087 -0.915321 -0.072820
vn -0.396087 -0.915321 -0.072820
vn 0.128103 -0.733009 -0.668047
vn 0.280082 -0.770312 -0.572865
vn 0.487868 -0.867900 -0.093456
vn 0.202761 -0.978515 -0.037360
vn 0.323125 -0.905033 0.276596
vn 0.109831 -0.978616 0.173920
vn 0.305247 -0.314550 -0.898823
vn 0.279052 -0.388392 -0.878226
vn 0.819367 -0.415789 -0.394661
vn 0.779908 -0.486555 -0.393711
vn 0.613174 -0.669999 0.418472
vn 0.601875 -0.683742 0.412606
vn 0.434814 0.184404 -0.881437
vn 0.414163 0.077445 -0.906902
vn 0.934463 -0.104337 -0.340431
vn 0.918119 -0.169663 -0.358151
vn 0.757857 -0.410438 0.507143
vn 0.757763 -0.410699 0.507071
vn 0.468137 0.621318 -0.628341
vn 0.470088 0.532111 -0.704184
vn 0.959209 0.188983 -0.210247
vn 0.961049 0.140284 -0.238129
vn 0.814143 -0.100172 0.571959
vn 0.814261 -0.086740 0.573982
vn 0.407612 0.881205 -0.239437
vn 0.425497 0.846562 -0.319821
vn 0.894625 0.446361 -0.020193
vn 0.898287 0.401566 0.178396
vn 0.742009 0.309396 0.594724
vn 0.295108 0.941316 0.163813
vn 0.399806 0.903198 0.156166
vn 0.628284 0.690417 0.358586
vn 0.612412 0.558925 0.559065
vn 0.163291 0.836107 0.523700
vn 0.187809 0.818005 0.543687
vn 0.303777 0.858390 0.413383
vn 0.175576 0.918932 0.353182
vn 0.175576 0.918932 0.353182
vn 0.026173 0.578715 0.815110
vn -0.018871 0.557642 0.829867
vn -0.167704 0.741364 0.649811
vn -0.167704 0.741364 0.649811
vn -0.333632 0.942334 0.026394
vn -0.460634 0.885398 -0.062343
vn -0.534365 0.837048 -0.117494
vn -0.333632 0.942334 0.026394
vn -0.112357 0.109686 0.987596
vn -0.706479 0.467801 0.531084
vn -0.785701 0.391668 0.478821
vn -0.877007 0.275358 0.393748
vn -0.706479 0.467801 0.531084
vn -0.760543 0.580452 -0.290948
vn -0.777476 0.550777 -0.303603
vn -0.184073 -0.349903 0.918523
vn -0.964464 0.013110 0.263889
vn -0.967543 -0.028436 0.251101
vn -0.904105 0.181225 -0.386978
vn -0.900020 0.204252 -0.385027
vn -0.198399 -0.691380 0.694717
vn -0.195564 -0.747790 0.634480
vn -0.862766 -0.475392 0.172154
vn -0.885590 -0.463573 -0.028810
vn -0.918736 -0.004939 -0.394842
vn -0.918736 -0.004939 -0.394842
vn -0.766435 -0.625391 0.146503
vn -0.800367 -0.599467 -0.007179
vn -0.807386 -0.505035 -0.305071
vn -0.807386 -0.505035 -0.305071
s off
g tree2
usemtl lambert5SG
f 2860/3245/6336 2870/3246/6337 2880/3247/6338 2890/3607/6339 2900/3606/6340 2910/3604/6341 2920/3251/6342
s 1
f 2653/3602/6343 2654/3253/6344 2849/3620/6345 2660/3621/6346 2659/3598/6347 2847/3597/6348
s off
f 2925/3258/6349 2930/3629/6350 2935/3628/6351 2940/3626/6352 2945/3262/6353 2950/3263/6354 2955/3264/6355
s 2
f 2655/3623/6356 2656/3266/6357 2960/3642/6358 2957/3643/6359 2963/3637/6360 2662/3638/6361 2661/3748/6362 2850/3618/6363
s off
f 2967/3273/6364 2970/3274/6365 2973/3275/6366 2976/3276/6367 2979/3658/6368 2982/3657/6369 2985/3653/6370 2988/3652/6371 2991/3650/6372 2994/3649/6373 2997/3648/6374 3000/3284/6375 3003/3285/6376
s 3
f 2657/3646/6377 2652/3287/6378 2846/3599/6379 2658/3600/6380 2663/3636/6381 2964/3635/6382 2958/3641/6383 2961/3640/6384
s 4
f 2666/3294/6385 2669/3295/6386 2670/3296/6387
f 2669/3295/6386 2673/3297/6388 2670/3296/6387
f 2673/3297/6388 2676/3298/6389 2670/3296/6387
f 2676/3740/6389 2679/3299/6390 2670/3296/6387
f 2679/3299/6390 2682/3300/6391 2670/3296/6387
f 2682/3300/6391 2666/3294/6385 2670/3296/6387
s 5
f 2658/3600/6392 2845/3601/6393 2659/3598/6394 2667/3302/6395 2664/3303/6396
f 2664/3303/6396 2667/3302/6395 2684/3304/6397 2685/3305/6398
s 6
f 2781/3306/6399 2784/3307/6400 2787/3308/6401 2790/3309/6402
s 1
f 2659/3598/6347 2660/3621/6346 2671/3310/6403 2667/3302/6404
f 2667/3302/6404 2671/3310/6403 2683/3674/6405 2684/3304/6406
s 6
f 2784/3307/6400 2793/3716/6407 2796/3714/6408 2787/3308/6401
s 7
f 2660/3621/6409 2848/3622/6410 2661/3619/6411 2674/3746/6412 2671/3310/6413
f 2671/3310/6413 2674/3746/6412 2688/3747/6414 2715/3673/6415 2683/3674/6416
s 8
f 2672/3689/6417 2675/3319/6418 2711/3320/6419 2712/3685/6420
s 2
f 2661/3748/6362 2662/3638/6361 2677/3322/6421 2674/3315/6422
f 2674/3315/6422 2677/3322/6421 2687/3323/6423 2688/3678/6424
f 2675/3744/6425 2678/3324/6426 2710/3695/6427 2711/3741/6428
s 10
f 2662/3638/6429 2959/3644/6430 2956/3645/6431 2962/3639/6432 2663/3636/6433 2680/3329/6434 2677/3322/6435
f 2677/3322/6435 2680/3329/6434 2686/3330/6436 2687/3323/6437
s 11
f 2678/3324/6438 2681/3331/6439 2709/3694/6440 2710/3695/6441
s 3
f 2663/3636/6381 2658/3600/6380 2664/3303/6442 2680/3329/6443
f 2680/3329/6443 2664/3303/6442 2685/3305/6444 2686/3330/6445
s 11
f 2681/3331/6439 2665/3690/6446 2708/3697/6447 2709/3694/6448
s 1
f 2684/3304/6406 2683/3674/6405 2713/3677/6449 2689/3672/6450 2690/3337/6451
s 5
f 2685/3305/6398 2684/3304/6397 2690/3337/6452 2691/3338/6453
s 3
f 2686/3330/6445 2685/3305/6444 2691/3338/6454 2692/3339/6455
s 10
f 2687/3323/6437 2686/3330/6436 2692/3339/6456 2693/3340/6457
s 2
f 2688/3678/6424 2687/3323/6423 2693/3340/6458 2694/3745/6459 2714/3675/6460
s off
f 2722/3343/6461 2719/3705/6462 2725/3704/6463 2728/3702/6464 2731/3701/6465 2734/3348/6466 2737/3349/6467 2740/3350/6468
s 1
f 2690/3337/6451 2689/3672/6450 2704/3351/6469 2705/3352/6470
s 5
f 2691/3338/6453 2690/3337/6452 2705/3352/6471 2706/3659/6472
s 3
f 2692/3339/6455 2691/3338/6454 2706/3659/6473 2701/3660/6474
s 10
f 2693/3340/6457 2692/3339/6456 2701/3660/6475 2702/3662/6476
s 2
f 2694/3745/6459 2693/3340/6458 2702/3662/6477 2703/3742/6478
s 8
f 2689/3672/6479 2716/3671/6480 2694/3676/6481 2703/3356/6482 2704/3351/6483
s 11
f 2696/3663/6484 2695/3664/6485 2681/3331/6439 2678/3324/6438
s 2
f 2697/3743/6486 2696/3663/6487 2678/3324/6426 2675/3744/6425
s 8
f 2698/3361/6488 2697/3360/6489 2675/3319/6418 2672/3689/6417
s 1
f 2699/3362/6490 2698/3361/6491 2672/3689/6492 2668/3688/6493
s 5
f 2700/3661/6494 2699/3362/6495 2668/3688/6496 2665/3690/6497
s 11
f 2695/3664/6485 2700/3661/6498 2665/3690/6446 2681/3331/6439
s 14
f 2766/3365/6499 2763/3366/6500 2769/3367/6501 2772/3368/6502
s 2
f 2703/3742/6478 2702/3662/6477 2696/3663/6487 2697/3743/6486
s 8
f 2704/3351/6483 2703/3356/6482 2697/3360/6489 2698/3361/6488
s 1
f 2705/3352/6470 2704/3351/6469 2698/3361/6491 2699/3362/6490
s 5
f 2706/3659/6472 2705/3352/6471 2699/3362/6495 2700/3661/6494
s 14
f 2763/3366/6500 2775/3736/6503 2778/3734/6504 2769/3367/6501
s 15
f 2708/3696/6505 2707/3686/6506 2807/3372/6507 2808/3691/6508
s 16
f 2832/3374/6509 2829/3722/6510 2835/3721/6511 2838/3377/6512
f 2841/3378/6513 2832/3374/6509 2838/3377/6512 2844/3379/6514
s 2
f 2711/3741/6428 2710/3695/6427 2804/3693/6515 2805/3739/6516
s 8
f 2712/3685/6420 2711/3320/6419 2805/3381/6517 2806/3382/6518
s 15
f 2707/3686/6506 2712/3685/6519 2806/3382/6520 2807/3372/6507
s 1
f 2683/3311/6405 2715/3317/6521 2748/3679/6522 2741/3680/6523
s 17
f 2720/3684/6524 2717/3681/6525 2718/3387/6526 2721/3388/6527
s off
f 2721/3388/6528 2718/3387/6529 2719/3344/6530 2722/3700/6531
s 18
f 2715/3317/6532 2688/3707/6533 2747/3389/6534 2748/3679/6535
s off
f 2717/3681/6536 2723/3390/6537 2724/3706/6538 2718/3387/6539
f 2718/3387/6540 2724/3706/6541 2725/3703/6542 2719/3344/6543
s 2
f 2688/3316/6424 2714/3342/6460 2746/3392/6544 2747/3698/6545
f 2723/3699/6546 2726/3393/6547 2727/3394/6548 2724/3391/6549
s off
f 2724/3391/6550 2727/3394/6551 2728/3346/6552 2725/3345/6553
s 19
f 2714/3342/6554 2694/3341/6555 2745/3395/6556 2746/3392/6557
f 2726/3393/6558 2729/3396/6559 2730/3397/6560 2727/3394/6561
f 2727/3394/6561 2730/3397/6560 2731/3347/6562 2728/3346/6563
s 20
f 2694/3341/6564 2716/3357/6565 2744/3398/6566 2745/3395/6567
f 2729/3396/6568 2732/3399/6569 2733/3400/6570 2730/3397/6571
f 2730/3397/6571 2733/3400/6570 2734/3348/6572 2731/3347/6573
s 21
f 2716/3357/6574 2689/3336/6575 2743/3401/6576 2744/3398/6577
f 2732/3399/6578 2735/3402/6579 2736/3403/6580 2733/3400/6581
s off
f 2733/3400/6582 2736/3403/6583 2737/3349/6584 2734/3348/6585
s 22
f 2689/3336/6586 2713/3335/6587 2742/3682/6588 2743/3401/6589
f 2735/3402/6590 2738/3683/6591 2739/3406/6592 2736/3403/6593
s off
f 2736/3403/6594 2739/3406/6595 2740/3350/6596 2737/3349/6597
s 1
f 2713/3335/6449 2683/3311/6405 2741/3680/6523 2742/3682/6598
s 17
f 2738/3683/6599 2720/3684/6524 2721/3388/6527 2739/3406/6600
f 2739/3406/6600 2721/3388/6527 2722/3700/6601 2740/3350/6602
s 23
f 2752/3407/6603 2750/3408/6604 2754/3409/6605 2756/3410/6606
s 22
f 2743/3401/6589 2742/3682/6588 2738/3683/6591 2735/3402/6590
s 21
f 2744/3398/6577 2743/3401/6576 2735/3402/6579 2732/3399/6578
s 20
f 2745/3395/6567 2744/3398/6566 2732/3399/6569 2729/3396/6568
s 19
f 2746/3392/6557 2745/3395/6556 2729/3396/6559 2726/3393/6558
s 2
f 2747/3698/6545 2746/3392/6544 2726/3393/6547 2723/3699/6546
s 18
f 2748/3679/6535 2747/3389/6534 2723/3390/6607 2717/3681/6608
s 23
f 2750/3408/6604 2758/3710/6609 2760/3709/6610 2754/3409/6605
s 24
f 2742/3404/6611 2741/3384/6612 2749/3413/6613 2751/3414/6614
f 2751/3414/6614 2749/3413/6613 2750/3408/6615 2752/3407/6616
s 25
f 2720/3385/6617 2738/3405/6618 2755/3415/6619 2753/3416/6620
f 2753/3416/6620 2755/3415/6619 2756/3410/6621 2754/3409/6622
s 22
f 2738/3405/6591 2742/3404/6588 2751/3414/6623 2755/3415/6624
f 2755/3415/6624 2751/3414/6623 2752/3407/6625 2756/3410/6626
s 26
f 2741/3384/6627 2748/3383/6628 2757/3417/6629 2749/3413/6630
f 2749/3413/6630 2757/3417/6629 2758/3411/6631 2750/3408/6632
s 18
f 2748/3383/6535 2717/3712/6608 2759/3711/6633 2757/3417/6634
f 2757/3417/6634 2759/3711/6633 2760/3708/6635 2758/3411/6636
s 27
f 2717/3386/6637 2720/3385/6638 2753/3416/6639 2759/3418/6640
f 2759/3418/6640 2753/3416/6639 2754/3409/6641 2760/3412/6642
s 28
f 2702/3355/6643 2701/3354/6644 2800/3419/6645 2801/3420/6646
s 29
f 2764/3421/6647 2761/3422/6648 2762/3423/6649 2765/3424/6650
f 2765/3424/6650 2762/3423/6649 2763/3366/6651 2766/3365/6652
s off
f 2695/3359/6653 2696/3358/6654 2802/3665/6655 2797/3666/6656
s 30
f 2767/3670/6657 2770/3667/6658 2771/3429/6659 2768/3430/6660
f 2768/3430/6660 2771/3429/6659 2772/3368/6661 2769/3367/6662
s 2
f 2696/3358/6487 2702/3355/6477 2801/3420/6663 2802/3665/6664
f 2770/3667/6665 2764/3421/6666 2765/3424/6667 2771/3429/6668
f 2771/3429/6668 2765/3424/6667 2766/3365/6669 2772/3368/6670
s 31
f 2701/3354/6671 2706/3738/6672 2799/3431/6673 2800/3419/6674
f 2761/3422/6675 2773/3432/6676 2774/3737/6677 2762/3423/6678
f 2762/3423/6678 2774/3737/6677 2775/3735/6679 2763/3366/6680
s 5
f 2706/3353/6472 2700/3364/6494 2798/3668/6681 2799/3732/6682
f 2773/3733/6683 2776/3669/6684 2777/3436/6685 2774/3433/6686
f 2774/3433/6686 2777/3436/6685 2778/3370/6687 2775/3369/6688
s off
f 2700/3364/6689 2695/3359/6690 2797/3666/6691 2798/3668/6692
s 32
f 2776/3669/6693 2767/3670/6694 2768/3430/6695 2777/3436/6696
f 2777/3436/6696 2768/3430/6695 2769/3367/6697 2778/3370/6698
s 33
f 2665/3333/6699 2668/3363/6700 2782/3437/6701 2779/3438/6702
f 2779/3438/6702 2782/3437/6701 2783/3439/6703 2780/3440/6704
f 2780/3440/6704 2783/3439/6703 2784/3307/6705 2781/3306/6706
s 34
f 2707/3371/6707 2708/3687/6708 2788/3441/6709 2785/3442/6710
f 2785/3442/6710 2788/3441/6709 2789/3443/6711 2786/3444/6712
s off
f 2786/3444/6713 2789/3443/6714 2790/3309/6715 2787/3715/6716
s 11
f 2708/3687/6447 2665/3333/6446 2779/3438/6717 2788/3441/6718
f 2788/3441/6718 2779/3438/6717 2780/3440/6719 2789/3443/6720
s off
f 2789/3443/6721 2780/3440/6722 2781/3306/6723 2790/3309/6724
s 35
f 2668/3363/6725 2672/3318/6726 2791/3445/6727 2782/3437/6728
f 2782/3437/6728 2791/3445/6727 2792/3446/6729 2783/3439/6730
s off
f 2783/3439/6731 2792/3446/6732 2793/3312/6733 2784/3307/6734
s 8
f 2672/3318/6417 2712/3719/6420 2794/3718/6735 2791/3445/6736
f 2791/3445/6736 2794/3718/6735 2795/3717/6737 2792/3446/6738
s off
f 2792/3446/6739 2795/3717/6740 2796/3713/6741 2793/3312/6742
s 36
f 2712/3321/6743 2707/3371/6744 2785/3442/6745 2794/3447/6746
f 2794/3447/6746 2785/3442/6745 2786/3444/6747 2795/3448/6748
f 2795/3448/6748 2786/3444/6747 2787/3715/6749 2796/3313/6750
s 37
f 2814/3449/6751 2811/3450/6752 2817/3451/6753 2820/3728/6754
s 5
f 2799/3732/6682 2798/3668/6681 2776/3669/6684 2773/3733/6683
s 31
f 2800/3419/6674 2799/3431/6673 2773/3432/6676 2761/3422/6675
s 28
f 2801/3420/6646 2800/3419/6645 2761/3422/6755 2764/3421/6756
s 2
f 2802/3665/6664 2801/3420/6663 2764/3421/6666 2770/3667/6665
s 37
f 2811/3450/6752 2823/3453/6757 2826/3454/6758 2817/3451/6753
s 38
f 2804/3693/6759 2803/3692/6760 2682/3300/6761 2679/3299/6762
s 2
f 2805/3739/6516 2804/3693/6515 2679/3299/6763 2676/3740/6764
s 8
f 2806/3382/6518 2805/3381/6517 2676/3298/6765 2673/3297/6766
s 15
f 2807/3372/6507 2806/3382/6520 2673/3297/6767 2669/3295/6768
f 2808/3691/6508 2807/3372/6507 2669/3295/6768 2666/3294/6769
s 38
f 2803/3692/6760 2808/3691/6770 2666/3294/6771 2682/3300/6761
s 39
f 2798/3434/6772 2797/3426/6773 2809/3456/6774 2812/3730/6775
f 2812/3730/6775 2809/3456/6774 2810/3458/6776 2813/3729/6777
f 2813/3729/6777 2810/3458/6776 2811/3450/6778 2814/3726/6779
s 40
f 2767/3427/6780 2776/3435/6781 2818/3460/6782 2815/3461/6783
f 2815/3461/6783 2818/3460/6782 2819/3462/6784 2816/3463/6785
f 2816/3463/6785 2819/3462/6784 2820/3452/6786 2817/3451/6787
s 41
f 2776/3435/6788 2798/3731/6789 2812/3457/6790 2818/3460/6791
f 2818/3460/6791 2812/3457/6790 2813/3459/6792 2819/3462/6793
f 2819/3462/6793 2813/3459/6792 2814/3727/6794 2820/3452/6795
s 42
f 2797/3426/6796 2802/3425/6797 2821/3464/6798 2809/3456/6799
f 2809/3456/6799 2821/3464/6798 2822/3465/6800 2810/3458/6801
f 2810/3458/6801 2822/3465/6800 2823/3453/6802 2811/3450/6803
s 2
f 2802/3425/6664 2770/3428/6665 2824/3466/6804 2821/3464/6805
f 2821/3464/6805 2824/3466/6804 2825/3467/6806 2822/3465/6807
f 2822/3465/6807 2825/3467/6806 2826/3454/6808 2823/3453/6809
s 43
f 2770/3428/6810 2767/3427/6811 2815/3461/6812 2824/3466/6813
f 2824/3466/6813 2815/3461/6812 2816/3463/6814 2825/3467/6815
f 2825/3467/6815 2816/3463/6814 2817/3451/6816 2826/3454/6817
s off
f 2709/3332/6818 2708/3334/6819 2827/3468/6820 2830/3469/6821
s 44
f 2830/3469/6822 2827/3468/6823 2828/3470/6824 2831/3471/6825
f 2831/3471/6825 2828/3470/6824 2829/3375/6826 2832/3374/6827
s off
f 2708/3334/6828 2808/3725/6829 2833/3724/6830 2827/3468/6831
s 45
f 2827/3468/6832 2833/3724/6833 2834/3723/6834 2828/3470/6835
f 2828/3470/6835 2834/3723/6834 2835/3720/6836 2829/3375/6837
s 46
f 2808/3373/6838 2803/3455/6839 2836/3474/6840 2833/3472/6841
f 2833/3472/6841 2836/3474/6840 2837/3475/6842 2834/3473/6843
f 2834/3473/6843 2837/3475/6842 2838/3377/6844 2835/3376/6845
s 47
f 2710/3325/6846 2709/3332/6847 2830/3469/6848 2839/3476/6849
f 2839/3476/6849 2830/3469/6848 2831/3471/6850 2840/3477/6851
f 2840/3477/6851 2831/3471/6850 2832/3374/6852 2841/3378/6853
s off
f 2803/3455/6854 2804/3380/6855 2842/3478/6856 2836/3474/6857
s 48
f 2836/3474/6858 2842/3478/6859 2843/3479/6860 2837/3475/6861
f 2837/3475/6861 2843/3479/6860 2844/3379/6862 2838/3377/6863
s off
f 2804/3380/6864 2710/3325/6865 2839/3476/6866 2842/3478/6867
s 49
f 2842/3478/6868 2839/3476/6869 2840/3477/6870 2843/3479/6871
f 2843/3479/6871 2840/3477/6870 2841/3378/6872 2844/3379/6873
s 50
f 2652/3603/6874 2653/3252/6875 2861/3480/6876 2851/3481/6877
f 2851/3481/6877 2861/3480/6876 2862/3482/6878 2852/3483/6879
f 2852/3483/6879 2862/3482/6878 2863/3484/6880 2853/3485/6881
f 2853/3485/6881 2863/3484/6880 2864/3486/6882 2854/3487/6883
f 2854/3487/6883 2864/3486/6882 2865/3488/6884 2855/3489/6885
f 2855/3489/6885 2865/3488/6884 2866/3490/6886 2856/3491/6887
f 2856/3491/6887 2866/3490/6886 2867/3492/6888 2857/3493/6889
f 2857/3493/6889 2867/3492/6888 2868/3494/6890 2858/3495/6891
f 2858/3495/6891 2868/3494/6890 2869/3496/6892 2859/3497/6893
f 2859/3497/6893 2869/3496/6892 2870/3246/6894 2860/3245/6895
s 1
f 2653/3252/6343 2847/3257/6348 2871/3498/6896 2861/3480/6897
f 2861/3480/6897 2871/3498/6896 2872/3499/6898 2862/3482/6899
f 2862/3482/6899 2872/3499/6898 2873/3500/6900 2863/3484/6901
f 2863/3484/6901 2873/3500/6900 2874/3501/6902 2864/3486/6903
s off
f 2864/3486/6904 2874/3501/6905 2875/3502/6906 2865/3488/6907
s 51
f 2865/3488/6908 2875/3502/6909 2876/3503/6910 2866/3490/6911
f 2866/3490/6911 2876/3503/6910 2877/3504/6912 2867/3492/6913
f 2867/3492/6913 2877/3504/6912 2878/3505/6914 2868/3494/6915
s off
f 2868/3494/6916 2878/3505/6917 2879/3506/6918 2869/3496/6919
f 2869/3496/6920 2879/3506/6921 2880/3247/6922 2870/3246/6923
s 1
f 2847/3257/6348 2659/3256/6347 2881/3507/6924 2871/3498/6925
f 2871/3498/6925 2881/3507/6924 2882/3508/6926 2872/3499/6927
f 2872/3499/6927 2882/3508/6926 2883/3509/6928 2873/3500/6929
f 2873/3500/6929 2883/3509/6928 2884/3510/6930 2874/3501/6931
s off
f 2874/3501/6932 2884/3510/6933 2885/3511/6934 2875/3502/6935
s 52
f 2875/3502/6936 2885/3511/6937 2886/3512/6938 2876/3503/6939
f 2876/3503/6939 2886/3512/6938 2887/3513/6940 2877/3504/6941
f 2877/3504/6941 2887/3513/6940 2888/3514/6942 2878/3505/6943
s 53
f 2878/3505/6944 2888/3514/6945 2889/3515/6946 2879/3506/6947
f 2879/3506/6947 2889/3515/6946 2890/3248/6948 2880/3247/6949
s 54
f 2659/3256/6950 2845/3617/6951 2891/3616/6952 2881/3507/6953
f 2881/3507/6953 2891/3616/6952 2892/3615/6954 2882/3508/6955
f 2882/3508/6955 2892/3615/6954 2893/3614/6956 2883/3509/6957
f 2883/3509/6957 2893/3614/6956 2894/3613/6958 2884/3510/6959
f 2884/3510/6959 2894/3613/6958 2895/3612/6960 2885/3511/6961
f 2885/3511/6961 2895/3612/6960 2896/3611/6962 2886/3512/6963
f 2886/3512/6963 2896/3611/6962 2897/3610/6964 2887/3513/6965
f 2887/3513/6965 2897/3610/6964 2898/3609/6966 2888/3514/6967
f 2888/3514/6967 2898/3609/6966 2899/3608/6968 2889/3515/6969
f 2889/3515/6969 2899/3608/6968 2900/3605/6970 2890/3248/6971
s 55
f 2845/3301/6972 2658/3289/6973 2901/3525/6974 2891/3516/6975
f 2891/3516/6975 2901/3525/6974 2902/3526/6976 2892/3517/6977
f 2892/3517/6977 2902/3526/6976 2903/3527/6978 2893/3518/6979
f 2893/3518/6979 2903/3527/6978 2904/3528/6980 2894/3519/6981
s off
f 2894/3519/6982 2904/3528/6983 2905/3529/6984 2895/3520/6985
s 56
f 2895/3520/6986 2905/3529/6987 2906/3530/6988 2896/3521/6989
f 2896/3521/6989 2906/3530/6988 2907/3531/6990 2897/3522/6991
f 2897/3522/6991 2907/3531/6990 2908/3532/6992 2898/3523/6993
s 57
f 2898/3523/6994 2908/3532/6995 2909/3533/6996 2899/3524/6997
f 2899/3524/6997 2909/3533/6996 2910/3250/6998 2900/3249/6999
s 58
f 2658/3289/7000 2846/3288/7001 2911/3534/7002 2901/3525/7003
f 2901/3525/7003 2911/3534/7002 2912/3535/7004 2902/3526/7005
f 2902/3526/7005 2912/3535/7004 2913/3536/7006 2903/3527/7007
f 2903/3527/7007 2913/3536/7006 2914/3537/7008 2904/3528/7009
s off
f 2904/3528/7010 2914/3537/7011 2915/3538/7012 2905/3529/7013
s 59
f 2905/3529/7014 2915/3538/7015 2916/3539/7016 2906/3530/7017
f 2906/3530/7017 2916/3539/7016 2917/3540/7018 2907/3531/7019
f 2907/3531/7019 2917/3540/7018 2918/3541/7020 2908/3532/7021
s 60
f 2908/3532/7022 2918/3541/7023 2919/3542/7024 2909/3533/7025
f 2909/3533/7025 2919/3542/7024 2920/3251/7026 2910/3250/7027
s 61
f 2846/3288/7028 2652/3603/7029 2851/3481/7030 2911/3534/7031
f 2911/3534/7031 2851/3481/7030 2852/3483/7032 2912/3535/7033
f 2912/3535/7033 2852/3483/7032 2853/3485/7034 2913/3536/7035
f 2913/3536/7035 2853/3485/7034 2854/3487/7036 2914/3537/7037
s off
f 2914/3537/7038 2854/3487/7039 2855/3489/7040 2915/3538/7041
s 62
f 2915/3538/7042 2855/3489/7043 2856/3491/7044 2916/3539/7045
f 2916/3539/7045 2856/3491/7044 2857/3493/7046 2917/3540/7047
f 2917/3540/7047 2857/3493/7046 2858/3495/7048 2918/3541/7049
f 2918/3541/7049 2858/3495/7048 2859/3497/7050 2919/3542/7051
f 2919/3542/7051 2859/3497/7050 2860/3245/7052 2920/3251/7053
s 63
f 2654/3624/7054 2655/3265/7055 2926/3543/7056 2921/3544/7057
f 2921/3544/7057 2926/3543/7056 2927/3545/7058 2922/3546/7059
f 2922/3546/7059 2927/3545/7058 2928/3547/7060 2923/3548/7061
f 2923/3548/7061 2928/3547/7060 2929/3549/7062 2924/3550/7063
f 2924/3550/7063 2929/3549/7062 2930/3259/7064 2925/3625/7065
s 2
f 2655/3265/6356 2850/3634/6363 2931/3633/7066 2926/3543/7067
s off
f 2926/3543/7068 2931/3633/7069 2932/3632/7070 2927/3545/7071
f 2927/3545/7072 2932/3632/7073 2933/3631/7074 2928/3547/7075
s 64
f 2928/3547/7076 2933/3631/7077 2934/3630/7078 2929/3549/7079
f 2929/3549/7079 2934/3630/7078 2935/3627/7080 2930/3259/7081
s 2
f 2850/3272/6363 2661/3271/6362 2936/3555/7082 2931/3551/7083
s off
f 2931/3551/7084 2936/3555/7085 2937/3556/7086 2932/3552/7087
f 2932/3552/7088 2937/3556/7089 2938/3557/7090 2933/3553/7091
s 65
f 2933/3553/7092 2938/3557/7093 2939/3558/7094 2934/3554/7095
f 2934/3554/7095 2939/3558/7094 2940/3261/7096 2935/3260/7097
s off
f 2661/3271/7098 2848/3314/7099 2941/3559/7100 2936/3555/7101
s 66
f 2936/3555/7102 2941/3559/7103 2942/3560/7104 2937/3556/7105
f 2937/3556/7105 2942/3560/7104 2943/3561/7106 2938/3557/7107
f 2938/3557/7107 2943/3561/7106 2944/3562/7108 2939/3558/7109
f 2939/3558/7109 2944/3562/7108 2945/3262/7110 2940/3261/7111
s 67
f 2848/3314/7112 2660/3255/7113 2946/3563/7114 2941/3559/7115
f 2941/3559/7115 2946/3563/7114 2947/3564/7116 2942/3560/7117
f 2942/3560/7117 2947/3564/7116 2948/3565/7118 2943/3561/7119
s 68
f 2943/3561/7120 2948/3565/7121 2949/3566/7122 2944/3562/7123
f 2944/3562/7123 2949/3566/7122 2950/3263/7124 2945/3262/7125
s off
f 2660/3255/7126 2849/3254/7127 2951/3567/7128 2946/3563/7129
f 2946/3563/7130 2951/3567/7131 2952/3568/7132 2947/3564/7133
f 2947/3564/7134 2952/3568/7135 2953/3569/7136 2948/3565/7137
s 69
f 2948/3565/7138 2953/3569/7139 2954/3570/7140 2949/3566/7141
f 2949/3566/7141 2954/3570/7140 2955/3264/7142 2950/3263/7143
s 1
f 2849/3254/6345 2654/3624/6344 2921/3544/7144 2951/3567/7145
s off
f 2951/3567/7146 2921/3544/7147 2922/3546/7148 2952/3568/7149
f 2952/3568/7150 2922/3546/7151 2923/3548/7152 2953/3569/7153
s 70
f 2953/3569/7154 2923/3548/7155 2924/3550/7156 2954/3570/7157
f 2954/3570/7157 2924/3550/7156 2925/3625/7158 2955/3264/7159
s 2
f 2656/3647/7160 2657/3286/7161 2968/3571/7162 2965/3572/7163
f 2965/3572/7163 2968/3571/7162 2969/3573/7164 2966/3574/7165
f 2966/3574/7165 2969/3573/7164 2970/3274/7166 2967/3273/7167
f 2657/3286/7161 2961/3293/7168 2971/3575/7169 2968/3571/7162
f 2968/3571/7162 2971/3575/7169 2972/3576/7170 2969/3573/7171
f 2969/3573/7171 2972/3576/7170 2973/3275/7172 2970/3274/7173
f 2961/3293/7168 2958/3292/7174 2974/3577/7175 2971/3575/7169
f 2971/3575/7169 2974/3577/7176 2975/3578/7177 2972/3576/7170
f 2972/3576/7170 2975/3578/7178 2976/3276/7179 2973/3275/7172
f 2958/3292/7174 2964/3291/7180 2977/3579/7181 2974/3577/7175
f 2974/3577/7176 2977/3579/7182 2978/3580/7183 2975/3578/7177
f 2975/3578/7178 2978/3580/7184 2979/3277/7185 2976/3276/7179
f 2964/3291/7180 2663/3290/7186 2980/3581/7187 2977/3579/7181
f 2977/3579/7182 2980/3581/7188 2981/3582/7189 2978/3580/7183
f 2978/3580/7184 2981/3582/7190 2982/3278/7191 2979/3277/7185
f 2663/3290/7186 2962/3328/7192 2983/3583/7193 2980/3581/7187
f 2980/3581/7188 2983/3583/7194 2984/3584/7195 2981/3582/7189
f 2981/3582/7190 2984/3584/7195 2985/3279/7196 2982/3278/7191
f 2962/3328/7192 2956/3656/7197 2986/3655/7198 2983/3583/7193
f 2983/3583/7194 2986/3655/7198 2987/3654/7199 2984/3584/7195
f 2984/3584/7195 2987/3654/7199 2988/3651/7200 2985/3279/7196
f 2956/3327/7197 2959/3326/7201 2989/3587/7202 2986/3585/7198
f 2986/3585/7198 2989/3587/7202 2990/3588/7203 2987/3586/7199
f 2987/3586/7199 2990/3588/7203 2991/3281/7204 2988/3280/7205
f 2959/3326/7201 2662/3270/7206 2992/3589/7207 2989/3587/7202
f 2989/3587/7202 2992/3589/7207 2993/3590/7208 2990/3588/7209
s 72
f 2990/3588/7210 2993/3590/7211 2994/3282/7212 2991/3281/7213
s 2
f 2662/3270/7206 2963/3269/6360 2995/3591/7214 2992/3589/7207
s 73
f 2992/3589/7215 2995/3591/7216 2996/3592/7217 2993/3590/7218
s 72
f 2993/3590/7211 2996/3592/7219 2997/3283/7220 2994/3282/7212
s 2
f 2963/3269/6360 2957/3268/6359 2998/3593/7221 2995/3591/7214
s 73
f 2995/3591/7216 2998/3593/7222 2999/3594/7223 2996/3592/7217
s 72
f 2996/3592/7219 2999/3594/7224 3000/3284/7225 2997/3283/7220
s 2
f 2957/3268/6359 2960/3267/7226 3001/3595/7227 2998/3593/7221
s 73
f 2998/3593/7222 3001/3595/7228 3002/3596/7229 2999/3594/7223
s 72
f 2999/3594/7224 3002/3596/7230 3003/3285/7231 3000/3284/7225
s 2
f 2960/3267/7226 2656/3647/7160 2965/3572/7163 3001/3595/7227
s 73
f 3001/3595/7228 2965/3572/7232 2966/3574/7233 3002/3596/7229
f 3002/3596/7229 2966/3574/7233 2967/3273/7234 3003/3285/7235
g default
v 17.705007 4.178617 -10.279492
v 16.759053 3.837873 -10.790500
v 15.799486 4.189398 -10.285661
v 15.389937 4.454856 -9.301925
v 15.799398 4.247456 -8.328464
v 16.755587 3.943551 -7.790832
v 17.711778 4.247456 -8.328464
v 18.121244 4.454856 -9.301925
v 17.840433 4.563628 -10.402355
v 16.755833 4.279354 -10.892177
v 15.670748 4.563628 -10.402355
v 15.195015 4.799130 -9.420274
v 15.658219 4.670185 -8.155043
v 16.755587 4.527311 -7.613220
v 17.852961 4.670185 -8.155043
v 18.316165 4.799130 -9.420274
v 17.771368 4.945391 -10.325688
v 16.755587 4.885153 -10.782377
v 15.739807 4.945391 -10.325688
v 15.299898 5.096453 -9.432049
v 15.738862 4.948743 -8.269610
v 16.755587 4.942743 -7.758452
v 17.772317 4.948743 -8.269610
v 18.211284 5.096453 -9.432049
v 17.529843 5.491029 -10.068474
v 16.755587 5.563158 -10.495879
v 15.981337 5.491029 -10.068474
v 15.656519 5.505518 -9.435488
v 15.984527 5.450273 -8.515396
v 16.755587 5.447142 -8.199361
v 17.526654 5.450273 -8.515396
v 17.854662 5.505518 -9.435488
v 17.173270 5.656932 -9.704122
v 16.755587 5.677138 -9.947064
v 16.337911 5.656932 -9.704122
v 16.164805 5.654537 -9.356607
v 16.337659 5.657673 -8.868508
v 16.755587 5.656932 -8.695759
v 17.173520 5.657673 -8.868508
v 17.346376 5.654537 -9.356607
v 16.755587 5.753994 -9.286198
v 16.954225 4.658063 -9.506602
v 16.758628 4.658879 -9.605206
v 16.561662 4.663192 -9.506194
v 16.478470 4.668047 -9.303042
v 16.559219 4.671008 -9.101043
v 16.756987 4.670392 -8.998593
v 16.954441 4.665870 -9.103239
v 17.035496 4.661151 -9.304796
v 17.012074 3.864857 -9.617298
v 17.167633 3.094129 -9.845594
v 17.082625 1.532508 -9.693102
v 16.983447 -0.154604 -9.725889
v 16.809409 3.866986 -9.719165
v 16.919669 3.085787 -9.974389
v 16.829730 1.535043 -9.822563
v 16.658826 -0.154604 -9.892732
v 17.107347 3.804460 -9.420195
v 17.275344 3.044731 -9.594712
v 17.186439 1.562734 -9.433767
v 17.117283 -0.154604 -9.383275
v 17.036228 3.711949 -9.220275
v 17.176774 2.960319 -9.347713
v 17.081026 1.609766 -9.181317
v 16.977905 -0.154604 -9.052765
v 16.831159 3.626586 -9.113152
v 16.930122 2.871223 -9.224446
v 16.829953 1.648332 -9.055312
v 16.659854 -0.154604 -8.903497
v 16.609676 3.630232 -9.227338
v 16.677066 2.859630 -9.358431
v 16.579674 1.650785 -9.187806
v 16.355876 -0.154603 -9.081658
v 16.521054 3.700968 -9.439012
v 16.571319 2.923856 -9.611006
v 16.475162 1.622234 -9.442043
v 16.229504 -0.154604 -9.402180
v 16.608003 3.794910 -9.635664
v 16.672942 3.015216 -9.858837
v 16.577811 1.574859 -9.698040
v 16.347085 -0.154604 -9.726751
v 16.755587 5.735760 -9.436837
v 16.755587 5.729079 -9.143181
vt 0.360444 0.816648
vt 0.389630 0.960512
vt 0.228999 0.100089
vt 0.298581 0.820126
vt 0.309389 0.236729
vt 0.250136 0.243848
vt 0.332828 0.350169
vt 0.274261 0.343747
vt 0.366620 0.442253
vt 0.306475 0.440772
vt 0.382245 0.523648
vt 0.314807 0.529202
vt 0.379647 0.605906
vt 0.320475 0.618099
vt 0.362280 0.701947
vt 0.305252 0.718409
vt 0.121200 0.153245
vt 0.240199 0.808706
vt 0.194825 0.264998
vt 0.230848 0.352147
vt 0.267133 0.442918
vt 0.266655 0.533477
vt 0.281200 0.623018
vt 0.260708 0.717469
vt 0.022835 0.265571
vt 0.152525 0.759106
vt 0.117220 0.328280
vt 0.164508 0.382221
vt 0.194010 0.462769
vt 0.193388 0.540100
vt 0.205007 0.616365
vt 0.189778 0.698474
vt 0.012127 0.385002
vt 0.097030 0.687885
vt 0.074270 0.407182
vt 0.111881 0.435132
vt 0.130055 0.487884
vt 0.138360 0.542557
vt 0.141757 0.597856
vt 0.130155 0.654007
vt 0.064590 0.549039
vt 0.047412 0.512337
vt 0.086615 0.547139
vt 0.902153 0.939345
vt 0.940572 0.940035
vt 0.676333 0.958973
vt 0.714400 0.960777
vt 0.752060 0.961174
vt 0.790427 0.957985
vt 0.828197 0.950662
vt 0.864833 0.943446
vt 0.901234 0.798061
vt 0.620069 0.820440
vt 0.915130 0.660963
vt 0.577568 0.687802
vt 0.899604 0.394415
vt 0.556296 0.421143
vt 0.918032 0.098160
vt 0.982225 0.097885
vt 0.861110 0.790191
vt 0.867636 0.654151
vt 0.850099 0.399371
vt 0.853616 0.097097
vt 0.820761 0.780421
vt 0.820823 0.642855
vt 0.801651 0.405550
vt 0.790987 0.094091
vt 0.778044 0.772550
vt 0.770567 0.631075
vt 0.752443 0.410394
vt 0.729677 0.091415
vt 0.735257 0.776511
vt 0.717726 0.633824
vt 0.703207 0.413244
vt 0.668260 0.093586
vt 0.695699 0.789532
vt 0.669031 0.649277
vt 0.654983 0.414862
vt 0.608645 0.100599
vt 0.657756 0.805572
vt 0.623565 0.669817
vt 0.605903 0.416625
vt 0.549719 0.113090
vt 0.507599 0.635378
vt 0.519004 0.681955
vt 0.517423 0.576477
vt 0.525676 0.510030
vt 0.506435 0.446131
vt 0.486699 0.389515
vt 0.489813 0.340989
vt 0.540130 0.713959
vt 0.949695 0.393311
vt 0.490204 0.130504
vt 0.963904 0.660689
vt 0.941319 0.801576
vt 0.637729 0.959015
vt 0.053258 0.587535
vt 0.313224 0.088589
vt 0.504527 0.305015
vt 0.039262 0.720338
vt 0.070986 0.837412
vt 0.188191 0.931660
vt 0.304309 0.965147
vn 0.494502 -0.300660 -0.815519
vn 0.494502 -0.300660 -0.815519
vn 0.494502 -0.300660 -0.815519
vn 0.494502 -0.300660 -0.815519
vn -0.490970 -0.298525 -0.818432
vn -0.490970 -0.298525 -0.818432
vn -0.490970 -0.298525 -0.818432
vn -0.490970 -0.298525 -0.818432
vn -0.845036 -0.466276 -0.261728
vn -0.845036 -0.466276 -0.261728
vn -0.845036 -0.466276 -0.261728
vn -0.845036 -0.466276 -0.261728
vn -0.871893 -0.402129 0.279456
vn -0.871893 -0.402129 0.279456
vn -0.871893 -0.402129 0.279456
vn -0.871893 -0.402129 0.279456
vn -0.494415 -0.347267 0.796844
vn -0.494414 -0.347267 0.796844
vn -0.494414 -0.347267 0.796844
vn -0.494415 -0.347267 0.796844
vn 0.494413 -0.347269 0.796844
vn 0.494413 -0.347269 0.796844
vn 0.494413 -0.347269 0.796844
vn 0.494413 -0.347269 0.796844
vn 0.871891 -0.402133 0.279457
vn 0.871891 -0.402133 0.279456
vn 0.871891 -0.402133 0.279456
vn 0.871891 -0.402133 0.279457
vn 0.843714 -0.468716 -0.261632
vn 0.843714 -0.468716 -0.261632
vn 0.843714 -0.468716 -0.261632
vn 0.843714 -0.468716 -0.261632
vn 0.375682 0.197338 -0.905495
vn 0.375682 0.197338 -0.905495
vn 0.375682 0.197338 -0.905495
vn 0.375682 0.197338 -0.905495
vn -0.375649 0.197157 -0.905548
vn -0.375649 0.197157 -0.905548
vn -0.375649 0.197157 -0.905548
vn -0.375649 0.197157 -0.905548
vn -0.845186 0.261054 -0.466382
vn -0.845186 0.261054 -0.466382
vn -0.845186 0.261054 -0.466382
vn -0.845186 0.261054 -0.466382
vn -0.861677 0.356768 0.360872
vn -0.861677 0.356768 0.360872
vn -0.861677 0.356768 0.360872
vn -0.861677 0.356768 0.360872
vn -0.395052 0.361987 0.844334
vn -0.395052 0.361987 0.844334
vn -0.395052 0.361987 0.844334
vn -0.395052 0.361987 0.844334
vn 0.395050 0.361988 0.844334
vn 0.395050 0.361988 0.844334
vn 0.395050 0.361988 0.844334
vn 0.395050 0.361988 0.844334
vn 0.861677 0.356768 0.360873
vn 0.861677 0.356768 0.360873
vn 0.861677 0.356768 0.360873
vn 0.861677 0.356768 0.360873
vn 0.845184 0.261057 -0.466384
vn 0.845184 0.261057 -0.466384
vn 0.845184 0.261057 -0.466384
vn 0.845183 0.261057 -0.466384
vn 0.400657 0.436926 -0.805338
vn 0.400657 0.436926 -0.805338
vn 0.400657 0.436926 -0.805338
vn 0.400657 0.436926 -0.805338
vn -0.400658 0.436927 -0.805337
vn -0.400658 0.436927 -0.805337
vn -0.400658 0.436927 -0.805337
vn -0.400658 0.436927 -0.805337
vn -0.715199 0.559453 -0.418931
vn -0.715199 0.559453 -0.418931
vn -0.715199 0.559453 -0.418931
vn -0.715199 0.559453 -0.418931
vn -0.743103 0.581929 0.330389
vn -0.743103 0.581929 0.330389
vn -0.743103 0.581929 0.330389
vn -0.743103 0.581929 0.330389
vn -0.337942 0.585537 0.736846
vn -0.337942 0.585537 0.736846
vn -0.337942 0.585537 0.736846
vn -0.337942 0.585537 0.736846
vn 0.337940 0.585537 0.736847
vn 0.337940 0.585537 0.736847
vn 0.337940 0.585537 0.736847
vn 0.337940 0.585537 0.736847
vn 0.743102 0.581929 0.330390
vn 0.743102 0.581929 0.330390
vn 0.743102 0.581929 0.330390
vn 0.743102 0.581929 0.330390
vn 0.715199 0.559451 -0.418934
vn 0.715199 0.559451 -0.418934
vn 0.715199 0.559451 -0.418934
vn 0.715199 0.559451 -0.418934
vn 0.195921 0.956393 -0.216629
vn 0.195921 0.956393 -0.216629
vn 0.195921 0.956393 -0.216629
vn 0.195921 0.956393 -0.216629
vn -0.195922 0.956393 -0.216628
vn -0.195922 0.956392 -0.216628
vn -0.195922 0.956392 -0.216628
vn -0.195922 0.956392 -0.216628
vn -0.270079 0.951257 -0.148888
vn -0.270079 0.951257 -0.148888
vn -0.270079 0.951257 -0.148888
vn -0.270079 0.951257 -0.148888
vn -0.335590 0.929376 0.153754
vn -0.335590 0.929376 0.153754
vn -0.335590 0.929376 0.153754
vn -0.335590 0.929376 0.153754
vn -0.154495 0.910725 0.383030
vn -0.154495 0.910725 0.383030
vn -0.154495 0.910725 0.383030
vn -0.154495 0.910725 0.383030
vn 0.154494 0.910725 0.383030
vn 0.154494 0.910725 0.383030
vn 0.154494 0.910725 0.383030
vn 0.154494 0.910725 0.383030
vn 0.335590 0.929376 0.153754
vn 0.335590 0.929376 0.153754
vn 0.335590 0.929376 0.153754
vn 0.335590 0.929376 0.153754
vn 0.270079 0.951257 -0.148888
vn 0.270079 0.951257 -0.148888
vn 0.270079 0.951257 -0.148888
vn 0.270079 0.951257 -0.148888
vn -0.146704 0.985749 -0.082322
vn -0.138311 0.986266 -0.090272
vn -0.134821 0.986442 -0.093569
vn -0.146704 0.985749 -0.082322
vn -0.151642 0.985545 0.075543
vn -0.151642 0.985545 0.075543
vn -0.126214 0.986947 0.100030
vn -0.134581 0.986622 0.092003
vn 0.151640 0.985545 0.075543
vn 0.134580 0.986622 0.092003
vn 0.126213 0.986947 0.100029
vn 0.151640 0.985545 0.075543
vn 0.146703 0.985749 -0.082322
vn 0.146703 0.985749 -0.082322
vn 0.134820 0.986442 -0.093568
vn 0.138310 0.986266 -0.090272
vn -0.039617 -0.839315 0.542200
vn -0.039617 -0.839315 0.542200
vn -0.039617 -0.839315 0.542200
vn -0.039617 -0.839315 0.542200
vn 0.025410 -0.839217 0.543202
vn 0.025410 -0.839217 0.543202
vn 0.025410 -0.839217 0.543202
vn 0.025410 -0.839217 0.543202
vn 0.217644 -0.928211 0.301756
vn 0.217644 -0.928211 0.301756
vn 0.217644 -0.928211 0.301755
vn 0.217644 -0.928211 0.301756
vn 0.217926 -0.942133 -0.254741
vn 0.217926 -0.942133 -0.254741
vn 0.217926 -0.942133 -0.254741
vn 0.217926 -0.942133 -0.254741
vn 0.041867 -0.870839 -0.489783
vn 0.041867 -0.870839 -0.489783
vn 0.041867 -0.870839 -0.489783
vn 0.041867 -0.870839 -0.489783
vn -0.044686 -0.872326 -0.486879
vn -0.044686 -0.872326 -0.486879
vn -0.044686 -0.872326 -0.486879
vn -0.044686 -0.872326 -0.486879
vn -0.213603 -0.943864 -0.251979
vn -0.213603 -0.943864 -0.251979
vn -0.213603 -0.943864 -0.251979
vn -0.213603 -0.943864 -0.251979
vn -0.215631 -0.925877 0.310250
vn -0.215631 -0.925877 0.310250
vn -0.215631 -0.925877 0.310250
vn -0.215631 -0.925877 0.310250
vn 0.445064 0.155492 -0.881896
vn 0.445064 0.155492 -0.881896
vn 0.436305 0.254781 -0.862974
vn 0.436536 0.252715 -0.863465
vn 0.456601 0.036792 -0.888911
vn 0.456961 0.024887 -0.889138
vn 0.457033 -0.055380 -0.887724
vn 0.457031 -0.054532 -0.887777
vn 0.456437 -0.009381 -0.889706
vn 0.456437 -0.009381 -0.889706
vn 0.913810 0.124799 -0.386492
vn 0.913810 0.124799 -0.386492
vn 0.906819 0.223981 -0.357087
vn 0.910323 0.190163 -0.367627
vn 0.925931 0.003333 -0.377678
vn 0.926284 0.058335 -0.372283
vn 0.924758 -0.069105 -0.374228
vn 0.925833 -0.064835 -0.372331
vn 0.929887 -0.047875 -0.364717
vn 0.929887 -0.047875 -0.364717
vn 0.932179 0.032820 0.360506
vn 0.932179 0.032820 0.360506
vn 0.921068 0.083090 0.380434
vn 0.926659 0.059412 0.371179
vn 0.924658 0.012495 0.380594
vn 0.922147 0.044910 0.384224
vn 0.923401 -0.021452 0.383237
vn 0.922737 -0.022587 0.384767
vn 0.920972 -0.025577 0.388789
vn 0.920972 -0.025577 0.388789
vn 0.474768 -0.064690 0.877730
vn 0.474768 -0.064690 0.877730
vn 0.473636 -0.064294 0.878371
vn 0.474145 -0.064472 0.878083
vn 0.448644 0.047167 0.892465
vn 0.458222 0.006518 0.888814
vn 0.438271 0.056864 0.897042
vn 0.438053 0.052749 0.897400
vn 0.437158 0.037143 0.898617
vn 0.437158 0.037143 0.898617
vn -0.456256 -0.129005 0.880448
vn -0.456256 -0.129005 0.880448
vn -0.454859 -0.155532 0.876877
vn -0.454791 -0.156687 0.876707
vn -0.466604 0.037567 0.883668
vn -0.466455 0.024865 0.884195
vn -0.477531 0.131634 0.868698
vn -0.477441 0.131825 0.868719
vn -0.485301 0.114943 0.866759
vn -0.485301 0.114943 0.866759
vn -0.926748 -0.090568 0.364602
vn -0.926748 -0.090568 0.364602
vn -0.927193 -0.107730 0.358757
vn -0.927322 -0.119475 0.354682
vn -0.928361 -0.003918 0.371660
vn -0.923852 0.050962 0.379343
vn -0.919013 0.131303 0.371719
vn -0.918337 0.130229 0.373762
vn -0.921671 0.135603 0.363503
vn -0.921671 0.135603 0.363503
vn -0.921018 0.011685 -0.389345
vn -0.921018 0.011685 -0.389344
vn -0.922243 0.017498 -0.386215
vn -0.923289 0.022628 -0.383438
vn -0.925723 0.024084 -0.377433
vn -0.926498 0.021696 -0.375673
vn -0.926419 0.089348 -0.365739
vn -0.926921 0.075710 -0.367539
vn -0.924313 0.124434 -0.360780
vn -0.924313 0.124434 -0.360780
vn -0.429053 0.106424 -0.896988
vn -0.429053 0.106424 -0.896988
vn -0.439475 0.151066 -0.885461
vn -0.445243 0.177622 -0.877616
vn -0.444415 0.060237 -0.893794
vn -0.438403 0.001291 -0.898777
vn -0.444838 0.023775 -0.895295
vn -0.442535 0.008568 -0.896711
vn -0.452294 0.078821 -0.888379
vn -0.452294 0.078821 -0.888379
vn 0.113710 0.987021 -0.113403
vn -0.113711 0.987020 -0.113404
vn -0.063921 0.985228 0.158871
vn 0.063921 0.985228 0.158870
s off
g mushroom3
usemtl lambert12SG
f 3004/3749/7236 3005/3750/7237 3013/3851/7238 3012/3752/7239
f 3005/3846/7240 3006/3753/7241 3014/3754/7242 3013/3751/7243
f 3006/3753/7244 3007/3755/7245 3015/3756/7246 3014/3754/7247
f 3007/3755/7248 3008/3757/7249 3016/3758/7250 3015/3756/7251
f 3008/3757/7252 3009/3759/7253 3017/3760/7254 3016/3758/7255
f 3009/3759/7256 3010/3761/7257 3018/3762/7258 3017/3760/7259
f 3010/3761/7260 3011/3763/7261 3019/3764/7262 3018/3762/7263
f 3011/3763/7264 3004/3749/7265 3012/3752/7266 3019/3764/7267
f 3012/3752/7268 3013/3851/7269 3021/3850/7270 3020/3766/7271
f 3013/3751/7272 3014/3754/7273 3022/3767/7274 3021/3765/7275
f 3014/3754/7276 3015/3756/7277 3023/3768/7278 3022/3767/7279
f 3015/3756/7280 3016/3758/7281 3024/3769/7282 3023/3768/7283
f 3016/3758/7284 3017/3760/7285 3025/3770/7286 3024/3769/7287
f 3017/3760/7288 3018/3762/7289 3026/3771/7290 3025/3770/7291
f 3018/3762/7292 3019/3764/7293 3027/3772/7294 3026/3771/7295
f 3019/3764/7296 3012/3752/7297 3020/3766/7298 3027/3772/7299
f 3020/3766/7300 3021/3850/7301 3029/3849/7302 3028/3774/7303
f 3021/3765/7304 3022/3767/7305 3030/3775/7306 3029/3773/7307
f 3022/3767/7308 3023/3768/7309 3031/3776/7310 3030/3775/7311
f 3023/3768/7312 3024/3769/7313 3032/3777/7314 3031/3776/7315
f 3024/3769/7316 3025/3770/7317 3033/3778/7318 3032/3777/7319
f 3025/3770/7320 3026/3771/7321 3034/3779/7322 3033/3778/7323
f 3026/3771/7324 3027/3772/7325 3035/3780/7326 3034/3779/7327
f 3027/3772/7328 3020/3766/7329 3028/3774/7330 3035/3780/7331
f 3028/3774/7332 3029/3849/7333 3037/3848/7334 3036/3782/7335
f 3029/3773/7336 3030/3775/7337 3038/3783/7338 3037/3781/7339
f 3030/3775/7340 3031/3776/7341 3039/3784/7342 3038/3783/7343
f 3031/3776/7344 3032/3777/7345 3040/3785/7346 3039/3784/7347
f 3032/3777/7348 3033/3778/7349 3041/3786/7350 3040/3785/7351
f 3033/3778/7352 3034/3779/7353 3042/3787/7354 3041/3786/7355
f 3034/3779/7356 3035/3780/7357 3043/3788/7358 3042/3787/7359
f 3035/3780/7360 3028/3774/7361 3036/3782/7362 3043/3788/7363
s 1
f 3044/3789/7364 3085/3790/7365 3038/3783/7366 3039/3784/7367
s 2
f 3044/3789/7368 3039/3784/7369 3040/3785/7370 3086/3791/7371
s 3
f 3044/3789/7372 3086/3791/7373 3042/3787/7374 3043/3788/7375
s 4
f 3044/3789/7376 3043/3788/7377 3036/3782/7378 3085/3845/7379
s off
f 3005/3750/7380 3004/3749/7381 3045/3833/7382 3046/3839/7383
f 3006/3753/7384 3005/3846/7385 3046/3847/7386 3047/3838/7387
f 3007/3755/7388 3006/3753/7389 3047/3838/7390 3048/3837/7391
f 3008/3757/7392 3007/3755/7393 3048/3837/7394 3049/3836/7395
f 3009/3759/7396 3008/3757/7397 3049/3836/7398 3050/3835/7399
f 3010/3761/7400 3009/3759/7401 3050/3835/7402 3051/3834/7403
f 3011/3763/7404 3010/3761/7405 3051/3834/7406 3052/3832/7407
f 3004/3749/7408 3011/3763/7409 3052/3832/7410 3045/3833/7411
s 5
f 3046/3793/7412 3045/3792/7413 3053/3800/7414 3057/3843/7415
f 3057/3843/7415 3053/3800/7414 3054/3802/7416 3058/3842/7417
f 3058/3842/7417 3054/3802/7416 3055/3804/7418 3059/3840/7419
f 3059/3840/7419 3055/3804/7418 3056/3806/7420 3060/3807/7421
s 6
f 3045/3792/7422 3052/3799/7423 3061/3808/7424 3053/3800/7425
f 3053/3800/7425 3061/3808/7424 3062/3809/7426 3054/3802/7427
f 3054/3802/7427 3062/3809/7426 3063/3810/7428 3055/3804/7429
f 3055/3804/7429 3063/3810/7428 3064/3811/7430 3056/3806/7431
s 7
f 3052/3799/7432 3051/3798/7433 3065/3812/7434 3061/3808/7435
f 3061/3808/7435 3065/3812/7434 3066/3813/7436 3062/3809/7437
f 3062/3809/7437 3066/3813/7436 3067/3814/7438 3063/3810/7439
f 3063/3810/7439 3067/3814/7438 3068/3815/7440 3064/3811/7441
s 8
f 3051/3798/7442 3050/3797/7443 3069/3816/7444 3065/3812/7445
f 3065/3812/7445 3069/3816/7444 3070/3817/7446 3066/3813/7447
f 3066/3813/7447 3070/3817/7446 3071/3818/7448 3067/3814/7449
f 3067/3814/7449 3071/3818/7448 3072/3819/7450 3068/3815/7451
s 9
f 3050/3797/7452 3049/3796/7453 3073/3820/7454 3069/3816/7455
f 3069/3816/7455 3073/3820/7454 3074/3821/7456 3070/3817/7457
f 3070/3817/7457 3074/3821/7456 3075/3822/7458 3071/3818/7459
f 3071/3818/7459 3075/3822/7458 3076/3823/7460 3072/3819/7461
s 10
f 3049/3796/7462 3048/3795/7463 3077/3824/7464 3073/3820/7465
f 3073/3820/7465 3077/3824/7464 3078/3825/7466 3074/3821/7467
f 3074/3821/7467 3078/3825/7466 3079/3826/7468 3075/3822/7469
f 3075/3822/7469 3079/3826/7468 3080/3827/7470 3076/3823/7471
s 11
f 3048/3795/7472 3047/3794/7473 3081/3828/7474 3077/3824/7475
f 3077/3824/7475 3081/3828/7474 3082/3829/7476 3078/3825/7477
f 3078/3825/7477 3082/3829/7476 3083/3830/7478 3079/3826/7479
f 3079/3826/7479 3083/3830/7478 3084/3831/7480 3080/3827/7481
s 12
f 3047/3794/7482 3046/3844/7483 3057/3801/7484 3081/3828/7485
f 3081/3828/7485 3057/3801/7484 3058/3803/7486 3082/3829/7487
f 3082/3829/7487 3058/3803/7486 3059/3805/7488 3083/3830/7489
f 3083/3830/7489 3059/3805/7488 3060/3841/7490 3084/3831/7491
s 4
f 3036/3782/7378 3037/3848/7492 3085/3845/7379
s 1
f 3037/3781/7493 3038/3783/7366 3085/3790/7365
s 2
f 3040/3785/7370 3041/3786/7494 3086/3791/7371
s 3
f 3041/3786/7495 3042/3787/7374 3086/3791/7373
g default
v -39.407447 0.000000 28.580778
v 39.253863 0.000000 28.580778
v -39.407447 0.000000 -36.112381
v 39.253863 0.000000 -36.112381
vt 0.001992 0.001992
vt 0.998002 0.001992
vt 0.998002 0.998008
vt 0.001992 0.998008
vn 0.000000 1.000000 0.000000
vn 0.000000 1.000000 0.000000
vn 0.000000 1.000000 0.000000
vn 0.000000 1.000000 0.000000
s off
g pPlane1
usemtl lambert32SG
f 3087/3852/7496 3088/3853/7497 3090/3854/7498 3089/3855/7499
g default
v 4.154978 -0.199246 7.776320
v 3.834336 -0.199246 7.703136
v 3.577201 -0.199246 7.908194
v 3.577201 -0.199246 8.237082
v 3.834336 -0.199246 8.442140
v 4.154978 -0.199246 8.368956
v 4.297677 -0.199246 8.072638
v 3.143989 6.330198 8.020267
v 3.087320 6.330198 8.007334
v 3.041875 6.330198 8.043574
v 3.041875 6.330198 8.101702
v 3.087320 6.330198 8.137942
v 3.143989 6.330198 8.125009
v 3.169210 6.330198 8.072638
v 3.102226 6.330198 8.072638
v 3.734926 3.968335 8.072638
v 3.667434 3.968335 8.212787
v 3.515782 3.968335 8.247400
v 3.394166 3.968335 8.150415
v 3.394166 3.968335 7.994861
v 3.515782 3.968335 7.897876
v 3.667434 3.968335 7.932489
vt 0.788488 0.087206
vt 0.827511 0.127755
vt 0.343490 0.656046
vt 0.325815 0.635951
vt 0.865466 0.169235
vt 0.360865 0.676481
vt 0.904425 0.209712
vt 0.379510 0.695803
vt 0.944438 0.249204
vt 0.399212 0.713863
vt 0.983598 0.289613
vt 0.418438 0.732232
vt 0.746050 0.050210
vt 0.305989 0.618077
vt 0.068821 0.948764
vt 0.075474 0.954494
vt 0.071166 0.965769
vt 0.081398 0.961062
vt 0.086948 0.968102
vt 0.092007 0.975485
vt 0.095725 0.983738
vt 0.060575 0.944713
vt 0.283598 0.603548
vt 0.050711 0.943707
vt 0.699600 0.018398
vn 0.222085 0.062442 -0.973026
vn 0.222085 0.062442 -0.973026
vn 0.221945 0.071664 -0.972422
vn 0.222070 0.063501 -0.972961
vn -0.623450 -0.011123 -0.781784
vn -0.623450 -0.011123 -0.781784
vn -0.623054 -0.037253 -0.781291
vn -0.623424 -0.014414 -0.781751
vn -0.999037 -0.043876 0.000000
vn -0.999037 -0.043876 0.000000
vn -0.998130 -0.061122 0.000000
vn -0.998130 -0.061122 0.000000
vn -0.623449 -0.011123 0.781785
vn -0.623449 -0.011123 0.781785
vn -0.623423 -0.014414 0.781752
vn -0.623053 -0.037253 0.781292
vn 0.222084 0.062442 0.973026
vn 0.222084 0.062442 0.973026
vn 0.222069 0.063501 0.972961
vn 0.221943 0.071664 0.972423
vn 0.894375 0.120768 0.430708
vn 0.894375 0.120768 0.430708
vn 0.893044 0.132344 0.430067
vn 0.891723 0.142898 0.429431
vn 0.894375 0.120768 -0.430708
vn 0.894375 0.120768 -0.430708
vn 0.891723 0.142898 -0.429431
vn 0.893044 0.132344 -0.430067
vn 0.000000 1.000000 -0.000005
vn 0.000000 1.000000 -0.000002
vn 0.000000 1.000000 0.000000
vn 0.000000 1.000000 0.000002
vn 0.000000 1.000000 0.000000
vn 0.000000 1.000000 0.000002
vn 0.000000 1.000000 0.000002
vn 0.000000 1.000000 0.000000
vn 0.880694 0.210945 0.424122
vn 0.880694 0.210945 0.424122
vn 0.221701 0.085236 0.971382
vn 0.221701 0.085236 0.971382
vn -0.621648 -0.076646 0.779537
vn -0.621648 -0.076646 0.779537
vn -0.989058 -0.147526 0.000000
vn -0.989058 -0.147526 0.000000
vn -0.621650 -0.076646 -0.779536
vn -0.621651 -0.076646 -0.779536
vn 0.221704 0.085236 -0.971381
vn 0.221704 0.085236 -0.971381
vn 0.880694 0.210945 -0.424122
vn 0.880694 0.210945 -0.424122
s 1
g pCylinder14
usemtl lambert27SG
f 3091/3856/7500 3092/3857/7501 3111/3858/7502 3112/3859/7503
s 2
f 3092/3857/7504 3093/3860/7505 3110/3861/7506 3111/3858/7507
s 3
f 3093/3860/7508 3094/3862/7509 3109/3863/7510 3110/3861/7511
s 4
f 3094/3862/7512 3095/3864/7513 3108/3865/7514 3109/3863/7515
s 5
f 3095/3864/7516 3096/3866/7517 3107/3867/7518 3108/3865/7519
s 6
f 3096/3880/7520 3097/3868/7521 3106/3869/7522 3107/3878/7523
s 7
f 3097/3868/7524 3091/3856/7525 3112/3859/7526 3106/3869/7527
s 8
f 3098/3870/7528 3099/3871/7529 3105/3872/7530
f 3099/3871/7529 3100/3873/7531 3105/3872/7530
f 3100/3873/7531 3101/3874/7532 3105/3872/7530
f 3101/3874/7532 3102/3875/7533 3105/3872/7530
f 3102/3875/7533 3103/3876/7534 3105/3872/7530
f 3103/3879/7534 3104/3877/7535 3105/3872/7530
f 3104/3877/7535 3098/3870/7528 3105/3872/7530
s 6
f 3107/3878/7523 3106/3869/7522 3104/3877/7536 3103/3879/7537
s 5
f 3108/3865/7519 3107/3867/7518 3103/3876/7538 3102/3875/7539
s 4
f 3109/3863/7515 3108/3865/7514 3102/3875/7540 3101/3874/7541
s 3
f 3110/3861/7511 3109/3863/7510 3101/3874/7542 3100/3873/7543
s 2
f 3111/3858/7507 3110/3861/7506 3100/3873/7544 3099/3871/7545
s 1
f 3112/3859/7503 3111/3858/7502 3099/3871/7546 3098/3870/7547
s 7
f 3106/3869/7527 3112/3859/7526 3098/3870/7548 3104/3877/7549
g default
v -11.787143 -1.000000 -3.265496
v -11.927013 -1.000000 -3.465469
v -12.170564 -1.000000 -3.480797
v -12.334400 -1.000000 -3.299937
v -12.295147 -1.000000 -3.059081
v -12.082365 -1.000000 -2.939597
v -11.856282 -1.000000 -3.031461
v -11.923345 1.000000 -3.237677
v -11.991928 1.000000 -3.335731
v -12.111350 1.000000 -3.343247
v -12.191685 1.000000 -3.254565
v -12.172438 1.000000 -3.136465
v -12.068104 1.000000 -3.077878
v -11.957247 1.000000 -3.122923
v -12.353284 3.205113 -3.601689
v -12.983434 4.494443 -4.147067
v -13.772956 5.369226 -4.836815
v -14.468045 5.856971 -5.441020
v -12.407742 3.181815 -3.680661
v -13.019241 4.453762 -4.202856
v -13.791067 5.327010 -4.870285
v -14.475135 5.826270 -5.458220
v -14.498936 5.834345 -5.425364
v -12.504565 3.163132 -3.685321
v -13.089830 4.421139 -4.201368
v -13.836192 5.293156 -4.863348
v -14.500147 5.801651 -5.450679
v -12.570841 3.163132 -3.612158
v -13.142048 4.421139 -4.143725
v -13.874350 5.293156 -4.821225
v -14.524248 5.801651 -5.424074
v -12.556663 3.181815 -3.516267
v -13.136571 4.453762 -4.073332
v -13.876809 5.327010 -4.775634
v -14.529288 5.826270 -5.398440
v -12.472709 3.205113 -3.469854
v -13.077527 4.494443 -4.043197
v -13.841716 5.369226 -4.760910
v -14.511473 5.856971 -5.393080
v -12.382197 3.215481 -3.507871
v -13.009374 4.512547 -4.076012
v -13.795495 5.388013 -4.788137
v -14.484218 5.870634 -5.412030
vt 0.073478 0.178494
vt 0.096189 0.151928
vt 0.313277 0.347687
vt 0.300230 0.359051
vt 0.120279 0.126773
vt 0.326505 0.336360
vt 0.145820 0.103088
vt 0.338964 0.324101
vt 0.172718 0.080871
vt 0.350492 0.311155
vt 0.201020 0.060116
vt 0.278435 0.385961
vt 0.052209 0.206471
vt 0.288399 0.371754
vt 0.951306 0.954462
vt 0.953957 0.950763
vt 0.959740 0.953263
vt 0.957067 0.947564
vt 0.960639 0.944817
vt 0.964824 0.942610
vt 0.948247 0.963631
vt 0.949281 0.958779
vt 0.549659 0.570917
vt 0.538638 0.579687
vt 0.707380 0.719592
vt 0.698717 0.726558
vt 0.848347 0.852134
vt 0.842235 0.857685
vt 0.560578 0.561906
vt 0.715988 0.712468
vt 0.854497 0.846582
vt 0.570563 0.551686
vt 0.723890 0.704421
vt 0.860367 0.840679
vt 0.579330 0.540556
vt 0.730859 0.695688
vt 0.865851 0.834515
vt 0.519573 0.600765
vt 0.683810 0.743297
vt 0.831459 0.870202
vt 0.528422 0.589594
vt 0.690703 0.734431
vt 0.836532 0.863674
vt 0.969756 0.941438
vt 0.871279 0.828386
vt 0.737660 0.686895
vt 0.587860 0.529315
vt 0.362023 0.298434
vt 0.032545 0.235812
vn 0.817785 0.063648 -0.571993
vn 0.817785 0.063648 -0.571993
vn 0.816690 0.063933 -0.573525
vn 0.817189 0.063803 -0.572827
vn 0.062671 0.066631 -0.995808
vn 0.062670 0.066631 -0.995808
vn 0.065441 -0.028860 -0.997439
vn 0.064481 0.006594 -0.997897
vn -0.739414 0.067958 -0.669813
vn -0.739414 0.067958 -0.669813
vn -0.740270 -0.048059 -0.670589
vn -0.740270 -0.048059 -0.670589
vn -0.984786 0.066631 0.160489
vn -0.984786 0.066631 0.160489
vn -0.986687 0.006594 0.162499
vn -0.986136 -0.028859 0.163409
vn -0.488625 0.063648 0.870169
vn -0.488625 0.063648 0.870169
vn -0.489515 0.063803 0.869658
vn -0.490260 0.063932 0.869228
vn 0.375732 0.061255 0.924702
vn 0.375732 0.061255 0.924702
vn 0.372006 0.118150 0.920680
vn 0.370869 0.132502 0.919184
vn 0.957225 0.061255 0.282786
vn 0.957225 0.061255 0.282786
vn 0.951255 0.132502 0.278492
vn 0.952856 0.118150 0.279475
vn -0.650119 0.480091 -0.588947
vn -0.650116 0.480084 -0.588955
vn -0.650133 0.480085 -0.588936
vn -0.650126 0.480074 -0.588952
vn -0.650148 0.480076 -0.588927
vn -0.650149 0.480086 -0.588917
vn -0.650141 0.480094 -0.588920
vn -0.650129 0.480095 -0.588933
vn 0.802141 0.106976 -0.587475
vn 0.813008 0.072566 -0.577713
vn 0.765222 0.172794 -0.620143
vn 0.787910 0.141890 -0.599221
vn 0.732106 0.202215 -0.650484
vn 0.751338 0.188686 -0.632367
vn 0.720991 0.209755 -0.660435
vn 0.720991 0.209755 -0.660435
vn 0.095452 -0.243699 -0.965142
vn 0.076776 -0.175415 -0.981496
vn 0.176188 -0.420801 -0.889879
vn 0.136699 -0.357918 -0.923692
vn 0.251528 -0.509643 -0.822799
vn 0.223215 -0.484680 -0.845731
vn 0.286588 -0.539754 -0.791538
vn 0.286588 -0.539754 -0.791538
vn -0.697129 -0.339425 -0.631508
vn -0.697129 -0.339425 -0.631508
vn -0.578819 -0.624534 -0.524335
vn -0.578818 -0.624534 -0.524335
vn -0.448830 -0.795766 -0.406581
vn -0.448830 -0.795766 -0.406581
vn -0.368788 -0.867404 -0.334074
vn -0.368788 -0.867404 -0.334074
vn -0.969154 -0.175413 0.173122
vn -0.951039 -0.243697 0.190098
vn -0.905726 -0.357915 0.227060
vn -0.868186 -0.420803 0.263019
vn -0.819619 -0.484685 0.305460
vn -0.794009 -0.509649 0.331372
vn -0.759445 -0.539763 0.363180
vn -0.759445 -0.539763 0.363180
vn -0.494793 0.072564 0.865976
vn -0.505580 0.106972 0.856123
vn -0.518671 0.141886 0.843118
vn -0.541723 0.172793 0.822605
vn -0.555253 0.188687 0.809994
vn -0.575174 0.202222 0.792642
vn -0.586171 0.209766 0.782561
vn -0.586171 0.209766 0.782561
vn 0.342649 0.299110 0.890576
vn 0.328087 0.349616 0.877569
vn 0.239125 0.561597 0.792104
vn 0.211661 0.604051 0.768324
vn 0.110207 0.729232 0.675334
vn 0.091573 0.745755 0.659897
vn 0.020962 0.802022 0.596927
vn 0.020962 0.802022 0.596927
vn 0.905627 0.349617 0.240018
vn 0.920004 0.299111 0.253228
vn 0.785443 0.604050 0.134921
vn 0.811812 0.561597 0.159909
vn 0.665710 0.745754 0.026099
vn 0.682908 0.729230 0.043122
vn 0.596089 0.802021 -0.037962
vn 0.596089 0.802021 -0.037962
s 1
g pCylinder16
usemtl lambert29SG
f 3113/3881/7550 3114/3882/7551 3121/3883/7552 3120/3884/7553
s 2
f 3114/3882/7554 3115/3885/7555 3122/3886/7556 3121/3883/7557
s 3
f 3115/3885/7558 3116/3887/7559 3123/3888/7560 3122/3886/7561
s 4
f 3116/3887/7562 3117/3889/7563 3124/3890/7564 3123/3888/7565
s 5
f 3117/3889/7566 3118/3891/7567 3125/3928/7568 3124/3890/7569
s 6
f 3118/3929/7570 3119/3893/7571 3126/3894/7572 3125/3892/7573
s 7
f 3119/3893/7574 3113/3881/7575 3120/3884/7576 3126/3894/7577
s 8
f 3130/3895/7578 3134/3896/7579 3135/3897/7580
f 3134/3896/7579 3139/3898/7581 3135/3897/7580
f 3139/3898/7581 3143/3899/7582 3135/3897/7580
f 3143/3899/7582 3147/3900/7583 3135/3897/7580
f 3147/3900/7583 3151/3924/7584 3135/3897/7580
f 3151/3901/7584 3155/3902/7585 3135/3897/7580
f 3155/3902/7585 3130/3895/7578 3135/3897/7580
s 1
f 3120/3884/7553 3121/3883/7552 3131/3903/7586 3127/3904/7587
f 3127/3904/7587 3131/3903/7586 3132/3905/7588 3128/3906/7589
f 3128/3906/7589 3132/3905/7588 3133/3907/7590 3129/3908/7591
f 3129/3908/7591 3133/3907/7590 3134/3896/7592 3130/3895/7593
s 2
f 3121/3883/7557 3122/3886/7556 3136/3909/7594 3131/3903/7595
f 3131/3903/7595 3136/3909/7594 3137/3910/7596 3132/3905/7597
f 3132/3905/7597 3137/3910/7596 3138/3911/7598 3133/3907/7599
f 3133/3907/7599 3138/3911/7598 3139/3898/7600 3134/3896/7601
s 3
f 3122/3886/7561 3123/3888/7560 3140/3912/7602 3136/3909/7603
f 3136/3909/7603 3140/3912/7602 3141/3913/7604 3137/3910/7605
f 3137/3910/7605 3141/3913/7604 3142/3914/7606 3138/3911/7607
f 3138/3911/7607 3142/3914/7606 3143/3899/7608 3139/3898/7609
s 4
f 3123/3888/7565 3124/3890/7564 3144/3915/7610 3140/3912/7611
f 3140/3912/7611 3144/3915/7610 3145/3916/7612 3141/3913/7613
f 3141/3913/7613 3145/3916/7612 3146/3917/7614 3142/3914/7615
f 3142/3914/7615 3146/3917/7614 3147/3900/7616 3143/3899/7617
s 5
f 3124/3890/7569 3125/3928/7568 3148/3927/7618 3144/3915/7619
f 3144/3915/7619 3148/3927/7618 3149/3926/7620 3145/3916/7621
f 3145/3916/7621 3149/3926/7620 3150/3925/7622 3146/3917/7623
f 3146/3917/7623 3150/3925/7622 3151/3924/7624 3147/3900/7625
s 6
f 3125/3892/7573 3126/3894/7572 3152/3921/7626 3148/3918/7627
f 3148/3918/7627 3152/3921/7626 3153/3922/7628 3149/3919/7629
f 3149/3919/7629 3153/3922/7628 3154/3923/7630 3150/3920/7631
f 3150/3920/7631 3154/3923/7630 3155/3902/7632 3151/3901/7633
s 7
f 3126/3894/7577 3120/3884/7576 3127/3904/7634 3152/3921/7635
f 3152/3921/7635 3127/3904/7634 3128/3906/7636 3153/3922/7637
f 3153/3922/7637 3128/3906/7636 3129/3908/7638 3154/3923/7639
f 3154/3923/7639 3129/3908/7638 3130/3895/7640 3155/3902/7641
g default
v 23.556331 0.811446 6.233775
v 23.964878 0.512628 3.692037
v 21.538692 0.199106 2.453520
v 19.687150 0.418908 3.441668
v 19.807641 0.512628 5.565256
v 22.057075 0.716454 7.106813
v 23.628262 2.519688 6.543166
v 23.618526 2.360817 3.848102
v 22.493844 3.107621 2.636932
v 20.950817 3.849861 3.460427
v 20.153992 2.360817 5.409192
v 22.129006 2.424697 7.416206
v 23.106391 4.799502 5.506824
v 23.256848 4.799502 4.011071
v 22.036716 4.799502 3.132895
v 20.666128 4.799502 3.750471
v 20.515670 4.799502 5.246223
v 21.735802 4.799502 6.124400
v 23.076913 10.212583 6.122637
v 22.830589 12.689953 8.080082
v 21.904062 13.658449 11.735175
v 21.620287 15.246908 14.936331
v 21.135625 17.662993 17.166630
v 20.802537 19.682801 17.890068
v 23.213443 10.412452 4.790594
v 22.879773 13.375511 7.216189
v 22.281544 14.213892 11.050254
v 21.658249 15.870799 14.628670
v 21.167324 17.945442 16.891132
v 20.812162 19.721662 17.803919
v 20.725570 19.702568 17.838012
v 22.119087 10.553728 4.009825
v 21.402229 13.730110 6.980215
v 21.435851 14.713578 10.876690
v 21.077229 16.188156 14.411782
v 20.842351 18.089121 16.716683
v 20.735192 19.741437 17.751863
v 20.888196 10.495140 4.561099
v 20.568105 13.015165 7.647063
v 20.562889 14.230936 10.874355
v 20.458245 15.881630 14.502557
v 20.485679 17.950345 16.817730
v 20.648601 19.722341 17.785955
v 20.751666 10.295268 5.893143
v 20.594998 12.703726 7.837290
v 20.535624 13.248624 11.045587
v 20.420285 15.257728 14.810220
v 20.453983 17.667890 17.093229
v 20.638978 19.683471 17.872105
v 21.846025 10.153992 6.673914
v 21.654914 12.299945 8.469120
v 21.133245 13.512413 12.008114
v 21.001305 14.940367 15.027106
v 20.778956 17.524214 17.267678
v 20.715948 19.663707 17.924161
v 22.970442 12.467298 6.260311
v 22.779357 11.849817 7.318421
v 21.745573 11.572197 7.707538
v 20.818586 11.886954 7.112999
v 20.925382 12.479327 6.129342
v 22.045936 12.909680 5.653037
v 21.784819 14.298080 8.067706
v 22.563427 13.904298 9.358015
v 22.498640 13.001927 9.889502
v 21.497324 12.558564 10.053115
v 20.560798 13.017583 9.685239
v 20.950694 13.583130 8.734555
v 21.397496 14.046406 13.327373
v 20.483546 14.155755 12.745356
v 20.515641 14.976243 12.512525
v 21.273930 15.379362 12.472820
v 22.000121 14.962008 12.665944
v 21.907558 14.210573 13.115597
v 22.241183 13.784800 7.060683
v 23.284296 12.829786 6.844654
v 21.676096 13.455405 5.788288
v 22.719209 12.500391 5.572259
v 22.940853 14.208595 4.332717
v 24.443066 14.931360 3.107184
v 25.845071 14.845751 1.761623
v 26.944177 14.310937 0.300119
v 27.753564 14.279127 -1.257581
v 28.191002 15.324438 -2.718952
v 28.376460 16.893645 -3.950735
v 23.481649 14.410945 4.681782
v 24.816744 14.984036 3.541248
v 26.180760 14.894456 2.095022
v 27.252369 14.335764 0.514206
v 28.002898 14.287927 -1.138330
v 28.359885 15.336679 -2.667480
v 28.451072 16.902171 -3.931876
v 22.278916 14.335965 4.362195
v 24.049489 15.274142 2.865484
v 25.601004 15.144922 1.483869
v 26.762899 14.543743 0.066944
v 27.578494 14.467698 -1.358866
v 28.044964 15.420984 -2.693027
v 28.309780 16.923642 -3.925270
v 21.883595 14.718434 4.752942
v 23.866570 15.811597 2.957734
v 25.591537 15.616728 1.424468
v 26.814729 14.897812 -0.048731
v 27.580245 14.743176 -1.382851
v 28.007318 15.569761 -2.604888
v 28.290086 16.974592 -3.870396
v 21.986460 15.131970 5.276064
v 24.001459 16.228878 3.329893
v 25.822213 15.984782 1.618217
v 27.069305 15.165736 0.020854
v 27.757788 14.944190 -1.315486
v 28.100117 15.683628 -2.506174
v 28.328917 17.016655 -3.818261
v 22.527254 15.334320 5.625128
v 24.375140 16.281553 3.763958
v 26.157906 16.033493 1.951619
v 27.377500 15.190563 0.234938
v 28.007125 14.952990 -1.196238
v 28.268999 15.695863 -2.454702
v 28.403526 17.025179 -3.799401
v 23.189191 15.206956 5.595651
v 24.768714 15.938764 4.005660
v 26.401969 15.734321 2.229369
v 27.558774 14.957751 0.468115
v 28.182192 14.764425 -1.094950
v 28.415039 15.599317 -2.480627
v 28.470209 16.995181 -3.824862
v 23.584515 14.824481 5.204904
v 24.951632 15.401315 3.913412
v 26.411437 15.262516 2.288769
v 27.506944 14.603682 0.583793
v 28.180442 14.488941 -1.070965
v 28.452684 15.450540 -2.568763
v 28.489902 16.944229 -3.879739
v 21.766276 14.162164 7.385852
v 20.586646 13.151081 8.328918
v 20.905930 13.255007 7.088412
v 21.446992 14.058233 8.626357
v 21.963011 14.091834 12.837889
v 21.148131 13.857596 13.221219
v 21.635912 13.247643 11.739119
v 21.678323 14.189690 13.318854
v 20.281927 15.743106 9.347819
v 18.840513 17.149315 9.418799
v 17.934907 19.256969 8.088014
v 16.465887 22.399719 8.000865
v 15.415121 25.817992 9.727278
v 19.841764 15.397630 9.458153
v 18.520800 16.846657 9.484555
v 17.638116 19.138746 8.105326
v 16.288353 22.320724 8.013781
v 15.349336 25.796184 9.733137
v 19.761595 14.939392 9.788093
v 18.341508 16.650741 9.841784
v 17.394656 19.167803 8.310857
v 16.167981 22.275691 8.160097
v 15.312696 25.763008 9.782066
v 20.088384 14.636823 10.144363
v 18.407669 16.676335 10.281228
v 17.347142 19.327120 8.584210
v 16.175291 22.290992 8.354101
v 15.326662 25.737897 9.845403
v 20.630698 14.667152 10.318264
v 18.680516 16.908436 10.545461
v 17.523401 19.523364 8.765257
v 16.305991 22.357663 8.482153
v 15.383056 25.735546 9.886043
v 21.070861 15.012627 10.207930
v 19.000228 17.211094 10.479704
v 17.820188 19.641590 8.747943
v 16.483527 22.436661 8.469236
v 15.448839 25.757354 9.880186
v 21.151031 15.470861 9.877991
v 19.179519 17.407010 10.122475
v 18.063650 19.612535 8.542410
v 16.603896 22.481698 8.322920
v 15.485482 25.790530 9.831254
v 20.824243 15.773440 9.521721
v 19.113361 17.381422 9.683035
v 18.111166 19.453222 8.269059
v 16.596588 22.466400 8.128916
v 15.471514 25.815648 9.767920
v 21.728811 13.346697 14.518801
v 22.713340 13.558393 16.504368
v 23.090853 13.771908 17.555125
v 23.673680 13.932178 18.606251
v 24.077569 14.040425 19.811618
v 21.973005 13.288051 14.500484
v 22.886219 13.508193 16.425522
v 23.222924 13.738036 17.518199
v 23.748556 13.909928 18.570316
v 24.106154 14.032791 19.803396
v 22.186116 13.419408 14.473371
v 23.036536 13.606705 16.345992
v 23.335340 13.810089 17.472097
v 23.813313 13.952698 18.533299
v 24.131300 14.048409 19.795229
v 22.243305 13.663814 14.453345
v 23.076233 13.796225 16.312368
v 23.362251 13.945841 17.443829
v 23.830020 14.035426 18.516885
v 24.138280 14.078130 19.791905
v 22.111073 13.878097 14.452133
v 22.982060 13.965731 16.344344
v 23.287890 14.065782 17.449949
v 23.788885 14.109658 18.530684
v 24.123003 14.104543 19.795362
v 21.866879 13.936743 14.470452
v 22.809183 14.015932 16.423190
v 23.155821 14.099654 17.486877
v 23.714009 14.131903 18.566622
v 24.094418 14.112178 19.803586
v 21.653768 13.805386 14.497565
v 22.658867 13.917424 16.502720
v 23.043404 14.027606 17.532979
v 23.649252 14.089136 18.603642
v 24.069270 14.096561 19.811753
v 21.596579 13.560985 14.517592
v 22.619169 13.727904 16.536346
v 23.016495 13.891849 17.561246
v 23.632545 14.006410 18.620054
v 24.062289 14.066837 19.815079
v 22.791805 0.410161 6.606214
v 22.893532 2.825981 7.043765
v 23.902804 1.685240 6.207659
v 21.782534 1.550902 7.442322
v 22.043962 0.808123 8.451816
v 22.118440 0.466869 9.554182
v 22.163411 0.280603 10.956161
v 22.193428 0.186216 12.506817
v 22.723782 0.568143 8.558352
v 22.610075 0.307236 9.537008
v 22.455042 0.191744 10.934879
v 22.282186 0.155320 12.509962
v 23.383488 0.877555 8.570680
v 23.066093 0.512681 9.668625
v 22.723068 0.306105 11.026981
v 22.365908 0.195082 12.525828
v 23.636631 1.555108 8.481581
v 23.219366 0.962854 9.871937
v 22.810479 0.556693 11.178517
v 22.395554 0.282211 12.545122
v 23.334921 2.203902 8.343245
v 22.980105 1.394052 10.027840
v 22.666073 0.796719 11.300715
v 22.353754 0.365666 12.556541
v 22.655100 2.443882 8.236711
v 22.488468 1.553684 10.045017
v 22.374441 0.885577 11.321998
v 22.264996 0.396562 12.553399
v 21.995396 2.134471 8.224382
v 22.032451 1.348240 9.913397
v 22.106417 0.771217 11.229894
v 22.181273 0.356800 12.537531
v 21.742253 1.456917 8.313482
v 21.879181 0.898066 9.710087
v 22.019006 0.520629 11.078359
v 22.151628 0.269671 12.518236
v 25.208467 0.872511 2.488028
v 26.191135 1.037122 1.176079
v 26.562550 0.863451 1.442890
v 27.265995 0.667082 1.740126
v 28.309410 0.595934 1.549166
v 29.405316 0.097744 0.385466
v 23.467058 0.594115 0.953030
v 24.581119 0.819617 0.123840
v 26.078233 0.631058 0.003669
v 27.278454 0.373136 0.635842
v 27.940671 0.462740 0.892514
v 28.975981 0.208472 0.380674
v 24.055832 3.084598 1.482450
v 25.262525 2.860464 0.328380
v 26.977440 2.065906 0.255309
v 27.976246 1.377642 0.970427
v 28.424446 1.140813 0.987405
v 29.375676 0.341034 0.185354
v 24.727779 2.398658 2.702585
v 25.842425 2.323263 1.352867
v 26.567062 1.913489 1.198176
v 27.335646 1.425541 1.435933
v 28.051128 1.097599 1.410906
v 29.197995 0.402853 0.530215
vt 0.297570 0.085098
vt 0.812896 0.071101
vt 0.551304 0.592590
vt 0.266964 0.160777
vt 0.291535 0.126617
vt 0.306339 0.862693
vt 0.326888 0.864918
vt 0.309728 0.877199
vt 0.310579 0.845147
vt 0.696650 0.751404
vt 0.980419 0.147285
vt 0.446438 0.170236
vt 0.691169 0.900648
vt 0.504806 0.021289
vt 0.515362 0.100350
vt 0.609382 0.014961
vt 0.147630 0.217279
vt 0.188115 0.197926
vt 0.020555 0.032744
vt 0.026217 0.018977
vt 0.025974 0.023031
vt 0.029629 0.025447
vt 0.029793 0.028455
vt 0.028622 0.031103
vt 0.026725 0.033231
vt 0.023918 0.034111
vt 0.731819 0.231174
vt 0.664545 0.217906
vt 0.796407 0.249502
vt 0.464879 0.202123
vt 0.530051 0.203807
vt 0.597303 0.208431
vt 0.230041 0.182718
vt 0.257184 0.592520
vt 0.259615 0.593945
vt 0.254151 0.594889
vt 0.246782 0.594592
vt 0.249082 0.592640
vt 0.251787 0.591851
vt 0.254523 0.591884
vt 0.673608 0.453995
vt 0.618863 0.451074
vt 0.747380 0.959017
vt 0.594391 0.536320
vt 0.584555 0.583125
vt 0.804025 0.979994
vt 0.357725 0.261334
vt 0.326071 0.263149
vt 0.120642 0.711632
vt 0.341275 0.314587
vt 0.333494 0.372816
vt 0.070487 0.644614
vt 0.081946 0.657408
vt 0.295311 0.432860
vt 0.314670 0.441493
vt 0.285450 0.536350
vt 0.274475 0.530967
vt 0.727041 0.465243
vt 0.944647 0.979664
vt 0.730386 0.935814
vt 0.835581 0.979160
vt 0.438204 0.528173
vt 0.414461 0.525002
vt 0.390495 0.528715
vt 0.370956 0.326272
vt 0.358437 0.382669
vt 0.334395 0.450504
vt 0.226158 0.533657
vt 0.452422 0.424472
vt 0.744800 0.585938
vt 0.020967 0.934524
vt 0.022902 0.936132
vt 0.024154 0.938275
vt 0.024507 0.940740
vt 0.023758 0.943175
vt 0.014477 0.932580
vt 0.016473 0.934350
vt 0.018797 0.933343
vt 0.232457 0.305085
vt 0.230373 0.362159
vt 0.232855 0.431657
vt 0.238122 0.530553
vt 0.506236 0.436445
vt 0.503527 0.520190
vt 0.460176 0.567255
vt 0.495000 0.565535
vt 0.258193 0.257326
vt 0.457878 0.613323
vt 0.455176 0.590527
vt 0.262375 0.299356
vt 0.256819 0.358175
vt 0.253793 0.427844
vt 0.250080 0.527989
vt 0.562173 0.447572
vt 0.549044 0.527779
vt 0.540369 0.573021
vt 0.292476 0.264164
vt 0.177498 0.688532
vt 0.180061 0.617918
vt 0.039106 0.638810
vt 0.274854 0.428132
vt 0.262460 0.527987
vt 0.027159 0.236599
vt 0.031051 0.236926
vt 0.030537 0.238522
vt 0.029281 0.239522
vt 0.027722 0.239895
vt 0.026126 0.239900
vt 0.024598 0.239538
vt 0.034415 0.235884
vt 0.773890 0.972085
vt 0.455182 0.544383
vt 0.917232 0.970902
vt 0.933889 0.403093
vt 0.933112 0.400194
vt 0.948390 0.403686
vt 0.945149 0.403696
vt 0.943672 0.406178
vt 0.940990 0.406714
vt 0.938181 0.406541
vt 0.935615 0.405427
vt 0.147824 0.707363
vt 0.368496 0.519601
vt 0.056301 0.636276
vt 0.752997 0.848160
vt 0.783149 0.852385
vt 0.787249 0.762646
vt 0.809142 0.770962
vt 0.816128 0.678620
vt 0.834139 0.686161
vt 0.843708 0.601581
vt 0.857848 0.607411
vt 0.871776 0.538196
vt 0.882282 0.542735
vt 0.899128 0.473383
vt 0.906058 0.476333
vt 0.938240 0.895902
vt 0.941783 0.791801
vt 0.946625 0.701175
vt 0.951301 0.618497
vt 0.949005 0.551801
vt 0.950239 0.483347
vt 0.912958 0.905093
vt 0.918799 0.795344
vt 0.927241 0.702063
vt 0.935782 0.615159
vt 0.939247 0.546894
vt 0.942982 0.482102
vt 0.885381 0.906843
vt 0.895342 0.797191
vt 0.908143 0.702708
vt 0.920074 0.612590
vt 0.927940 0.543496
vt 0.935619 0.480922
vt 0.858642 0.898374
vt 0.871773 0.795927
vt 0.888745 0.701861
vt 0.904424 0.611668
vt 0.915808 0.542348
vt 0.928196 0.480109
vt 0.835586 0.882535
vt 0.849542 0.790656
vt 0.869662 0.698927
vt 0.888769 0.611590
vt 0.904408 0.543470
vt 0.920835 0.479510
vt 0.811692 0.865128
vt 0.829295 0.781456
vt 0.851555 0.693508
vt 0.873110 0.610595
vt 0.893497 0.544600
vt 0.913391 0.478363
vt 0.355734 0.635514
vt 0.339952 0.617980
vt 0.296714 0.689753
vt 0.282419 0.679922
vt 0.219267 0.757780
vt 0.211441 0.748963
vt 0.127636 0.842816
vt 0.122234 0.837615
vt 0.376637 0.646286
vt 0.311261 0.697228
vt 0.225083 0.767926
vt 0.131821 0.848905
vt 0.397584 0.653465
vt 0.323993 0.706661
vt 0.229580 0.778964
vt 0.134762 0.855464
vt 0.415847 0.664857
vt 0.334171 0.720020
vt 0.234953 0.789945
vt 0.137770 0.862132
vt 0.315899 0.557184
vt 0.253619 0.638240
vt 0.181070 0.731873
vt 0.103369 0.826413
vt 0.326598 0.575613
vt 0.261671 0.652544
vt 0.191718 0.737267
vt 0.109577 0.830364
vt 0.332065 0.596444
vt 0.270351 0.666807
vt 0.202062 0.742289
vt 0.116039 0.833638
vt 0.109198 0.553111
vt 0.123726 0.552346
vt 0.082797 0.436852
vt 0.093273 0.433422
vt 0.067220 0.372511
vt 0.075254 0.371075
vt 0.050369 0.306594
vt 0.054928 0.304896
vt 0.094721 0.554144
vt 0.072257 0.439569
vt 0.059085 0.373870
vt 0.045723 0.308111
vt 0.080157 0.557139
vt 0.061559 0.441451
vt 0.050938 0.375403
vt 0.040929 0.309193
vt 0.065800 0.562112
vt 0.050783 0.442457
vt 0.042867 0.377070
vt 0.036031 0.309697
vt 0.051712 0.567167
vt 0.039906 0.442899
vt 0.034844 0.378556
vt 0.031096 0.309701
vt 0.037622 0.570223
vt 0.028866 0.443206
vt 0.026786 0.379404
vt 0.026154 0.309440
vt 0.138100 0.550350
vt 0.103817 0.429720
vt 0.083122 0.369113
vt 0.059546 0.303235
vt 0.095158 0.279103
vt 0.199740 0.036681
vt 0.096512 0.190973
vt 0.155204 0.025383
vt 0.066820 0.149193
vt 0.093941 0.019337
vt 0.040182 0.093705
vt 0.197496 0.068025
vt 0.149955 0.046866
vt 0.091040 0.032185
vt 0.198442 0.099079
vt 0.140664 0.067051
vt 0.084515 0.043573
vt 0.194977 0.129592
vt 0.128533 0.085918
vt 0.076322 0.054113
vt 0.181443 0.157013
vt 0.115106 0.103781
vt 0.067762 0.064557
vt 0.157379 0.175833
vt 0.100636 0.120809
vt 0.059367 0.075221
vt 0.127738 0.184871
vt 0.084742 0.136506
vt 0.050575 0.085419
vt 0.590699 0.788557
vt 0.520096 0.709448
vt 0.532832 0.807699
vt 0.450919 0.763406
vt 0.471877 0.819218
vt 0.427842 0.773110
vt 0.413442 0.833407
vt 0.395164 0.792179
vt 0.382013 0.848006
vt 0.361310 0.816088
vt 0.602592 0.906541
vt 0.532799 0.896557
vt 0.459356 0.893848
vt 0.400551 0.896004
vt 0.376457 0.894256
vt 0.493675 0.640392
vt 0.435486 0.697850
vt 0.417225 0.727099
vt 0.384517 0.757774
vt 0.356039 0.788066
vt 0.611504 0.054171
vt 0.620791 0.091499
vt 0.702065 0.075142
vt 0.678310 0.105196
vt 0.648115 0.110340
vt 0.715167 0.037956
vt 0.118201 0.245746
vt 0.027900 0.098402
vt 0.046683 0.158186
vt 0.065747 0.199286
vt 0.285073 0.045653
vt 0.017818 0.029498
vt 0.912404 0.091935
vt 0.818002 0.179442
vt 0.594883 0.667102
vt 0.772252 0.138803
vt 0.391010 0.916759
vt 0.424483 0.932159
vt 0.471841 0.937605
vt 0.516554 0.948619
vt 0.604680 0.976451
vt 0.679866 0.986620
vt 0.322422 0.889894
vt 0.291627 0.873467
vt 0.671014 0.544694
vt 0.642968 0.544998
vt 0.693103 0.598574
vt 0.868998 0.995222
vt 0.634870 0.569129
vt 0.624080 0.596309
vt 0.396262 0.200011
vt 0.693293 0.570232
vt 0.892924 0.469608
vt 0.863388 0.531317
vt 0.830513 0.593726
vt 0.797520 0.671947
vt 0.764722 0.756751
vt 0.725925 0.849692
vt 0.701652 0.922183
vt 0.930151 0.398821
vt 0.939752 0.400848
vt 0.208053 0.233246
vt 0.400596 0.238571
vt 0.744137 0.637441
vt 0.246673 0.194742
vt 0.481079 0.568595
vt 0.246115 0.216701
vt 0.230237 0.233362
vt 0.408588 0.218106
vt 0.716286 0.645655
vt 0.422915 0.201624
vt 0.296995 0.214445
vt 0.340073 0.207512
vt 0.257550 0.198650
vt 0.372435 0.193040
vt 0.141731 0.868433
vt 0.242239 0.799929
vt 0.340962 0.735339
vt 0.431396 0.680384
vt 0.477327 0.630394
vt 0.025293 0.945361
vt 0.019211 0.939200
vt 0.297715 0.374835
vt 0.288308 0.371300
vt 0.297624 0.319200
vt 0.312616 0.324836
vt 0.282174 0.363766
vt 0.308664 0.361464
vt 0.306196 0.370260
vt 0.280688 0.329148
vt 0.021202 0.309187
vt 0.018699 0.379365
vt 0.017633 0.443706
vt 0.023373 0.570193
vt 0.021953 0.646907
vt 0.023860 0.238082
vt 0.032745 0.236439
vt 0.203680 0.366081
vt 0.211508 0.435576
vt 0.193300 0.217141
vt 0.201615 0.308731
vt 0.261370 0.596399
vt 0.296265 0.542316
vt 0.458347 0.512963
vt 0.770434 0.649864
vt 0.777716 0.488366
vt 0.854874 0.276977
vt 0.860554 0.241119
vt 0.420344 0.029545
vn 0.997264 -0.063753 0.037420
vn 0.996516 0.082361 0.013155
vn 0.990970 0.132707 0.019159
vn 0.977353 0.201240 0.065448
vn 0.998680 0.011043 0.050165
vn 0.723052 -0.384148 -0.574130
vn 0.723052 -0.384148 -0.574130
vn 0.723052 -0.384148 -0.574130
vn 0.723052 -0.384148 -0.574130
vn -0.484791 0.208847 -0.849329
vn -0.423974 0.176719 -0.888266
vn -0.419283 0.170640 -0.891675
vn -0.526589 0.230245 -0.818346
vn -0.955249 0.289785 -0.059357
vn -0.955249 0.289785 -0.059357
vn -0.966000 0.238344 -0.100180
vn -0.971055 0.201013 -0.129022
vn -0.689017 0.055017 0.722654
vn -0.689017 0.055017 0.722654
vn -0.689017 0.055017 0.722654
vn -0.677128 0.125455 0.725092
vn -0.675924 0.131587 0.725129
vn -0.098397 -0.183132 0.978152
vn -0.098397 -0.183132 0.978152
vn -0.098397 -0.183132 0.978152
vn -0.098397 -0.183132 0.978152
vn -0.098397 -0.183132 0.978152
vn -0.098397 -0.183132 0.978152
vn -0.098397 -0.183132 0.978152
vn -0.098397 -0.183132 0.978152
vn 0.994071 0.086880 0.065384
vn 0.994435 0.080664 0.067763
vn 0.687319 0.245312 -0.683677
vn 0.687320 0.245312 -0.683677
vn 0.618421 0.156284 -0.770150
vn 0.616161 0.153563 -0.772505
vn -0.408055 0.144840 -0.901395
vn -0.407732 0.146496 -0.901273
vn -0.989156 0.047592 -0.138947
vn -0.986189 0.044738 -0.159465
vn -0.625629 0.063986 0.777492
vn -0.626028 0.065509 0.777044
vn 0.378402 0.513696 0.770019
vn 0.378402 0.513696 0.770019
vn 0.378402 0.513696 0.770019
vn 0.417955 0.129818 0.899145
vn 0.418066 0.118937 0.900597
vn -0.040971 0.912493 0.407036
vn -0.040930 0.912478 0.407073
vn -0.040948 0.912476 0.407075
vn -0.040924 0.912459 0.407117
vn -0.040942 0.912457 0.407120
vn -0.040947 0.912477 0.407075
vn -0.040971 0.912495 0.407031
vn 0.994436 -0.001775 0.105332
vn 0.992751 0.011312 0.119655
vn 0.993127 -0.100625 0.059781
vn 0.977362 -0.105105 0.183623
vn 0.987134 0.018854 0.158780
vn 0.951883 0.008629 0.306341
vn 0.984680 0.033682 0.171086
vn 0.971596 -0.042453 0.232805
vn 0.975014 -0.144331 0.168867
vn 0.965370 -0.090206 0.244794
vn 0.978829 -0.121467 0.164739
vn 0.985500 -0.037883 0.165392
vn 0.994456 -0.092105 0.050734
vn 0.984648 0.025204 0.172721
vn 0.985610 0.010170 0.168730
vn 0.983032 0.043916 0.178100
vn 0.981191 0.060010 0.183474
vn 0.976477 0.093242 0.194419
vn 0.976477 0.093242 0.194419
vn 0.589084 0.183487 -0.786965
vn 0.591494 0.234931 -0.771325
vn 0.581394 0.454054 -0.675141
vn 0.581394 0.454054 -0.675141
vn 0.581394 0.454054 -0.675141
vn 0.536088 0.819818 -0.201265
vn 0.536088 0.819818 -0.201265
vn 0.536088 0.819818 -0.201265
vn 0.560028 0.804766 -0.196775
vn 0.609076 0.775904 -0.164317
vn 0.527499 0.844593 -0.091698
vn 0.530323 0.834247 -0.150959
vn 0.530126 0.835116 -0.146788
vn 0.533387 0.798866 -0.278048
vn 0.533576 0.798765 -0.277977
vn 0.549810 0.735615 -0.395701
vn 0.547992 0.747523 -0.375386
vn 0.560146 0.637441 -0.529060
vn 0.562432 0.622138 -0.544623
vn 0.570529 0.462519 -0.678655
vn 0.570529 0.462519 -0.678655
vn -0.424455 0.285201 -0.859359
vn -0.420066 0.238390 -0.875622
vn -0.589862 0.491752 -0.640502
vn -0.484725 0.522578 -0.701394
vn -0.255046 0.878244 0.404524
vn -0.255046 0.878244 0.404524
vn -0.255046 0.878244 0.404524
vn -0.255046 0.878244 0.404524
vn -0.255046 0.878244 0.404524
vn -0.255046 0.878244 0.404524
vn -0.255046 0.878244 0.404524
vn -0.255046 0.878244 0.404524
vn -0.555235 0.772926 -0.307083
vn -0.547910 0.775938 -0.312593
vn -0.449833 0.807567 -0.381425
vn -0.449644 0.807659 -0.381453
vn -0.444354 0.755515 -0.481401
vn -0.442165 0.743960 -0.501012
vn -0.424674 0.628922 -0.651237
vn -0.425525 0.643767 -0.635997
vn -0.405761 0.466453 -0.785990
vn -0.405761 0.466453 -0.785990
vn -0.993870 0.066234 -0.088513
vn -0.993873 0.056375 -0.095069
vn -0.991356 -0.032466 -0.127119
vn -0.993972 0.074947 -0.080011
vn -0.989762 -0.047823 -0.134478
vn -0.986161 0.159793 -0.044198
vn -0.976471 0.164318 -0.139656
vn -0.965486 0.258599 -0.031036
vn -0.953176 0.301684 0.021011
vn -0.989565 0.097592 -0.106007
vn -0.993246 0.076282 -0.087421
vn -0.998628 0.028593 -0.043870
vn -0.998728 0.026557 -0.042865
vn -0.998354 0.038000 -0.042950
vn -0.998143 0.045834 -0.040131
vn -0.996875 0.072281 -0.031869
vn -0.997662 0.058020 -0.036100
vn -0.994521 0.101973 -0.023020
vn -0.994521 0.101973 -0.023020
vn -0.590167 -0.200336 0.782028
vn -0.588293 -0.134348 0.797410
vn -0.562908 -0.564574 0.603648
vn -0.562800 -0.538123 0.627440
vn -0.444989 -0.887036 0.123097
vn -0.444989 -0.887036 0.123097
vn -0.400517 -0.893653 0.202414
vn -0.415766 -0.892266 0.176065
vn -0.370818 -0.878962 0.299865
vn -0.432858 -0.814762 0.385743
vn -0.460126 -0.779720 0.424643
vn -0.438461 -0.812379 0.384437
vn -0.449509 -0.796306 0.404770
vn -0.492184 -0.724875 0.481988
vn -0.506095 -0.696352 0.508883
vn -0.559913 -0.491504 0.667024
vn -0.557421 -0.527252 0.641317
vn -0.551785 -0.257791 0.793144
vn -0.551785 -0.257791 0.793144
vn 0.412143 -0.165036 0.896047
vn 0.412925 -0.219470 0.883927
vn 0.402121 -0.542281 0.737719
vn 0.407870 -0.566916 0.715715
vn 0.395227 -0.894845 0.207482
vn 0.395227 -0.894845 0.207482
vn 0.388248 -0.879922 0.273863
vn 0.383287 -0.869205 0.312369
vn 0.286051 0.040000 0.957379
vn 0.286051 0.040000 0.957379
vn 0.286051 0.040000 0.957379
vn 0.286051 0.040000 0.957379
vn 0.286051 0.040000 0.957379
vn 0.286051 0.040000 0.957379
vn 0.286051 0.040000 0.957379
vn 0.286051 0.040000 0.957379
vn 0.420322 -0.638189 0.645015
vn 0.426870 -0.663580 0.614365
vn 0.400911 -0.533251 0.744925
vn 0.398328 -0.498594 0.769895
vn 0.365509 -0.261561 0.893302
vn 0.365509 -0.261561 0.893302
vn 0.956864 0.013627 0.290217
vn 0.420442 -0.626779 0.656030
vn 0.420442 -0.626779 0.656030
vn -0.559779 -0.630816 0.537326
vn -0.559779 -0.630816 0.537326
vn -0.748043 0.421064 -0.512969
vn -0.664993 0.448532 -0.597162
vn -0.682305 0.443593 -0.581107
vn -0.748043 0.421064 -0.512969
vn 0.082238 0.744867 -0.662125
vn 0.082238 0.744867 -0.662125
vn 0.082238 0.744867 -0.662125
vn 0.082238 0.744867 -0.662125
vn 0.082238 0.744867 -0.662125
vn 0.082238 0.744867 -0.662125
vn 0.082238 0.744867 -0.662125
vn 0.082238 0.744867 -0.662125
vn 0.519552 -0.821520 0.234882
vn 0.488463 -0.829549 0.270653
vn 0.371012 -0.842473 0.390626
vn -0.613539 0.745405 -0.260655
vn -0.613539 0.745405 -0.260655
vn -0.613539 0.745405 -0.260655
vn 0.444411 -0.744556 0.498132
vn 0.444411 -0.744556 0.498132
vn 0.444411 -0.744556 0.498132
vn 0.722870 -0.507193 -0.469270
vn 0.722870 -0.507193 -0.469270
vn 0.722870 -0.507193 -0.469270
vn 0.722870 -0.507193 -0.469270
vn 0.344493 -0.933635 -0.098233
vn 0.344493 -0.933635 -0.098233
vn 0.202656 -0.979233 -0.005839
vn 0.208671 -0.977938 -0.009680
vn -0.033414 -0.983969 0.175181
vn -0.025362 -0.985746 0.166317
vn -0.050822 -0.984126 0.170038
vn -0.057640 -0.981958 0.180100
vn 0.035192 -0.998503 0.041873
vn 0.035192 -0.998503 0.041873
vn 0.249628 -0.823118 -0.510061
vn 0.249628 -0.823118 -0.510061
vn 0.259446 -0.749805 -0.608671
vn 0.258327 -0.760588 -0.595629
vn 0.266830 -0.614647 -0.742301
vn 0.266830 -0.614647 -0.742301
vn -0.293897 -0.574229 -0.764124
vn -0.293897 -0.574229 -0.764124
vn -0.267898 -0.614376 -0.742140
vn -0.231642 -0.665847 -0.709218
vn -0.289021 -0.758021 -0.584698
vn -0.333944 -0.770015 -0.543653
vn -0.544728 -0.769111 -0.334275
vn -0.535012 -0.771681 -0.343905
vn -0.624652 -0.736930 -0.258348
vn -0.633167 -0.734375 -0.244526
vn -0.536912 -0.716842 -0.444817
vn -0.551509 -0.724208 -0.413957
vn -0.452821 -0.612033 -0.648359
vn -0.459237 -0.586387 -0.667272
vn -0.475344 -0.507047 -0.718993
vn -0.475344 -0.507047 -0.718993
vn -0.775202 -0.335834 -0.535049
vn -0.775202 -0.335834 -0.535049
vn -0.760442 -0.272095 -0.589654
vn -0.688657 -0.081329 -0.720511
vn -0.657827 -0.033947 -0.752404
vn -0.662898 -0.069800 -0.745449
vn -0.725131 -0.096913 -0.681758
vn -0.717848 -0.097749 -0.689304
vn -0.836130 -0.058703 -0.545382
vn -0.805490 -0.078262 -0.587418
vn -0.904136 -0.031714 -0.426066
vn -0.890495 -0.033369 -0.453768
vn -0.942398 -0.036936 -0.332449
vn -0.949643 -0.053619 -0.308713
vn -0.955140 -0.067779 -0.288295
vn -0.955140 -0.067779 -0.288295
vn -0.979169 0.134896 -0.151763
vn -0.979169 0.134896 -0.151763
vn -0.979169 0.134896 -0.151763
vn -0.979169 0.134896 -0.151763
vn -0.692962 0.610902 -0.382888
vn -0.692962 0.610902 -0.382888
vn -0.632758 0.628911 -0.451761
vn -0.587431 0.638251 -0.497554
vn -0.456914 0.633322 -0.624607
vn -0.456996 0.633444 -0.624422
vn -0.516204 0.645980 -0.562355
vn -0.491322 0.634613 -0.596547
vn -0.601462 0.677756 -0.422955
vn -0.601462 0.677756 -0.422955
vn -0.786502 0.601588 0.139662
vn -0.786502 0.601588 0.139662
vn -0.810859 0.554509 0.187156
vn -0.827115 0.515550 0.223807
vn -0.851338 0.435067 0.293156
vn -0.851338 0.435067 0.293156
vn -0.322998 0.732607 0.599132
vn -0.322998 0.732607 0.599132
vn -0.322998 0.732607 0.599132
vn -0.322998 0.732607 0.599132
vn -0.364674 0.922656 0.125375
vn -0.364674 0.922656 0.125375
vn -0.220870 0.975087 0.020550
vn -0.206149 0.978469 0.010085
vn 0.071382 0.974467 -0.212883
vn 0.078721 0.972019 -0.221317
vn 0.130930 0.952188 -0.276035
vn 0.125092 0.955032 -0.268821
vn 0.029896 0.988278 -0.149711
vn 0.029896 0.988278 -0.149711
vn -0.231392 0.856530 0.461318
vn -0.231392 0.856530 0.461318
vn -0.241384 0.803357 0.544382
vn -0.242677 0.794708 0.556370
vn -0.252516 0.700524 0.667459
vn -0.252516 0.700524 0.667459
vn 0.191659 0.639343 0.744652
vn 0.191659 0.639343 0.744653
vn 0.211790 0.722127 0.658542
vn 0.201444 0.679310 0.705662
vn 0.373320 0.792364 0.482484
vn 0.339218 0.789846 0.510955
vn 0.576929 0.763864 0.289250
vn 0.593962 0.757278 0.271549
vn 0.692046 0.704537 0.157161
vn 0.687765 0.707313 0.163367
vn 0.633663 0.720541 0.281587
vn 0.608896 0.720208 0.332486
vn 0.503584 0.647488 0.571982
vn 0.503158 0.660866 0.556855
vn 0.503146 0.588980 0.632413
vn 0.503146 0.588980 0.632413
vn 0.741780 0.136419 0.656622
vn 0.806924 0.269709 0.525481
vn 0.724795 0.098563 0.681878
vn 0.702320 0.069909 0.708420
vn 0.787499 0.098987 0.608315
vn 0.795874 0.095040 0.597956
vn 0.867080 0.054950 0.495129
vn 0.897774 0.031144 0.439354
vn 0.944894 0.017452 0.326912
vn 0.954975 0.026417 0.295507
vn 0.974647 0.109919 0.194887
vn 0.976923 0.073931 0.200386
vn 0.971380 0.143130 0.189562
vn 0.971381 0.143130 0.189562
vn 0.941398 -0.307404 -0.138828
vn 0.941398 -0.307404 -0.138828
vn 0.647704 -0.636535 0.418692
vn 0.647704 -0.636535 0.418692
vn 0.586750 -0.642397 0.493002
vn 0.612132 -0.640738 0.463410
vn 0.529288 -0.638526 0.558694
vn 0.530188 -0.638925 0.557383
vn 0.569792 -0.660248 0.489295
vn 0.585263 -0.667398 0.460485
vn 0.650665 -0.691338 0.314145
vn 0.650665 -0.691338 0.314145
vn 0.794016 -0.569334 -0.213068
vn 0.794016 -0.569334 -0.213068
vn 0.833841 -0.461504 -0.302858
vn 0.814894 -0.520038 -0.255945
vn 0.854667 -0.354888 -0.378944
vn 0.854667 -0.354888 -0.378944
vn -0.569203 0.469912 -0.674678
vn -0.569203 0.469912 -0.674678
vn -0.140719 -0.102558 -0.984723
vn -0.140719 -0.102558 -0.984723
vn 0.087747 -0.350803 -0.932329
vn -0.016661 -0.241132 -0.970349
vn 0.048937 -0.210339 -0.976403
vn 0.128703 -0.346662 -0.929118
vn -0.147063 0.189593 -0.970787
vn -0.089601 0.056347 -0.994383
vn -0.227407 0.382077 -0.895714
vn -0.227407 0.382077 -0.895714
vn -0.913387 0.030147 -0.405974
vn -0.913387 0.030147 -0.405974
vn -0.913387 0.030147 -0.405974
vn -0.913387 0.030147 -0.405974
vn -0.569634 -0.477093 -0.669253
vn -0.569634 -0.477093 -0.669253
vn -0.568143 -0.521619 -0.636495
vn -0.567700 -0.529304 -0.630518
vn -0.619531 -0.435834 -0.652863
vn -0.604857 -0.477549 -0.637255
vn -0.745465 -0.095339 -0.659691
vn -0.692390 -0.226221 -0.685143
vn -0.792845 0.085263 -0.603429
vn -0.792845 0.085263 -0.603429
vn -0.824207 -0.534015 0.188443
vn -0.824207 -0.534015 0.188443
vn -0.800776 -0.572631 0.175647
vn -0.793374 -0.584013 0.171718
vn -0.830173 -0.539618 0.140090
vn -0.896683 -0.425278 0.122875
vn -0.941670 -0.325236 0.086485
vn -0.939607 -0.332602 0.080716
vn -0.945125 -0.320767 0.062019
vn -0.938350 -0.340571 0.059248
vn -0.961127 -0.267274 0.069272
vn -0.961127 -0.267274 0.069272
vn 0.018440 -0.795421 0.605777
vn 0.018440 -0.795420 0.605777
vn 0.018440 -0.795421 0.605777
vn 0.018440 -0.795420 0.605777
vn -0.346001 -0.366911 0.863516
vn -0.346001 -0.366911 0.863516
vn -0.346001 -0.366910 0.863516
vn -0.346001 -0.366910 0.863516
vn -0.751678 0.112566 0.649854
vn -0.751678 0.112566 0.649853
vn -0.727123 0.042596 0.685184
vn -0.681194 -0.062667 0.729416
vn -0.584028 -0.275984 0.763377
vn -0.576502 -0.296171 0.761530
vn -0.510609 -0.444712 0.735874
vn -0.510609 -0.444712 0.735874
vn 0.630141 -0.582346 0.513610
vn 0.630141 -0.582346 0.513610
vn 0.630141 -0.582346 0.513610
vn 0.630141 -0.582346 0.513610
vn 0.181482 0.054003 0.981910
vn 0.181482 0.054003 0.981910
vn 0.181482 0.054003 0.981910
vn 0.181482 0.054003 0.981910
vn -0.218691 0.487200 0.845464
vn -0.218691 0.487200 0.845464
vn -0.167383 0.407920 0.897543
vn -0.091475 0.287657 0.953355
vn 0.066166 0.000985 0.997808
vn 0.126101 -0.136399 0.982596
vn 0.206665 -0.327091 0.922118
vn 0.206665 -0.327091 0.922118
vn 0.930442 -0.113712 0.348350
vn 0.930442 -0.113712 0.348350
vn 0.930442 -0.113712 0.348350
vn 0.930442 -0.113712 0.348350
vn 0.571775 0.475510 0.668553
vn 0.571775 0.475510 0.668553
vn 0.543368 0.556189 0.628812
vn 0.545625 0.550417 0.631929
vn 0.551820 0.566765 0.611778
vn 0.574242 0.523526 0.629418
vn 0.673643 0.302773 0.674191
vn 0.731646 0.165785 0.661218
vn 0.782937 -0.019526 0.621794
vn 0.782937 -0.019526 0.621794
vn 0.720410 0.683638 -0.116823
vn 0.727969 0.674384 -0.123558
vn 0.844624 0.524053 -0.109454
vn 0.763108 0.638808 -0.097932
vn 0.906118 0.409885 -0.104619
vn 0.909632 0.401046 -0.108316
vn 0.903175 0.421082 -0.083455
vn 0.912379 0.401749 -0.078495
vn 0.936117 0.345778 -0.064201
vn 0.936117 0.345778 -0.064201
vn 0.002667 0.779645 -0.626216
vn 0.002667 0.779645 -0.626216
vn 0.002667 0.779645 -0.626216
vn 0.002667 0.779645 -0.626216
vn 0.326991 0.407679 -0.852570
vn 0.326991 0.407679 -0.852570
vn 0.326991 0.407679 -0.852570
vn 0.326991 0.407679 -0.852570
vn 0.744725 -0.093970 -0.660723
vn 0.744725 -0.093970 -0.660723
vn 0.642842 0.135387 -0.753939
vn 0.705679 0.008124 -0.708485
vn 0.537781 0.358115 -0.763247
vn 0.545081 0.337615 -0.767400
vn 0.472932 0.509520 -0.718836
vn 0.472932 0.509520 -0.718836
vn -0.382117 -0.922985 0.045661
vn -0.382117 -0.922985 0.045661
vn -0.322238 -0.941257 0.100986
vn -0.343854 -0.935494 0.081333
vn -0.192791 -0.956862 0.217362
vn -0.191903 -0.956762 0.218586
vn -0.169801 -0.953739 0.248094
vn -0.169284 -0.953622 0.248892
vn -0.186252 -0.958808 0.214469
vn -0.187570 -0.959201 0.211545
vn -0.211435 -0.964627 0.157451
vn -0.211435 -0.964627 0.157451
vn 0.663973 -0.738050 -0.120091
vn 0.682464 -0.721455 -0.117245
vn 0.513371 -0.852173 -0.101248
vn 0.516383 -0.851361 -0.092377
vn 0.530652 -0.846656 -0.039773
vn 0.530379 -0.846791 -0.040529
vn 0.508429 -0.855567 -0.097495
vn 0.509920 -0.855124 -0.093508
vn 0.519883 -0.851672 -0.066159
vn 0.519883 -0.851672 -0.066159
vn 0.976102 -0.060026 -0.208860
vn 0.974158 -0.067157 -0.215655
vn 0.909145 -0.243805 -0.337660
vn 0.914633 -0.242927 -0.323161
vn 0.933988 -0.241571 -0.263266
vn 0.926880 -0.244330 -0.284949
vn 0.911879 -0.249843 -0.325661
vn 0.919023 -0.247878 -0.306518
vn 0.945911 -0.237962 -0.220513
vn 0.945911 -0.237962 -0.220513
vn 0.866316 0.499318 -0.013348
vn 0.866316 0.499318 -0.013348
vn 0.840967 0.504905 -0.194540
vn 0.824749 0.502746 -0.258915
vn 0.792776 0.498148 -0.351219
vn 0.792641 0.498073 -0.351631
vn 0.803558 0.508213 -0.309863
vn 0.799069 0.507161 -0.322918
vn 0.800551 0.504459 -0.323480
vn 0.800567 0.504460 -0.323439
vn 0.834747 0.505373 -0.218623
vn 0.834747 0.505373 -0.218623
vn 0.170611 0.964803 0.200119
vn 0.170611 0.964803 0.200119
vn 0.197544 0.979922 0.026999
vn 0.204148 0.978673 -0.022850
vn 0.216046 0.965562 -0.144960
vn 0.216279 0.965514 -0.144938
vn 0.212067 0.966752 -0.142891
vn 0.212199 0.966784 -0.142477
vn 0.228102 0.967367 -0.110317
vn 0.226246 0.967384 -0.113930
vn 0.252238 0.965648 -0.062453
vn 0.252238 0.965648 -0.062453
vn -0.453387 0.850152 0.267737
vn -0.453387 0.850152 0.267737
vn -0.468717 0.852624 0.230948
vn -0.472026 0.852989 0.222714
vn -0.490644 0.855160 0.167240
vn -0.489510 0.855002 0.171323
vn -0.489473 0.859945 0.144604
vn -0.488483 0.860112 0.146943
vn -0.467232 0.862891 0.192647
vn -0.465995 0.862851 0.195795
vn -0.479240 0.862748 0.161227
vn -0.479240 0.862748 0.161227
vn -0.798866 0.498333 0.336863
vn -0.798866 0.498333 0.336863
vn -0.849839 0.353627 0.390797
vn -0.849533 0.354772 0.390422
vn -0.886591 0.247499 0.390770
vn -0.883636 0.247410 0.397462
vn -0.885376 0.256189 0.387912
vn -0.892780 0.254394 0.371790
vn -0.876110 0.258484 0.406960
vn -0.868658 0.259927 0.421748
vn -0.915422 0.248424 0.316682
vn -0.915422 0.248424 0.316682
vn -0.832249 -0.529618 0.163913
vn -0.832249 -0.529618 0.163913
vn -0.807493 -0.513329 0.290600
vn -0.819207 -0.521000 0.239705
vn -0.766889 -0.489507 0.415048
vn -0.766621 -0.489158 0.415952
vn -0.755374 -0.494112 0.430422
vn -0.762424 -0.496885 0.414504
vn -0.761083 -0.493712 0.420714
vn -0.758397 -0.492911 0.426466
vn -0.803948 -0.504629 0.314671
vn -0.803948 -0.504629 0.314671
vn -0.344360 -0.936758 0.062455
vn -0.344360 -0.936758 0.062455
vn -0.344360 -0.936758 0.062455
vn -0.344360 -0.936758 0.062455
vn -0.292209 -0.917183 -0.270903
vn -0.292209 -0.917183 -0.270903
vn -0.298756 -0.931990 -0.205280
vn -0.299238 -0.933026 -0.199797
vn -0.304628 -0.947635 -0.095860
vn -0.304433 -0.948069 -0.092115
vn -0.302186 -0.951739 -0.053639
vn -0.302186 -0.951739 -0.053639
vn 0.459869 -0.885058 0.072068
vn 0.459869 -0.885058 0.072068
vn 0.455611 -0.890090 0.012581
vn 0.454275 -0.890858 -0.002485
vn 0.423476 -0.899169 -0.110286
vn 0.424365 -0.897865 -0.117272
vn 0.405877 -0.913860 -0.011074
vn 0.407283 -0.913166 -0.015752
vn 0.395008 -0.918362 0.024057
vn 0.395008 -0.918362 0.024057
vn 0.930936 -0.352900 0.093916
vn 0.930073 -0.351732 0.106062
vn 0.914842 -0.373514 0.153465
vn 0.920793 -0.361348 0.146859
vn 0.899691 -0.399497 0.175947
vn 0.902763 -0.395805 0.168399
vn 0.895161 -0.404737 0.186746
vn 0.895161 -0.404737 0.186746
vn 0.902434 0.361361 0.234587
vn 0.887842 0.372445 0.270224
vn 0.846154 0.370740 0.382852
vn 0.833037 0.393334 0.389021
vn 0.866787 0.350685 0.354543
vn 0.864348 0.341723 0.368956
vn 0.869241 0.360705 0.338099
vn 0.869241 0.360705 0.338099
vn 0.412164 0.868391 0.275713
vn 0.412164 0.868391 0.275713
vn 0.336664 0.867017 0.367340
vn 0.335437 0.866898 0.368742
vn 0.267913 0.847921 0.457441
vn 0.265075 0.849314 0.456510
vn 0.290934 0.852899 0.433499
vn 0.290186 0.848079 0.443345
vn 0.294591 0.878934 0.375087
vn 0.294591 0.878934 0.375087
vn -0.388005 0.893036 0.227900
vn -0.388005 0.893036 0.227901
vn -0.414681 0.850154 0.324466
vn -0.411900 0.855532 0.313694
vn -0.438422 0.815651 0.377492
vn -0.443308 0.813077 0.377337
vn -0.466956 0.808607 0.357919
vn -0.465392 0.814806 0.345690
vn -0.457679 0.839621 0.292517
vn -0.457679 0.839621 0.292517
vn -0.933013 0.359555 -0.014349
vn -0.933013 0.359555 -0.014349
vn -0.935214 0.331617 0.124113
vn -0.936542 0.341202 0.080440
vn -0.935141 0.302175 0.184936
vn -0.944895 0.276537 0.175215
vn -0.955572 0.247622 0.159892
vn -0.955554 0.255157 0.147690
vn -0.955345 0.262486 0.135710
vn -0.955345 0.262486 0.135710
vn -0.932903 -0.359402 -0.022851
vn -0.932903 -0.359402 -0.022851
vn -0.910214 -0.409907 -0.059043
vn -0.920696 -0.387888 -0.043138
vn -0.886534 -0.457184 -0.070987
vn -0.882839 -0.465697 -0.061009
vn -0.873442 -0.485720 -0.034281
vn -0.871683 -0.489410 -0.025452
vn -0.868410 -0.495745 -0.010020
vn -0.868410 -0.495745 -0.010020
vn 0.180704 -0.981579 -0.062046
vn 0.180704 -0.981579 -0.062046
vn 0.174706 -0.983416 -0.048684
vn 0.173597 -0.983731 -0.046222
vn 0.122138 -0.992310 0.020092
vn 0.008546 -0.990936 0.134059
vn -0.246145 -0.917602 0.312121
vn -0.309963 -0.911516 0.270299
vn -0.248751 -0.935910 0.249391
vn -0.198689 -0.948208 0.247838
vn -0.058308 -0.970733 0.232975
vn -0.077713 -0.969609 0.231989
vn -0.160883 -0.960575 0.226741
vn -0.160883 -0.960575 0.226741
vn -0.609058 0.279337 -0.742307
vn -0.607654 0.277920 -0.743987
vn -0.621460 0.291959 -0.727013
vn -0.621460 0.291959 -0.727013
vn -0.017378 0.137878 -0.990297
vn -0.017378 0.137878 -0.990297
vn -0.017378 0.137878 -0.990297
vn -0.017378 0.137878 -0.990297
vn 0.484839 -0.108865 -0.867801
vn 0.484839 -0.108865 -0.867801
vn 0.380718 -0.025887 -0.924329
vn 0.475401 -0.101094 -0.873942
vn 0.247717 0.072641 -0.966105
vn 0.247717 0.072641 -0.966105
vn -0.395743 0.324882 -0.858976
vn -0.395743 0.324882 -0.858976
vn -0.395743 0.324882 -0.858976
vn -0.395743 0.324882 -0.858976
vn 0.277042 0.903293 0.327579
vn 0.277042 0.903293 0.327579
vn 0.317887 0.897668 0.305189
vn 0.336902 0.894330 0.294398
vn 0.414039 0.872101 0.260792
vn 0.411586 0.873279 0.260732
vn 0.425853 0.856859 0.290590
vn 0.417449 0.857053 0.301989
vn 0.382935 0.852294 0.356309
vn 0.386841 0.837672 0.385563
vn 0.580246 0.631989 0.513716
vn 0.673476 0.535513 0.509565
vn 0.726917 0.426972 0.537854
vn 0.731443 0.448487 0.513664
vn 0.695739 0.092283 0.712342
vn 0.695739 0.092283 0.712342
vn 0.748046 0.124939 0.651780
vn 0.717866 0.105788 0.688097
vn 0.775058 0.142928 0.615513
vn 0.775058 0.142928 0.615513
vn -0.093780 0.015127 0.995478
vn -0.093780 0.015127 0.995478
vn -0.168605 0.200969 0.964979
vn -0.147764 0.148286 0.977843
vn -0.032751 0.323857 0.945539
vn -0.038049 0.323020 0.945627
vn 0.192107 0.350596 0.916612
vn 0.192107 0.350596 0.916612
vn 0.723669 0.413194 0.552787
vn 0.723669 0.413194 0.552787
s 1
g tree5
usemtl lambert18SG
f 3156/4216/7642 3157/3931/7643 3163/4226/7644 3162/4214/7645 3379/4213/7646
s off
f 3418/3935/7647 3424/3936/7648 3430/3937/7649 3436/4234/7650
s 2
f 3158/4223/7651 3159/3940/7652 3165/4298/7653 3164/4224/7654
s 3
f 3159/4299/7655 3160/3943/7656 3166/3944/7657 3165/3941/7658
s 4
f 3160/3943/7659 3161/3945/7660 3380/4211/7661 3167/4212/7662 3166/3944/7663
s off
f 3384/3948/7664 3388/4222/7665 3392/3950/7666 3396/3951/7667 3400/3952/7668 3404/3953/7669 3408/3954/7670 3412/3955/7671
s 1
f 3162/4214/7645 3163/4226/7644 3169/3956/7672 3168/3957/7673
s 5
f 3163/4226/7674 3164/4224/7675 3170/3958/7676 3169/3956/7677
s 2
f 3164/4224/7654 3165/4298/7653 3171/4297/7678 3170/3958/7679
s 3
f 3165/3941/7658 3166/3944/7657 3172/3960/7680 3171/3959/7681
s 4
f 3166/3944/7663 3167/4212/7662 3173/3961/7682 3172/3960/7683
s 6
f 3167/4212/7684 3378/4215/7685 3162/4214/7686 3168/3957/7687 3173/3961/7688
s 7
f 3179/3963/7689 3185/3964/7690 3186/3965/7691
f 3185/3964/7690 3192/4292/7692 3186/3965/7691
f 3192/3966/7692 3198/3967/7693 3186/3965/7691
f 3198/3967/7693 3204/3968/7694 3186/3965/7691
f 3204/3968/7694 3210/3969/7695 3186/3965/7691
f 3210/3969/7695 3179/3963/7689 3186/3965/7691
s 1
f 3168/3957/7673 3169/3956/7672 3180/3970/7696 3174/3971/7697
f 3174/3971/7697 3180/3970/7696 3211/4236/7698 3212/3973/7699
f 3175/4263/7700 3181/4265/7701 3218/3976/7702 3219/3977/7703
f 3176/4276/7704 3182/3979/7705 3227/3980/7706 3228/4279/7707 3293/4278/7708
f 3177/3983/7709 3183/3984/7710 3184/3985/7711 3178/3986/7712
f 3178/3986/7712 3184/3985/7711 3185/3964/7713 3179/3963/7714
s 5
f 3169/3956/7677 3170/3958/7676 3187/3987/7715 3180/3970/7716
f 3180/3970/7716 3187/3987/7715 3216/4242/7717 3232/4235/7718 3211/4236/7719
s 8
f 3181/4265/7720 3229/4241/7721 3188/4261/7722 3289/4259/7723 3217/4253/7724 3218/3976/7725
f 3182/3979/7726 3189/3994/7727 3226/3995/7728 3227/3980/7729
f 3183/3984/7730 3190/3996/7731 3191/4293/7732 3184/3985/7733
f 3184/3985/7733 3191/4293/7732 3192/4292/7734 3185/3964/7735
s 2
f 3170/3958/7679 3171/4297/7678 3193/4296/7736 3187/3987/7737
f 3187/3987/7737 3193/4296/7736 3215/3999/7738 3216/4242/7739
s off
f 3301/4000/7740 3306/4001/7741 3311/4002/7742 3316/4003/7743 3321/4004/7744 3326/4272/7745 3331/4006/7746 3336/4007/7747
s 9
f 3189/4291/7748 3195/4008/7749 3225/4009/7750 3226/4288/7751
f 3190/4289/7752 3196/4010/7753 3197/4011/7754 3191/3997/7755
f 3191/3997/7755 3197/4011/7754 3198/3967/7756 3192/3966/7757
s 3
f 3171/3959/7681 3172/3960/7680 3199/4012/7758 3193/3998/7759
f 3193/3998/7759 3199/4012/7758 3214/4013/7760 3215/4294/7761
f 3194/4255/7762 3200/4264/7763 3221/4016/7764 3222/4258/7765 3290/4257/7766
f 3195/4008/7767 3201/4019/7768 3224/4020/7769 3225/4009/7770
f 3196/4010/7771 3202/4021/7772 3203/4022/7773 3197/4011/7774
f 3197/4011/7774 3203/4022/7773 3204/3968/7775 3198/3967/7776
s 4
f 3172/3960/7683 3173/3961/7682 3205/4023/7777 3199/4012/7778
f 3199/4012/7778 3205/4023/7777 3213/4024/7779 3214/4013/7780
s 10
f 3200/4264/7781 3206/4262/7782 3220/4026/7783 3221/4016/7784
f 3201/4019/7785 3207/4280/7786 3294/4277/7787 3223/4274/7788 3224/4020/7789
f 3202/4021/7790 3208/4030/7791 3209/4031/7792 3203/4022/7793
f 3203/4022/7793 3209/4031/7792 3210/3969/7794 3204/3968/7795
s 6
f 3173/3961/7688 3168/3957/7687 3174/3971/7796 3205/4023/7797
f 3205/4023/7797 3174/3971/7796 3212/3973/7798 3213/4024/7799
s 11
f 3206/4262/7800 3175/4263/7801 3219/3977/7802 3220/4026/7803
s off
f 3341/4032/7804 3346/4033/7805 3351/4034/7806 3356/4035/7807 3361/4036/7808 3366/4037/7809 3371/4038/7810 3376/4286/7811
s 12
f 3208/4030/7812 3177/3983/7813 3178/3986/7814 3209/4031/7815
f 3209/4031/7815 3178/3986/7814 3179/3963/7816 3210/3969/7817
s 1
f 3212/3973/7699 3211/4236/7698 3230/4239/7818 3181/4240/7701 3175/3974/7700
s 6
f 3213/4024/7799 3212/3973/7798 3175/3974/7819 3206/4025/7820
s 4
f 3214/4013/7780 3213/4024/7779 3206/4025/7821 3200/4015/7822
s 3
f 3215/4294/7761 3214/4013/7760 3200/4015/7763 3194/4256/7762
s 2
f 3216/4242/7739 3215/3999/7738 3194/4295/7823 3291/4254/7824 3188/4260/7825 3231/4237/7826
s off
f 3246/4043/7827 3239/4044/7828 3253/4251/7829 3260/4046/7830 3267/4047/7831 3274/4048/7832 3281/4049/7833 3288/4050/7834
s 8
f 3218/3976/7725 3217/4253/7724 3189/3994/7727 3182/3979/7726
s 1
f 3219/3977/7703 3218/3976/7702 3182/3979/7705 3176/4276/7704
s 11
f 3220/4026/7803 3219/3977/7802 3176/4276/7835 3295/4275/7836 3207/4280/7837
s 10
f 3221/4016/7784 3220/4026/7783 3207/4280/7786 3201/4019/7785
s 3
f 3222/4258/7765 3221/4016/7764 3201/4019/7768 3195/4008/7767
s 9
f 3217/4290/7838 3292/4252/7839 3222/4258/7840 3195/4008/7749 3189/4291/7748
s 10
f 3224/4020/7789 3223/4274/7788 3208/4030/7791 3202/4021/7790
s 3
f 3225/4009/7770 3224/4020/7769 3202/4021/7772 3196/4010/7771
s 9
f 3226/4288/7751 3225/4009/7750 3196/4010/7753 3190/4289/7752
s 8
f 3227/3980/7729 3226/3995/7728 3190/3996/7731 3183/3984/7730
s 1
f 3228/4279/7707 3227/3980/7706 3183/3984/7710 3177/3983/7709
s 12
f 3223/4274/7841 3296/4273/7842 3228/4279/7843 3177/3983/7813 3208/4030/7812
s off
f 3211/3972/7844 3232/3989/7845 3233/4054/7846 3240/4055/7847
s 13
f 3240/4055/7848 3233/4054/7849 3234/4056/7850 3241/4057/7851
f 3241/4057/7851 3234/4056/7850 3235/4058/7852 3242/4059/7853
f 3242/4059/7853 3235/4058/7852 3236/4060/7854 3243/4061/7855
f 3243/4061/7855 3236/4060/7854 3237/4062/7856 3244/4063/7857
s 14
f 3244/4063/7858 3237/4062/7859 3238/4064/7860 3245/4065/7861
f 3245/4065/7861 3238/4064/7860 3239/4044/7862 3246/4043/7863
s 15
f 3232/3989/7864 3216/4249/7865 3247/4248/7866 3233/4054/7867
f 3233/4054/7867 3247/4248/7866 3248/4247/7868 3234/4056/7869
f 3234/4056/7869 3248/4247/7868 3249/4246/7870 3235/4058/7871
f 3235/4058/7871 3249/4246/7870 3250/4245/7872 3236/4060/7873
f 3236/4060/7873 3250/4245/7872 3251/4244/7874 3237/4062/7875
f 3237/4062/7875 3251/4244/7874 3252/4243/7876 3238/4064/7877
f 3238/4064/7877 3252/4243/7876 3253/4250/7878 3239/4044/7879
s 16
f 3216/3988/7880 3231/4042/7881 3254/4072/7882 3247/4066/7883
f 3247/4066/7883 3254/4072/7882 3255/4073/7884 3248/4067/7885
f 3248/4067/7885 3255/4073/7884 3256/4074/7886 3249/4068/7887
f 3249/4068/7887 3256/4074/7886 3257/4075/7888 3250/4069/7889
f 3250/4069/7889 3257/4075/7888 3258/4076/7890 3251/4070/7891
f 3251/4070/7891 3258/4076/7890 3259/4077/7892 3252/4071/7893
f 3252/4071/7893 3259/4077/7892 3260/4046/7894 3253/4045/7895
s off
f 3231/4042/7896 3188/4238/7897 3261/4078/7898 3254/4072/7899
s 17
f 3254/4072/7900 3261/4078/7901 3262/4079/7902 3255/4073/7903
f 3255/4073/7903 3262/4079/7902 3263/4080/7904 3256/4074/7905
f 3256/4074/7905 3263/4080/7904 3264/4081/7906 3257/4075/7907
f 3257/4075/7907 3264/4081/7906 3265/4082/7908 3258/4076/7909
s 18
f 3258/4076/7910 3265/4082/7911 3266/4083/7912 3259/4077/7913
f 3259/4077/7913 3266/4083/7912 3267/4047/7914 3260/4046/7915
s off
f 3188/4238/7916 3229/3990/7917 3268/4084/7918 3261/4078/7919
s 19
f 3261/4078/7920 3268/4084/7921 3269/4085/7922 3262/4079/7923
f 3262/4079/7923 3269/4085/7922 3270/4086/7924 3263/4080/7925
f 3263/4080/7925 3270/4086/7924 3271/4087/7926 3264/4081/7927
f 3264/4081/7927 3271/4087/7926 3272/4088/7928 3265/4082/7929
s 20
f 3265/4082/7930 3272/4088/7931 3273/4089/7932 3266/4083/7933
f 3266/4083/7933 3273/4089/7932 3274/4048/7934 3267/4047/7935
s 21
f 3229/3990/7936 3181/3975/7937 3275/4090/7938 3268/4084/7939
f 3268/4084/7939 3275/4090/7938 3276/4091/7940 3269/4085/7941
f 3269/4085/7941 3276/4091/7940 3277/4092/7942 3270/4086/7943
f 3270/4086/7943 3277/4092/7942 3278/4093/7944 3271/4087/7945
f 3271/4087/7945 3278/4093/7944 3279/4094/7946 3272/4088/7947
f 3272/4088/7947 3279/4094/7946 3280/4095/7948 3273/4089/7949
f 3273/4089/7949 3280/4095/7948 3281/4049/7950 3274/4048/7951
s 1
f 3181/3975/7701 3230/4040/7818 3282/4096/7952 3275/4090/7953
f 3275/4090/7953 3282/4096/7952 3283/4097/7954 3276/4091/7955
f 3276/4091/7955 3283/4097/7954 3284/4098/7956 3277/4092/7957
f 3277/4092/7957 3284/4098/7956 3285/4099/7958 3278/4093/7959
f 3278/4093/7959 3285/4099/7958 3286/4100/7960 3279/4094/7961
f 3279/4094/7961 3286/4100/7960 3287/4101/7962 3280/4095/7963
f 3280/4095/7963 3287/4101/7962 3288/4050/7964 3281/4049/7965
f 3230/4040/7818 3211/3972/7698 3240/4055/7966 3282/4096/7967
s 22
f 3282/4096/7968 3240/4055/7969 3241/4057/7970 3283/4097/7971
f 3283/4097/7971 3241/4057/7970 3242/4059/7972 3284/4098/7973
f 3284/4098/7973 3242/4059/7972 3243/4061/7974 3285/4099/7975
f 3285/4099/7975 3243/4061/7974 3244/4063/7976 3286/4100/7977
s 23
f 3286/4100/7978 3244/4063/7979 3245/4065/7980 3287/4101/7981
f 3287/4101/7981 3245/4065/7980 3246/4043/7982 3288/4050/7983
s 2
f 3188/3991/7825 3291/4041/7824 3302/4102/7984 3297/4103/7985
s 24
f 3297/4103/7986 3302/4102/7987 3303/4104/7988 3298/4105/7989
f 3298/4105/7989 3303/4104/7988 3304/4106/7990 3299/4107/7991
f 3299/4107/7991 3304/4106/7990 3305/4108/7992 3300/4109/7993
f 3300/4109/7993 3305/4108/7992 3306/4001/7994 3301/4000/7995
s off
f 3291/4041/7996 3194/4014/7997 3307/4110/7998 3302/4102/7999
s 25
f 3302/4102/8000 3307/4110/8001 3308/4111/8002 3303/4104/8003
f 3303/4104/8003 3308/4111/8002 3309/4112/8004 3304/4106/8005
f 3304/4106/8005 3309/4112/8004 3310/4113/8006 3305/4108/8007
f 3305/4108/8007 3310/4113/8006 3311/4002/8008 3306/4001/8009
s 26
f 3194/4014/8010 3290/4018/8011 3312/4114/8012 3307/4110/8013
f 3307/4110/8013 3312/4114/8012 3313/4115/8014 3308/4111/8015
f 3308/4111/8015 3313/4115/8014 3314/4116/8016 3309/4112/8017
f 3309/4112/8017 3314/4116/8016 3315/4117/8018 3310/4113/8019
f 3310/4113/8019 3315/4117/8018 3316/4003/8020 3311/4002/8021
s off
f 3290/4018/8022 3222/4017/8023 3317/4118/8024 3312/4114/8025
f 3312/4114/8026 3317/4118/8027 3318/4119/8028 3313/4115/8029
s 27
f 3313/4115/8030 3318/4119/8031 3319/4120/8032 3314/4116/8033
f 3314/4116/8033 3319/4120/8032 3320/4121/8034 3315/4117/8035
f 3315/4117/8035 3320/4121/8034 3321/4004/8036 3316/4003/8037
s off
f 3222/4017/8038 3292/4270/8039 3322/4269/8040 3317/4118/8041
f 3317/4118/8042 3322/4269/8043 3323/4268/8044 3318/4119/8045
s 28
f 3318/4119/8046 3323/4268/8047 3324/4267/8048 3319/4120/8049
f 3319/4120/8049 3324/4267/8048 3325/4266/8050 3320/4121/8051
f 3320/4121/8051 3325/4266/8050 3326/4271/8052 3321/4004/8053
s off
f 3292/4052/8054 3217/3993/8055 3327/4126/8056 3322/4122/8057
s 29
f 3322/4122/8058 3327/4126/8059 3328/4127/8060 3323/4123/8061
f 3323/4123/8061 3328/4127/8060 3329/4128/8062 3324/4124/8063
f 3324/4124/8063 3329/4128/8062 3330/4129/8064 3325/4125/8065
f 3325/4125/8065 3330/4129/8064 3331/4006/8066 3326/4005/8067
s 8
f 3217/3993/7724 3289/3992/7723 3332/4130/8068 3327/4126/8069
f 3327/4126/8069 3332/4130/8068 3333/4131/8070 3328/4127/8071
f 3328/4127/8071 3333/4131/8070 3334/4132/8072 3329/4128/8073
f 3329/4128/8073 3334/4132/8072 3335/4133/8074 3330/4129/8075
f 3330/4129/8075 3335/4133/8074 3336/4007/8076 3331/4006/8077
s off
f 3289/3992/8078 3188/3991/8079 3297/4103/8080 3332/4130/8081
f 3332/4130/8082 3297/4103/8083 3298/4105/8084 3333/4131/8085
s 30
f 3333/4131/8086 3298/4105/8087 3299/4107/8088 3334/4132/8089
f 3334/4132/8089 3299/4107/8088 3300/4109/8090 3335/4133/8091
f 3335/4133/8091 3300/4109/8090 3301/4000/8092 3336/4007/8093
s 31
f 3207/4027/8094 3295/4051/8095 3342/4134/8096 3337/4135/8097
f 3337/4135/8097 3342/4134/8096 3343/4136/8098 3338/4137/8099
f 3338/4137/8099 3343/4136/8098 3344/4138/8100 3339/4139/8101
f 3339/4139/8101 3344/4138/8100 3345/4140/8102 3340/4141/8103
f 3340/4141/8103 3345/4140/8102 3346/4033/8104 3341/4287/8105
s 11
f 3295/4051/7836 3176/3978/7835 3347/4142/8106 3342/4134/8107
f 3342/4134/8107 3347/4142/8106 3348/4143/8108 3343/4136/8109
f 3343/4136/8109 3348/4143/8108 3349/4144/8110 3344/4138/8111
f 3344/4138/8111 3349/4144/8110 3350/4145/8112 3345/4140/8113
f 3345/4140/8113 3350/4145/8112 3351/4034/8114 3346/4033/8115
s 1
f 3176/3978/7704 3293/3982/7708 3352/4146/8116 3347/4142/8117
f 3347/4142/8117 3352/4146/8116 3353/4147/8118 3348/4143/8119
f 3348/4143/8119 3353/4147/8118 3354/4148/8120 3349/4144/8121
f 3349/4144/8121 3354/4148/8120 3355/4149/8122 3350/4145/8123
f 3350/4145/8123 3355/4149/8122 3356/4035/8124 3351/4034/8125
s 32
f 3293/3982/8126 3228/3981/8127 3357/4150/8128 3352/4146/8129
f 3352/4146/8129 3357/4150/8128 3358/4151/8130 3353/4147/8131
f 3353/4147/8131 3358/4151/8130 3359/4152/8132 3354/4148/8133
f 3354/4148/8133 3359/4152/8132 3360/4153/8134 3355/4149/8135
f 3355/4149/8135 3360/4153/8134 3361/4036/8136 3356/4035/8137
s 33
f 3228/3981/8138 3296/4053/8139 3362/4154/8140 3357/4150/8141
f 3357/4150/8141 3362/4154/8140 3363/4155/8142 3358/4151/8143
f 3358/4151/8143 3363/4155/8142 3364/4156/8144 3359/4152/8145
f 3359/4152/8145 3364/4156/8144 3365/4157/8146 3360/4153/8147
f 3360/4153/8147 3365/4157/8146 3366/4037/8148 3361/4036/8149
s 34
f 3296/4053/8150 3223/4029/8151 3367/4158/8152 3362/4154/8153
f 3362/4154/8153 3367/4158/8152 3368/4159/8154 3363/4155/8155
f 3363/4155/8155 3368/4159/8154 3369/4160/8156 3364/4156/8157
f 3364/4156/8157 3369/4160/8156 3370/4161/8158 3365/4157/8159
f 3365/4157/8159 3370/4161/8158 3371/4038/8160 3366/4037/8161
s 35
f 3223/4029/8162 3294/4285/8163 3372/4284/8164 3367/4158/8165
f 3367/4158/8165 3372/4284/8164 3373/4283/8166 3368/4159/8167
f 3368/4159/8167 3373/4283/8166 3374/4282/8168 3369/4160/8169
f 3369/4160/8169 3374/4282/8168 3375/4281/8170 3370/4161/8171
f 3370/4161/8171 3375/4281/8170 3376/4286/8172 3371/4038/8173
s 36
f 3294/4028/8174 3207/4027/8175 3337/4135/8176 3372/4162/8177
f 3372/4162/8177 3337/4135/8176 3338/4137/8178 3373/4163/8179
f 3373/4163/8179 3338/4137/8178 3339/4139/8180 3374/4164/8181
f 3374/4164/8181 3339/4139/8180 3340/4141/8182 3375/4165/8183
f 3375/4165/8183 3340/4141/8182 3341/4287/8184 3376/4039/8185
s off
f 3161/4217/8186 3377/4166/8187 3385/4220/8188 3381/4168/8189
s 37
f 3381/4168/8190 3385/4220/8191 3386/4219/8192 3382/4170/8193
f 3382/4170/8193 3386/4219/8192 3387/4218/8194 3383/4172/8195
f 3383/4172/8195 3387/4218/8194 3388/4222/8196 3384/3948/8197
s 38
f 3377/4221/8198 3156/3930/8199 3389/4173/8200 3385/4167/8201
f 3385/4167/8201 3389/4173/8200 3390/4174/8202 3386/4169/8203
f 3386/4169/8203 3390/4174/8202 3391/4175/8204 3387/4171/8205
f 3387/4171/8205 3391/4175/8204 3392/3950/8206 3388/3949/8207
s 1
f 3156/3930/7642 3379/3934/7646 3393/4176/8208 3389/4173/8209
f 3389/4173/8209 3393/4176/8208 3394/4177/8210 3390/4174/8211
f 3390/4174/8211 3394/4177/8210 3395/4178/8212 3391/4175/8213
f 3391/4175/8213 3395/4178/8212 3396/3951/8214 3392/3950/8215
f 3379/3934/7646 3162/3933/7645 3397/4179/8216 3393/4176/8217
f 3393/4176/8217 3397/4179/8216 3398/4180/8218 3394/4177/8219
f 3394/4177/8219 3398/4180/8218 3399/4181/8220 3395/4178/8221
f 3395/4178/8221 3399/4181/8220 3400/3952/8222 3396/3951/8223
s 39
f 3162/3933/8224 3378/3962/8225 3401/4182/8226 3397/4179/8227
f 3397/4179/8227 3401/4182/8226 3402/4183/8228 3398/4180/8229
f 3398/4180/8229 3402/4183/8228 3403/4184/8230 3399/4181/8231
f 3399/4181/8231 3403/4184/8230 3404/3953/8232 3400/3952/8233
s 40
f 3378/3962/8234 3167/3947/8235 3405/4185/8236 3401/4182/8237
f 3401/4182/8237 3405/4185/8236 3406/4186/8238 3402/4183/8239
f 3402/4183/8239 3406/4186/8238 3407/4187/8240 3403/4184/8241
f 3403/4184/8241 3407/4187/8240 3408/3954/8242 3404/3953/8243
s 41
f 3167/3947/8244 3380/3946/8245 3409/4188/8246 3405/4185/8247
f 3405/4185/8247 3409/4188/8246 3410/4189/8248 3406/4186/8249
f 3406/4186/8249 3410/4189/8248 3411/4190/8250 3407/4187/8251
f 3407/4187/8251 3411/4190/8250 3412/3955/8252 3408/3954/8253
s 42
f 3380/3946/8254 3161/4217/8255 3381/4168/8256 3409/4188/8257
f 3409/4188/8257 3381/4168/8256 3382/4170/8258 3410/4189/8259
f 3410/4189/8259 3382/4170/8258 3383/4172/8260 3411/4190/8261
f 3411/4190/8261 3383/4172/8260 3384/3948/8262 3412/3955/8263
s 43
f 3157/4225/8264 3158/3939/8265 3419/4191/8266 3413/4192/8267
f 3413/4192/8267 3419/4191/8266 3420/4193/8268 3414/4194/8269
f 3414/4194/8269 3420/4193/8268 3421/4195/8270 3415/4196/8271
f 3415/4196/8271 3421/4195/8270 3422/4197/8272 3416/4198/8273
f 3416/4198/8273 3422/4197/8272 3423/4199/8274 3417/4200/8275
f 3417/4200/8275 3423/4199/8274 3424/3936/8276 3418/3935/8277
s 2
f 3158/3939/7651 3164/3942/7654 3425/4201/8278 3419/4191/8279
f 3419/4191/8279 3425/4201/8278 3426/4202/8280 3420/4193/8281
s off
f 3420/4193/8282 3426/4202/8283 3427/4203/8284 3421/4195/8285
s 44
f 3421/4195/8286 3427/4203/8287 3428/4204/8288 3422/4197/8289
f 3422/4197/8289 3428/4204/8288 3429/4205/8290 3423/4199/8291
s off
f 3423/4199/8292 3429/4205/8293 3430/3937/8294 3424/3936/8295
s 45
f 3164/3942/8296 3163/4232/8297 3431/4231/8298 3425/4201/8299
f 3425/4201/8299 3431/4231/8298 3432/4230/8300 3426/4202/8301
f 3426/4202/8301 3432/4230/8300 3433/4229/8302 3427/4203/8303
f 3427/4203/8303 3433/4229/8302 3434/4228/8304 3428/4204/8305
f 3428/4204/8305 3434/4228/8304 3435/4227/8306 3429/4205/8307
f 3429/4205/8307 3435/4227/8306 3436/4233/8308 3430/3937/8309
s 46
f 3163/3932/8310 3157/4225/8311 3413/4192/8312 3431/4206/8313
f 3431/4206/8313 3413/4192/8312 3414/4194/8314 3432/4207/8315
s 47
f 3432/4207/8316 3414/4194/8317 3415/4196/8318 3433/4208/8319
f 3433/4208/8319 3415/4196/8318 3416/4198/8320 3434/4209/8321
f 3434/4209/8321 3416/4198/8320 3417/4200/8322 3435/4210/8323
s 45
f 3435/4210/8306 3417/4200/8324 3418/3935/8325 3436/3938/8308
g default
v -20.488321 -0.082411 14.029860
v -19.729936 0.045166 14.803208
v -17.253182 -0.369067 13.299457
v -17.270325 -0.169846 11.835214
v -19.210720 -0.169846 10.771742
v -20.965323 -0.411072 12.738184
v -20.847402 1.871501 13.614589
v -18.913575 1.889922 14.396974
v -17.242197 1.143500 13.655007
v -17.534255 1.830154 11.805401
v -19.161712 1.830154 10.913441
v -20.883963 1.279275 11.743361
v -22.640214 10.731207 12.791464
v -22.135505 17.547486 15.953839
v -18.949342 23.211730 20.003460
v -21.920312 10.610152 13.624210
v -21.773340 17.454053 16.095641
v -18.867108 23.156917 20.018721
v -18.872182 23.218663 19.940227
v -21.494128 11.513336 12.610203
v -21.445777 17.553474 15.888715
v -18.789947 23.163852 19.955488
v -21.504823 11.479773 11.911088
v -21.480379 17.746326 15.539987
v -18.795025 23.225600 19.876993
v -22.091317 11.291300 11.578663
v -21.842544 17.839759 15.398185
v -18.877260 23.280416 19.861733
v -22.667111 11.136391 11.945352
v -22.170104 17.740337 15.605114
v -18.954417 23.273479 19.924967
v -21.891446 15.363743 13.842687
v -21.555419 15.381223 14.145480
v -21.270651 15.106134 14.327049
v -21.889236 15.072106 14.876948
v -22.339059 15.055383 14.660657
v -22.358691 15.204121 14.151233
v -21.673768 14.595694 13.516542
v -21.184926 13.999038 13.313029
v -21.126672 14.132392 13.986112
v -21.921099 14.417216 14.541883
v -22.395024 14.370206 14.305111
v -22.417712 14.450256 13.781824
v -21.821166 15.826744 14.188646
v -21.603648 15.871781 14.552708
v -21.460242 15.746658 14.907998
v -21.862058 15.630639 15.162715
v -22.291329 15.639746 14.963890
v -22.288410 15.667122 14.497191
v -21.595287 18.758340 16.447180
v -21.231658 19.091643 16.431459
v -20.877374 18.976712 16.513874
v -20.849404 18.813300 16.801919
v -21.120738 18.734645 16.976579
v -21.439920 18.890193 16.840960
v -20.977499 19.015720 17.169934
v -21.310948 19.090831 17.005255
v -21.142331 19.291875 16.882652
v -21.102687 19.292281 16.595754
v -20.745025 19.246766 16.727628
v -20.718508 19.089814 17.002356
v -20.292351 20.152970 17.734409
v -20.337790 20.163993 17.963517
v -20.638461 20.208879 17.856587
v -20.659185 20.340129 17.634834
v -20.449282 20.396098 17.495421
v -20.170417 20.323638 17.631058
v -20.322135 20.629382 17.686809
v -20.093926 20.505328 17.756812
v -20.139365 20.516351 17.985921
v -20.261299 20.345683 18.089272
v -20.501843 20.451751 18.030227
v -20.521305 20.577378 17.820060
v -17.780646 16.343296 13.396366
v -15.219715 16.634106 14.832294
v -13.613025 15.471357 15.874090
v -17.682383 16.103455 13.556958
v -15.241736 16.478031 14.906539
v -13.640070 15.437963 15.881211
v -17.870754 16.607580 13.565158
v -15.283607 16.782108 14.925965
v -13.609457 15.503257 15.907884
v -17.862597 16.632023 13.894536
v -15.369515 16.774033 15.093886
v -13.632921 15.501758 15.948808
v -17.674225 16.127897 13.886335
v -15.327642 16.469956 15.074458
v -13.663536 15.436462 15.922137
v -17.764333 16.392182 14.055127
v -15.391532 16.617958 15.168132
v -13.659964 15.468360 15.955932
v -21.759535 15.628303 13.951765
v -22.420319 15.402562 14.388115
v -22.139624 15.188041 13.925309
v -22.040232 15.842823 14.414569
v -22.725270 20.755361 10.581485
v -23.694187 21.924335 8.569571
v -24.110924 20.359351 4.504291
v -22.507707 20.787984 10.597376
v -23.581920 21.975768 8.544346
v -24.083363 20.372275 4.496150
v -22.900755 20.812249 10.702404
v -23.795432 21.959460 8.635927
v -24.140991 20.368760 4.503672
v -22.931362 20.925321 10.889299
v -23.826333 22.060569 8.704548
v -24.155950 20.394996 4.494678
v -22.799160 21.028340 11.032691
v -23.768798 22.168429 8.735231
v -24.147039 20.422681 4.482562
v -22.581594 21.060964 11.048584
v -23.656524 22.219865 8.710009
v -24.119473 20.435609 4.474427
v -22.406110 21.004075 10.927667
v -23.555287 22.184737 8.643651
v -24.089410 20.426198 4.475039
v -22.375503 20.891008 10.740772
v -23.524386 22.083634 8.575030
v -24.074450 20.399963 4.484030
v -22.974375 21.286288 16.614353
v -23.910683 22.931510 16.973291
v -25.421794 24.174701 17.938232
v -28.307641 24.218398 18.868399
v -22.805317 21.401610 16.522144
v -23.792509 23.016162 16.908153
v -25.376428 24.252750 17.911574
v -28.308059 24.247285 18.866352
v -22.671037 21.488155 16.876577
v -23.672736 23.039382 17.155616
v -25.293350 24.252376 18.051851
v -28.293454 24.250886 18.914209
v -22.653651 21.502544 16.653255
v -23.673538 23.070098 16.999314
v -25.312210 24.291587 17.968381
v -28.300968 24.263530 18.889257
v -22.991765 21.271903 16.837674
v -23.909889 22.900796 17.129593
v -25.402943 24.135491 18.021702
v -28.300132 24.205754 18.893351
v -22.840096 21.372836 16.968786
v -23.790914 22.954734 17.220757
v -25.338717 24.174331 18.078513
v -28.293041 24.221999 18.916256
v -17.314290 19.837482 18.775526
v -15.672948 20.818149 17.668992
v -17.353710 19.848498 18.897447
v -15.661714 20.823203 17.688869
v -17.321532 20.068711 18.887954
v -15.680225 20.859204 17.690173
v -17.357334 19.964112 18.953658
v -15.665355 20.843730 17.699458
v -17.278481 19.942081 18.709826
v -15.687809 20.833627 17.659699
v -17.282109 20.057695 18.766035
v -15.691451 20.854152 17.670296
v -19.473944 15.368668 13.623665
v -19.371149 15.441648 13.990374
v -19.456630 15.771480 14.186369
v -19.644910 16.028334 14.015652
v -19.811312 16.007252 13.699104
v -19.662221 15.625522 13.452949
v -18.855572 15.650152 13.958763
v -18.942457 15.960069 14.146493
v -19.103388 16.211754 13.978854
v -19.221711 16.189652 13.658406
v -19.090540 15.843604 13.435757
v -18.929611 15.591919 13.603398
v -22.025327 12.038610 13.308014
v -22.670567 12.103701 13.000191
v -22.593178 12.118796 12.489778
v -21.969123 12.348101 12.152281
v -21.472078 12.399149 12.439985
v -21.404005 12.459821 13.052419
v -22.789024 11.774093 12.832075
v -21.876518 11.682042 13.267402
v -22.071259 10.208557 13.196124
v -22.354238 12.213267 13.197328
v -25.201427 13.785485 15.305801
v -26.104971 13.737346 15.748525
v -26.935571 13.454746 15.779431
v -28.043393 14.158543 16.033854
v -28.678411 17.334499 17.248964
v -25.057356 13.674756 15.567475
v -26.004249 13.654907 15.960379
v -26.908665 13.385731 15.942067
v -28.050662 14.118900 16.134893
v -28.681153 17.320548 17.285119
v -24.809105 13.767481 15.744277
v -25.913761 13.762377 16.165524
v -26.931074 13.444205 16.109447
v -28.013192 14.149380 16.232363
v -28.656224 17.315032 17.314401
v -24.602079 14.009341 15.732646
v -25.886513 13.996803 16.243792
v -26.989677 13.595919 16.183522
v -27.952933 14.232132 16.269164
v -28.618227 17.321189 17.319657
v -24.557567 14.258658 15.539390
v -25.938466 14.220858 16.149334
v -27.050137 13.751995 16.120903
v -27.905181 14.318672 16.223745
v -28.589417 17.335399 17.297808
v -24.701636 14.369385 15.277712
v -26.039190 14.303297 15.937476
v -27.077048 13.821013 15.958261
v -27.897914 14.358318 16.122702
v -28.586675 17.349349 17.261652
v -24.949892 14.276662 15.100910
v -26.129682 14.195828 15.732330
v -27.054639 13.762535 15.790881
v -27.935385 14.327839 16.025234
v -28.611605 17.354865 17.232371
v -25.156914 14.034802 15.112543
v -26.156927 13.961401 15.654064
v -26.996037 13.610823 15.716807
v -27.995643 14.245087 15.988433
v -28.649605 17.348712 17.227113
v -17.988202 1.931306 13.810930
v -19.498978 1.161701 14.626783
v -17.237319 0.119737 14.046617
v -18.568739 0.064473 16.443844
v -17.584376 -0.112503 17.232046
v -15.365476 -0.304401 16.786865
v -13.409399 -0.042103 15.839016
v -12.416606 0.172635 17.087298
v -12.444995 0.058056 19.388787
v -13.594167 -0.108778 21.502193
v -17.696300 -0.268915 16.243629
v -17.131200 -0.319169 16.587890
v -15.555463 -0.350337 16.142531
v -13.624184 -0.076475 15.353079
v -12.130313 0.178348 16.820364
v -12.194476 0.055831 19.391236
v -13.498998 -0.116421 21.556036
v -16.898018 0.223053 16.061701
v -16.620197 0.145445 16.156581
v -15.623728 0.142471 15.688821
v -13.792892 0.316650 15.036157
v -11.965150 0.487585 16.646171
v -12.036754 0.249196 19.413702
v -13.439890 -0.036397 21.602049
v -16.775014 1.169912 16.035061
v -16.436161 0.931474 16.262905
v -15.518863 0.802927 15.767385
v -13.788483 0.841241 15.126897
v -12.045488 0.867483 16.695886
v -12.090596 0.492543 19.439270
v -13.461351 0.071035 21.605582
v -17.419914 1.858661 16.183764
v -16.717676 1.447024 16.826798
v -15.319834 1.133695 16.319068
v -13.614275 1.102271 15.556973
v -12.310831 1.031972 16.932077
v -12.315461 0.602627 19.448688
v -13.547226 0.124975 21.563978
v -18.347097 1.770657 16.395836
v -17.252757 1.303874 17.423637
v -15.176516 0.885701 16.928439
v -13.401454 0.903178 16.002530
v -12.561373 0.857188 17.176885
v -12.542019 0.496553 19.434859
v -13.632843 0.084807 21.508560
v -18.858370 0.972167 16.511585
v -17.638472 0.609819 17.603989
v -15.196827 0.245687 17.136625
v -13.310274 0.393884 16.128048
v -12.608444 0.474747 17.245963
v -12.599664 0.254196 19.408201
v -13.653732 -0.019223 21.481064
v -20.843579 2.025417 12.536114
v -20.763827 0.933430 14.176523
v -20.938144 0.194935 11.833290
v -23.344989 -0.535282 15.386016
v -24.780905 -0.396761 15.136281
v -25.899478 -0.391760 12.691995
v -27.165170 -0.317894 11.060105
v -28.511024 -0.122269 10.902785
v -22.741455 -0.249326 15.979306
v -24.900775 -0.229550 15.802458
v -26.349399 -0.307618 12.896010
v -27.409331 -0.262299 11.234294
v -28.525156 -0.098442 11.008146
v -22.573932 0.587153 16.244357
v -24.985580 0.402894 16.083423
v -26.583258 0.129820 12.967340
v -27.536105 0.006263 11.303929
v -28.532879 -0.000486 11.055189
v -22.968570 1.344270 15.981584
v -24.971465 1.024327 15.767606
v -26.424957 0.591154 12.852268
v -27.450033 0.285559 11.216572
v -28.528385 0.097836 11.008490
v -23.628196 1.451901 15.388859
v -24.869054 1.166798 15.092822
v -25.993698 0.728990 12.637448
v -27.215927 0.365274 11.038005
v -28.515056 0.122486 10.903216
v -24.056101 0.828997 14.912514
v -24.755468 0.723023 14.567195
v -25.614229 0.439535 12.484643
v -27.010076 0.185381 10.902691
v -28.502930 0.054901 10.818639
v -23.930061 -0.055382 14.911250
v -24.716236 0.027174 14.586536
v -25.572297 -0.059246 12.508919
v -26.987485 -0.118658 10.912527
v -28.501135 -0.054025 10.818446
vt 0.389395 0.641394
vt 0.655766 0.044419
vt 0.394795 0.296435
vt 0.225840 0.421229
vt 0.373713 0.725715
vt 0.376729 0.683063
vt 0.052923 0.025659
vt 0.052104 0.028414
vt 0.050251 0.030573
vt 0.047881 0.032247
vt 0.045119 0.032923
vt 0.043313 0.029982
vt 0.050251 0.023162
vt 0.302883 0.372051
vt 0.396664 0.142425
vt 0.434814 0.204937
vt 0.273404 0.377952
vt 0.284369 0.350857
vt 0.476719 0.110563
vt 0.499367 0.181969
vt 0.565388 0.064189
vt 0.419143 0.558318
vt 0.377573 0.798289
vt 0.040167 0.605737
vt 0.041901 0.607910
vt 0.042038 0.610283
vt 0.041278 0.612588
vt 0.039280 0.614321
vt 0.035551 0.613582
vt 0.035920 0.605701
vt 0.962425 0.977577
vt 0.965615 0.976506
vt 0.963883 0.980919
vt 0.969032 0.976124
vt 0.972624 0.976823
vt 0.956901 0.981512
vt 0.959466 0.979222
vt 0.470423 0.396162
vt 0.477254 0.371168
vt 0.446459 0.350035
vt 0.095234 0.522475
vt 0.096265 0.523629
vt 0.097352 0.524769
vt 0.098199 0.526052
vt 0.098571 0.527470
vt 0.098189 0.528798
vt 0.097818 0.530115
vt 0.094587 0.520886
vt 0.845519 0.723063
vt 0.859388 0.719939
vt 0.884316 0.778379
vt 0.822460 0.049972
vt 0.253857 0.404335
vt 0.650398 0.530405
vt 0.809528 0.506653
vt 0.454880 0.457815
vt 0.465056 0.445016
vt 0.873589 0.715901
vt 0.896379 0.775918
vt 0.668329 0.511787
vt 0.686961 0.546108
vt 0.809876 0.746029
vt 0.842909 0.800372
vt 0.687059 0.495073
vt 0.703102 0.530957
vt 0.820443 0.736411
vt 0.892013 0.042644
vt 0.708948 0.483694
vt 0.729052 0.515435
vt 0.832315 0.728419
vt 0.921834 0.035114
vt 0.382736 0.761922
vt 0.403315 0.337002
vt 0.450296 0.490659
vt 0.471374 0.639142
vt 0.432936 0.907614
vt 0.425749 0.894911
vt 0.423279 0.880405
vt 0.767355 0.677934
vt 0.489153 0.628325
vt 0.846748 0.641947
vt 0.820756 0.626788
vt 0.829740 0.648469
vt 0.802102 0.628774
vt 0.811995 0.651548
vt 0.444187 0.934095
vt 0.434130 0.853433
vt 0.441553 0.948465
vt 0.014229 0.904510
vt 0.012971 0.904309
vt 0.011862 0.903645
vt 0.011421 0.903017
vt 0.016651 0.901900
vt 0.017753 0.902917
vt 0.016738 0.903574
vt 0.015498 0.904132
vt 0.815005 0.870450
vt 0.813611 0.869030
vt 0.814004 0.867039
vt 0.814953 0.865151
vt 0.818008 0.864420
vt 0.816029 0.863603
vt 0.810654 0.601074
vt 0.835680 0.572842
vt 0.790954 0.601776
vt 0.771024 0.603600
vt 0.743400 0.618121
vt 0.440614 0.919974
vt 0.426861 0.866105
vt 0.930824 0.638708
vt 0.931268 0.640421
vt 0.927454 0.638326
vt 0.929175 0.638260
vt 0.875712 0.050492
vt 0.850291 0.812042
vt 0.901149 0.788742
vt 0.889539 0.791239
vt 0.840213 0.052800
vt 0.925526 0.640329
vt 0.925764 0.638578
vt 0.461998 0.888340
vt 0.901757 0.842807
vt 0.858095 0.054470
vt 0.892637 0.846074
vt 0.884897 0.851860
vt 0.471981 0.850685
vt 0.463066 0.868496
vt 0.870227 0.951191
vt 0.871466 0.949797
vt 0.869742 0.954885
vt 0.869652 0.953012
vt 0.467175 0.907708
vt 0.906916 0.853909
vt 0.898087 0.856875
vt 0.890736 0.862594
vt 0.467922 0.946791
vt 0.873332 0.949417
vt 0.871605 0.955376
vt 0.470942 0.927478
vt 0.545036 0.755270
vt 0.518358 0.743685
vt 0.714372 0.608358
vt 0.522726 0.726186
vt 0.549066 0.739181
vt 0.605505 0.766888
vt 0.603519 0.780383
vt 0.725425 0.828007
vt 0.724473 0.835860
vt 0.534103 0.705196
vt 0.558641 0.720634
vt 0.612861 0.753790
vt 0.727595 0.819610
vt 0.548878 0.695797
vt 0.571724 0.710029
vt 0.623935 0.744072
vt 0.732264 0.812014
vt 0.542976 0.773142
vt 0.519606 0.762347
vt 0.644074 0.722824
vt 0.745370 0.801925
vt 0.562126 0.684151
vt 0.583817 0.698718
vt 0.634991 0.735414
vt 0.738471 0.807179
vt 0.135116 0.917784
vt 0.136626 0.907669
vt 0.018352 0.916057
vt 0.019431 0.910397
vt 0.134901 0.928172
vt 0.017646 0.921320
vt 0.135851 0.938324
vt 0.017830 0.925910
vt 0.136555 0.867878
vt 0.017215 0.890625
vt 0.138986 0.877662
vt 0.019872 0.895798
vt 0.139614 0.887881
vt 0.020657 0.901185
vt 0.138679 0.897927
vt 0.020226 0.905463
vt 0.923504 0.213884
vt 0.909510 0.214606
vt 0.926037 0.332945
vt 0.916610 0.331020
vt 0.930476 0.468266
vt 0.925180 0.466378
vt 0.895689 0.216747
vt 0.881937 0.219513
vt 0.906787 0.331268
vt 0.897482 0.333914
vt 0.919688 0.465011
vt 0.913880 0.465728
vt 0.854270 0.223738
vt 0.878978 0.340138
vt 0.903778 0.471100
vt 0.868077 0.221897
vt 0.888567 0.337618
vt 0.908879 0.468422
vt 0.718538 0.915142
vt 0.713118 0.923346
vt 0.712014 0.933784
vt 0.716665 0.942247
vt 0.725704 0.908802
vt 0.720805 0.951451
vt 0.448131 0.473314
vt 0.263882 0.459084
vt 0.256138 0.446850
vt 0.219323 0.483203
vt 0.212751 0.474728
vt 0.184941 0.503799
vt 0.179889 0.498131
vt 0.143862 0.533578
vt 0.141685 0.529240
vt 0.271725 0.470900
vt 0.225662 0.490887
vt 0.187288 0.511171
vt 0.144851 0.537584
vt 0.278509 0.482633
vt 0.230720 0.499619
vt 0.186801 0.518662
vt 0.144855 0.540993
vt 0.284116 0.495054
vt 0.234080 0.509802
vt 0.186385 0.526646
vt 0.144493 0.545180
vt 0.286901 0.508370
vt 0.235471 0.520638
vt 0.188272 0.535217
vt 0.143898 0.550163
vt 0.287967 0.521641
vt 0.235830 0.531078
vt 0.192411 0.542444
vt 0.143685 0.554889
vt 0.250245 0.434067
vt 0.207539 0.465350
vt 0.173521 0.494920
vt 0.138720 0.525611
vt 0.284096 0.279806
vt 0.319042 0.271998
vt 0.269056 0.264356
vt 0.291338 0.249831
vt 0.226843 0.238660
vt 0.237367 0.219430
vt 0.183891 0.197684
vt 0.181577 0.180947
vt 0.146877 0.147008
vt 0.151208 0.135591
vt 0.099705 0.083506
vt 0.103318 0.075958
vt 0.246789 0.289510
vt 0.239907 0.278213
vt 0.211318 0.253571
vt 0.176092 0.210452
vt 0.139291 0.156606
vt 0.094282 0.089890
vt 0.214851 0.315123
vt 0.206555 0.298286
vt 0.191313 0.264341
vt 0.163013 0.217721
vt 0.128606 0.163850
vt 0.086944 0.094213
vt 0.199407 0.345544
vt 0.180361 0.318569
vt 0.170629 0.271414
vt 0.148530 0.216572
vt 0.116946 0.166440
vt 0.078777 0.096019
vt 0.182017 0.373855
vt 0.160747 0.336331
vt 0.148845 0.275249
vt 0.132893 0.209618
vt 0.104843 0.165391
vt 0.070352 0.096365
vt 0.346973 0.255073
vt 0.307688 0.227496
vt 0.245537 0.197933
vt 0.186581 0.163826
vt 0.157957 0.124158
vt 0.107133 0.068320
vt 0.298573 0.634887
vt 0.286293 0.610894
vt 0.242263 0.627356
vt 0.235341 0.609624
vt 0.144319 0.609245
vt 0.148803 0.592353
vt 0.075105 0.603335
vt 0.078242 0.593482
vt 0.296527 0.660098
vt 0.240589 0.649288
vt 0.139535 0.626518
vt 0.072515 0.614230
vt 0.285861 0.682846
vt 0.234260 0.670445
vt 0.136958 0.644274
vt 0.070971 0.625407
vt 0.263582 0.698703
vt 0.221386 0.684124
vt 0.134512 0.661592
vt 0.070889 0.635734
vt 0.237805 0.715668
vt 0.206129 0.699030
vt 0.130205 0.678040
vt 0.068443 0.645698
vt 0.267690 0.587208
vt 0.227473 0.589465
vt 0.151346 0.575413
vt 0.078667 0.583049
vt 0.330442 0.196838
vt 0.759434 0.046938
vt 0.677705 0.081459
vt 0.708037 0.101016
vt 0.746815 0.086388
vt 0.345077 0.166199
vt 0.363389 0.317306
vt 0.554817 0.103386
vt 0.563609 0.143658
vt 0.629358 0.097866
vt 0.638340 0.137884
vt 0.602429 0.157770
vt 0.401234 0.590902
vt 0.618025 0.059857
vt 0.765291 0.512997
vt 0.750042 0.512066
vt 0.744918 0.433825
vt 0.765023 0.441914
vt 0.779632 0.485256
vt 0.778567 0.502577
vt 0.740249 0.500765
vt 0.732544 0.462129
vt 0.416417 0.712565
vt 0.512546 0.584429
vt 0.846182 0.609385
vt 0.426214 0.676193
vt 0.450403 0.643438
vt 0.756678 0.656390
vt 0.786452 0.661681
vt 0.774620 0.663441
vt 0.771090 0.633803
vt 0.763476 0.642808
vt 0.765465 0.641919
vt 0.790604 0.641201
vt 0.794211 0.652342
vt 0.770138 0.652696
vt 0.782708 0.632767
vt 0.869269 0.800401
vt 0.858200 0.799918
vt 0.875236 0.791071
vt 0.870515 0.781419
vt 0.856670 0.772720
vt 0.853053 0.790515
vt 0.925662 0.853252
vt 0.916893 0.851605
vt 0.931320 0.846624
vt 0.877918 0.861524
vt 0.869185 0.861857
vt 0.913825 0.843282
vt 0.674324 0.564762
vt 0.702364 0.630646
vt 0.882809 0.868958
vt 0.955047 0.984556
vt 0.841107 0.819609
vt 0.919127 0.836309
vt 0.833436 0.808271
vt 0.756206 0.688213
vt 0.797972 0.754720
vt 0.740637 0.659041
vt 0.810925 0.469027
vt 0.362326 0.222545
vt 0.062213 0.098058
vt 0.091920 0.167348
vt 0.114972 0.210949
vt 0.126548 0.278181
vt 0.135998 0.348940
vt 0.158316 0.394694
vt 0.201599 0.441930
vt 0.039802 0.030989
vt 0.728988 0.898624
vt 0.483604 0.834889
vt 0.873891 0.947542
vt 0.594287 0.684493
vt 0.602992 0.795386
vt 0.572960 0.668732
vt 0.814235 0.872570
vt 0.721371 0.844285
vt 0.417357 0.744973
vt 0.933067 0.640453
vt 0.936309 0.468546
vt 0.935636 0.334732
vt 0.937378 0.215404
vt 0.949200 0.038967
vt 0.010086 0.903680
vt 0.016507 0.931071
vt 0.137306 0.948203
vt 0.434028 0.960980
vt 0.144470 0.558971
vt 0.198107 0.547186
vt 0.235537 0.541356
vt 0.288588 0.534658
vt 0.461387 0.503345
vt 0.096595 0.529458
vt 0.062558 0.654348
vt 0.123909 0.693755
vt 0.197601 0.721555
vt 0.222936 0.742310
vt 0.351961 0.825300
vt 0.032867 0.616250
vn -0.436175 0.282791 0.854272
vn -0.436175 0.282791 0.854272
vn -0.436175 0.282791 0.854272
vn -0.507347 -0.006929 0.861714
vn -0.508440 -0.013509 0.860992
vn -0.436175 0.282791 0.854272
vn -0.496135 -0.127372 0.858852
vn -0.496135 -0.127372 0.858852
vn -0.496135 -0.127372 0.858852
vn -0.496135 -0.127372 0.858852
vn -0.496135 -0.127372 0.858852
vn -0.496135 -0.127372 0.858852
vn -0.496135 -0.127372 0.858852
vn 0.995642 0.067171 -0.064686
vn 0.995642 0.067171 -0.064686
vn 0.940439 0.339385 -0.019813
vn 0.970561 0.236193 -0.047155
vn 0.993885 0.001338 -0.110417
vn 0.480010 0.050289 -0.875820
vn 0.480010 0.050289 -0.875820
vn 0.466148 0.167501 -0.868706
vn 0.467904 0.155346 -0.870019
vn -0.513555 -0.177646 -0.839466
vn -0.513555 -0.177646 -0.839466
vn -0.609402 -0.122657 -0.783317
vn -0.511823 -0.091528 -0.854201
vn -0.458227 -0.089421 -0.884326
vn -0.991474 -0.016099 -0.129306
vn -0.991474 -0.016099 -0.129306
vn -0.991474 -0.016099 -0.129306
vn -0.991474 -0.016099 -0.129306
vn -0.991474 -0.016099 -0.129306
vn -0.991474 -0.016099 -0.129306
vn -0.991474 -0.016099 -0.129306
vn 0.388017 0.736407 0.554209
vn 0.387999 0.736415 0.554211
vn 0.388001 0.736406 0.554222
vn 0.387981 0.736418 0.554219
vn 0.387988 0.736405 0.554233
vn 0.388005 0.736392 0.554237
vn 0.388017 0.736398 0.554222
vn -0.515396 -0.059163 0.854908
vn -0.515396 -0.059163 0.854908
vn -0.515396 -0.059163 0.854908
vn -0.195945 0.919778 0.340021
vn -0.195945 0.919778 0.340021
vn -0.195945 0.919778 0.340021
vn -0.195945 0.919778 0.340021
vn -0.195945 0.919778 0.340021
vn -0.195945 0.919778 0.340021
vn -0.195945 0.919778 0.340021
vn -0.195945 0.919778 0.340021
vn -0.423609 -0.372356 0.825776
vn -0.429507 -0.363840 0.826525
vn -0.462079 -0.324581 0.825306
vn -0.475611 -0.323947 0.817834
vn 0.602782 0.298078 0.740137
vn 0.602782 0.298078 0.740137
vn 0.602782 0.298078 0.740137
vn 0.602782 0.298078 0.740137
vn 0.602782 0.298078 0.740137
vn 0.693274 0.058381 0.718305
vn 0.794929 -0.060372 0.603691
vn 0.557759 -0.374735 0.740593
vn 0.626224 -0.302381 0.718616
vn 0.713036 0.037663 0.700115
vn 0.565777 -0.489835 0.663294
vn 0.563856 -0.507219 0.651763
vn 0.537088 -0.646616 0.541687
vn 0.537158 -0.646608 0.541627
vn 0.929165 0.369405 -0.013876
vn 0.933059 0.359408 -0.015067
vn 0.995027 -0.074529 -0.066074
vn 0.991515 -0.107282 -0.073408
vn 0.970608 -0.076755 -0.228099
vn 0.972156 -0.059880 -0.226554
vn 0.933130 -0.266729 -0.241090
vn 0.933128 -0.266693 -0.241136
vn 0.458692 0.208366 -0.863820
vn 0.456467 0.215510 -0.863246
vn 0.344501 0.435344 -0.831742
vn 0.330011 0.438151 -0.836132
vn 0.514202 0.418146 -0.748833
vn 0.542069 0.407548 -0.734891
vn 0.417326 0.418624 -0.806593
vn 0.377368 0.459922 -0.803782
vn -0.444196 -0.068261 -0.893325
vn -0.444196 -0.068261 -0.893325
vn -0.555141 0.440290 -0.705665
vn -0.555141 0.440290 -0.705665
vn -0.491450 0.468160 -0.734373
vn -0.485530 0.470559 -0.736774
vn -0.590711 0.509852 -0.625389
vn -0.590707 0.496659 -0.635920
vn -0.572927 0.678784 -0.459354
vn -0.572927 0.678784 -0.459354
vn -0.980118 -0.194952 0.036910
vn -0.980118 -0.194952 0.036910
vn -0.980118 -0.194952 0.036910
vn -0.981897 -0.186873 0.030943
vn -0.984022 -0.176513 0.023308
vn -0.989187 0.048666 -0.138350
vn -0.992549 0.101049 -0.068092
vn -0.992209 0.082051 -0.093754
vn -0.984527 0.128288 0.119367
vn -0.981865 0.139506 0.128374
vn -0.916871 0.303332 0.259495
vn -0.916871 0.303332 0.259495
vn 0.773899 0.376400 -0.509316
vn 0.773899 0.376400 -0.509316
vn 0.773899 0.376400 -0.509316
vn 0.685447 0.374765 -0.624270
vn 0.644988 0.371816 -0.667640
vn 0.829790 0.455801 -0.322016
vn 0.829790 0.455801 -0.322016
vn 0.945706 0.204455 -0.252664
vn 0.957626 0.160683 -0.239026
vn 0.579897 -0.344860 0.738100
vn 0.347387 -0.362396 0.864865
vn 0.582986 -0.402334 0.705871
vn 0.581571 -0.401439 0.707547
vn -0.383054 -0.403199 0.831084
vn -0.384466 -0.402856 0.830598
vn -0.402170 -0.398457 0.824313
vn -0.400215 -0.398952 0.825025
vn -0.993798 -0.098448 -0.051715
vn -0.995833 0.041245 0.081339
vn -0.997420 0.040073 0.059554
vn -0.906844 0.185083 0.378655
vn -0.991984 -0.006177 0.126212
vn -0.097800 -0.372343 -0.922928
vn -0.097800 -0.372343 -0.922928
vn -0.097799 -0.372343 -0.922928
vn -0.097800 -0.372343 -0.922928
vn -0.097800 -0.372343 -0.922928
vn -0.097800 -0.372343 -0.922928
vn -0.097799 -0.372343 -0.922928
vn -0.097799 -0.372343 -0.922928
vn 0.749471 -0.519192 0.410771
vn 0.749451 -0.519196 0.410802
vn 0.749451 -0.519196 0.410802
vn 0.749474 -0.519191 0.410767
vn 0.749493 -0.519187 0.410737
vn 0.749493 -0.519187 0.410737
vn 0.513646 -0.380909 0.768815
vn 0.405743 -0.411869 0.815927
vn -0.399729 -0.415829 0.816886
vn -0.396648 -0.413951 0.819338
vn -0.993757 0.108790 -0.024722
vn -0.995175 0.097682 -0.009182
vn -0.346983 0.437923 -0.829353
vn -0.462005 0.448408 -0.765168
vn -0.461508 0.310659 -0.830964
vn -0.461508 0.310659 -0.830964
vn -0.249790 0.400351 -0.881660
vn -0.586424 0.405741 -0.701057
vn -0.586424 0.405742 -0.701057
vn -0.586424 0.405742 -0.701057
vn -0.956557 0.006775 0.291467
vn -0.956586 0.006834 0.291370
vn -0.956586 0.006834 0.291370
vn -0.956557 0.006775 0.291467
vn 0.444345 0.384878 -0.808966
vn 0.408836 0.432388 -0.803675
vn 0.931402 -0.339478 -0.131321
vn 0.930284 -0.346765 -0.119689
vn 0.645375 -0.620915 0.444922
vn 0.632763 -0.624816 0.457402
vn -0.431844 -0.354391 0.829408
vn -0.479588 -0.332257 0.812158
vn -0.956615 0.006893 0.291274
vn -0.956615 0.006893 0.291274
vn -0.363599 -0.403719 0.839528
vn -0.419812 -0.361926 0.832327
vn -0.822341 0.549816 -0.146486
vn -0.894744 0.444356 0.044516
vn -0.902960 0.419392 0.093669
vn -0.819830 0.553823 -0.145462
vn -0.705973 0.626446 -0.330405
vn -0.668316 0.645042 -0.370507
vn 0.420985 0.424437 -0.801639
vn 0.398848 0.418753 -0.815822
vn 0.925944 -0.367938 -0.085145
vn 0.925944 -0.367938 -0.085145
vn 0.671421 -0.611963 0.417965
vn 0.671421 -0.611963 0.417965
vn 0.748606 0.403960 -0.525743
vn 0.748752 0.403932 -0.525556
vn 0.748752 0.403932 -0.525557
vn 0.748606 0.403960 -0.525743
vn -0.350682 -0.410729 0.841620
vn -0.382781 -0.386984 0.838882
vn -0.908593 0.311397 0.278371
vn -0.908602 0.311565 0.278153
vn -0.510716 0.693925 -0.507580
vn -0.510370 0.693965 -0.507874
vn 0.453970 0.401744 -0.795307
vn 0.414221 0.410497 -0.812350
vn 0.748898 0.403903 -0.525370
vn 0.748898 0.403903 -0.525370
vn 0.451674 0.404970 -0.794978
vn 0.451673 0.404970 -0.794978
vn 0.831212 -0.531370 0.163502
vn 0.883947 -0.465945 0.039150
vn 0.883947 -0.465945 0.039150
vn 0.831079 -0.531497 0.163764
vn 0.759648 -0.584888 0.284326
vn 0.759648 -0.584888 0.284326
vn -0.384758 -0.384354 0.839186
vn -0.384758 -0.384354 0.839186
vn -0.908565 0.310888 0.279031
vn -0.908565 0.310888 0.279031
vn -0.509621 0.694050 -0.508508
vn -0.509621 0.694050 -0.508508
vn 0.077448 -0.135059 -0.987806
vn 0.077448 -0.135059 -0.987806
vn 0.077448 -0.135059 -0.987806
vn 0.077448 -0.135059 -0.987806
vn 0.077448 -0.135059 -0.987806
vn 0.077448 -0.135059 -0.987806
vn 0.163443 -0.186898 -0.968688
vn 0.212744 -0.216192 -0.952891
vn 0.451153 -0.385465 -0.804909
vn 0.418721 -0.395009 -0.817705
vn 0.245357 -0.435486 -0.866113
vn 0.245357 -0.435486 -0.866113
vn -0.204044 0.416216 -0.886076
vn -0.204044 0.416216 -0.886076
vn -0.204044 0.416216 -0.886076
vn -0.204044 0.416216 -0.886076
vn -0.204044 0.416216 -0.886076
vn -0.204044 0.416216 -0.886076
vn 0.342650 0.592243 -0.729273
vn 0.342650 0.592243 -0.729273
vn 0.412068 0.594576 -0.690420
vn 0.453908 0.594129 -0.664062
vn 0.694992 0.556037 -0.455861
vn 0.694992 0.556037 -0.455861
vn -0.299931 0.948664 0.100387
vn -0.299931 0.948664 0.100387
vn -0.299931 0.948664 0.100387
vn -0.299931 0.948664 0.100387
vn -0.299931 0.948664 0.100387
vn -0.299931 0.948664 0.100387
vn -0.199647 0.978822 0.045273
vn -0.235175 0.969798 0.064695
vn -0.042313 0.998325 -0.039469
vn -0.042313 0.998325 -0.039469
vn 0.470993 0.834852 0.284933
vn 0.470993 0.834852 0.284933
vn 0.470993 0.834852 0.284933
vn 0.470993 0.834852 0.284933
vn 0.526380 -0.847697 0.065830
vn 0.526380 -0.847697 0.065830
vn 0.526380 -0.847697 0.065830
vn 0.526380 -0.847697 0.065830
vn 0.526380 -0.847697 0.065830
vn 0.526380 -0.847697 0.065830
vn 0.454590 -0.888399 0.063998
vn 0.402815 -0.913148 0.062466
vn 0.121070 -0.991305 0.051548
vn 0.121070 -0.991305 0.051548
vn -0.412291 -0.874341 -0.256017
vn -0.412291 -0.874341 -0.256017
vn -0.412291 -0.874341 -0.256017
vn -0.412291 -0.874341 -0.256017
vn -0.110535 0.491700 0.863720
vn -0.110535 0.491700 0.863720
vn -0.110535 0.491700 0.863720
vn -0.110535 0.491700 0.863720
vn -0.110535 0.491700 0.863720
vn -0.110535 0.491700 0.863720
vn -0.224843 0.465027 0.856269
vn -0.182882 0.475654 0.860411
vn -0.328020 0.412321 0.849938
vn -0.368141 0.408541 0.835204
vn -0.132130 0.419840 0.897929
vn -0.132130 0.419840 0.897929
vn 0.226676 -0.376489 0.898262
vn 0.226676 -0.376489 0.898262
vn 0.226676 -0.376489 0.898262
vn 0.226676 -0.376489 0.898262
vn 0.226676 -0.376489 0.898262
vn 0.226676 -0.376489 0.898262
vn -0.295752 -0.589165 0.751942
vn -0.295752 -0.589165 0.751942
vn -0.402092 -0.596581 0.694560
vn -0.359855 -0.594640 0.718962
vn -0.624695 -0.579950 0.522891
vn -0.624695 -0.579950 0.522891
vn 0.102147 -0.503234 -0.858092
vn 0.102147 -0.503234 -0.858092
vn 0.126222 -0.589330 -0.797971
vn 0.118153 -0.560654 -0.819578
vn 0.189303 -0.805193 -0.561986
vn 0.189303 -0.805193 -0.561986
vn 0.455615 -0.845454 0.278610
vn 0.455615 -0.845454 0.278610
vn 0.455615 -0.845454 0.278610
vn 0.455615 -0.845454 0.278610
vn -0.635882 -0.446709 -0.629369
vn -0.635882 -0.446709 -0.629369
vn -0.635882 -0.446709 -0.629369
vn -0.635882 -0.446709 -0.629369
vn -0.462625 -0.844932 -0.268456
vn -0.462625 -0.844932 -0.268456
vn -0.462625 -0.844932 -0.268456
vn -0.462625 -0.844932 -0.268456
vn -0.128928 -0.921367 0.366688
vn -0.128928 -0.921367 0.366688
vn -0.128928 -0.921367 0.366688
vn -0.128928 -0.921367 0.366688
vn -0.978320 -0.196663 -0.064910
vn -0.974131 -0.221776 -0.043421
vn -0.888576 -0.428601 0.163506
vn -0.883852 -0.427759 0.189282
vn -0.873479 -0.425418 0.236758
vn -0.873479 -0.425418 0.236758
vn -0.824250 0.256008 0.505046
vn -0.822114 0.264784 0.504001
vn -0.807937 0.316757 0.496893
vn -0.807937 0.316757 0.496893
vn -0.886888 0.449423 -0.106994
vn -0.886888 0.449423 -0.106994
vn -0.886888 0.449423 -0.106994
vn -0.886888 0.449423 -0.106994
vn -0.116976 0.530451 0.839606
vn -0.116976 0.530451 0.839606
vn -0.134497 0.597483 0.790521
vn -0.142251 0.626950 0.765963
vn -0.199777 0.839913 0.504614
vn -0.199777 0.839913 0.504614
vn -0.457121 0.836376 -0.302516
vn -0.457121 0.836376 -0.302516
vn -0.457121 0.836376 -0.302516
vn -0.457121 0.836376 -0.302516
vn 0.631657 0.464239 0.620880
vn 0.631657 0.464239 0.620880
vn 0.631657 0.464239 0.620880
vn 0.631657 0.464239 0.620880
vn 0.441980 0.867929 0.226614
vn 0.441980 0.867929 0.226614
vn 0.441980 0.867929 0.226614
vn 0.441980 0.867929 0.226614
vn 0.110186 0.911117 -0.397147
vn 0.110186 0.911117 -0.397147
vn 0.110186 0.911116 -0.397147
vn 0.110186 0.911116 -0.397147
vn 0.981598 0.168553 0.089753
vn 0.981598 0.168553 0.089753
vn 0.967678 0.251536 0.018125
vn 0.973950 0.222558 0.043467
vn 0.854603 0.460815 -0.239382
vn 0.857653 0.468898 -0.211108
vn 0.846170 0.443271 -0.295817
vn 0.846170 0.443271 -0.295817
vn 0.818482 -0.224997 -0.528644
vn 0.818482 -0.224997 -0.528644
vn 0.811325 -0.231897 -0.536633
vn 0.814697 -0.228667 -0.532899
vn 0.790879 -0.250753 -0.558241
vn 0.790879 -0.250753 -0.558241
vn 0.892478 -0.446385 0.064992
vn 0.892478 -0.446385 0.064992
vn 0.892478 -0.446385 0.064992
vn 0.892478 -0.446385 0.064992
vn -0.161164 -0.045818 -0.985864
vn -0.161164 -0.045818 -0.985864
vn -0.238944 -0.049990 -0.969746
vn -0.239325 -0.050010 -0.969651
vn -0.480455 -0.014928 -0.876892
vn -0.471395 -0.027399 -0.881497
vn -0.424495 -0.037761 -0.904643
vn -0.460686 -0.009431 -0.887513
vn -0.306571 -0.124455 -0.943676
vn -0.306571 -0.124455 -0.943676
vn 0.815488 0.568676 0.107642
vn 0.815488 0.568676 0.107642
vn 0.824694 0.555728 0.105104
vn 0.825984 0.553877 0.104742
vn 0.778557 0.615010 0.124951
vn 0.759977 0.636550 0.131298
vn 0.648745 0.743223 0.163556
vn 0.648745 0.743223 0.163556
vn 0.116231 0.906724 0.405391
vn 0.116231 0.906724 0.405391
vn 0.116231 0.906724 0.405391
vn 0.116231 0.906724 0.405391
vn 0.450947 0.381595 -0.806866
vn 0.448434 0.385008 -0.806645
vn 0.301476 0.585183 -0.752777
vn 0.309314 0.575446 -0.757091
vn 0.021838 0.811237 -0.584309
vn 0.068794 0.788232 -0.611521
vn -0.152533 0.871624 -0.465839
vn -0.152533 0.871624 -0.465839
vn -0.820552 -0.499144 0.278479
vn -0.820552 -0.499144 0.278479
vn -0.849431 -0.499836 0.169208
vn -0.845921 -0.500131 0.185164
vn -0.795584 -0.593264 -0.122822
vn -0.813880 -0.569130 -0.117007
vn -0.683205 -0.714170 -0.152287
vn -0.683205 -0.714170 -0.152286
vn -0.142100 -0.905993 -0.398730
vn -0.142100 -0.905993 -0.398730
vn -0.142100 -0.905993 -0.398730
vn -0.142100 -0.905993 -0.398730
vn -0.478396 -0.347964 0.806262
vn -0.480647 -0.345314 0.806062
vn -0.343299 -0.535277 0.771767
vn -0.335137 -0.546035 0.767808
vn -0.095217 -0.770345 0.630478
vn -0.047023 -0.796584 0.602697
vn 0.124597 -0.864922 0.486195
vn 0.124597 -0.864922 0.486195
vn 0.346387 0.245121 0.905501
vn 0.346387 0.245121 0.905501
vn 0.371717 0.199542 0.906647
vn 0.372114 0.198810 0.906646
vn 0.442850 0.072368 0.893670
vn 0.451944 0.058548 0.890123
vn 0.428107 0.043610 0.902676
vn 0.390948 0.067920 0.917904
vn 0.272803 0.140824 0.951707
vn 0.272803 0.140824 0.951707
vn -0.116372 -0.992617 0.034182
vn -0.116372 -0.992617 0.034182
vn -0.116372 -0.992617 0.034182
vn -0.116372 -0.992617 0.034182
vn 0.597847 -0.774523 0.206623
vn 0.597847 -0.774523 0.206623
vn 0.597847 -0.774523 0.206623
vn 0.597847 -0.774523 0.206623
vn -0.161664 0.582068 0.796908
vn -0.161664 0.582068 0.796908
vn -0.161664 0.582068 0.796908
vn -0.161664 0.582068 0.796908
vn 0.376878 0.442493 0.813734
vn 0.376878 0.442493 0.813734
vn 0.376878 0.442493 0.813734
vn 0.376878 0.442493 0.813734
vn -0.309543 -0.440055 0.842932
vn -0.309543 -0.440055 0.842932
vn 0.663424 -0.300759 0.685137
vn 0.663424 -0.300759 0.685137
vn 0.663424 -0.300759 0.685137
vn 0.663424 -0.300759 0.685137
vn 0.209199 -0.596003 -0.775253
vn 0.209199 -0.596003 -0.775253
vn 0.098590 -0.581161 -0.807795
vn 0.177786 -0.592573 -0.785652
vn -0.283682 -0.471856 -0.834791
vn -0.283682 -0.471856 -0.834791
vn 0.365221 0.419212 -0.831189
vn 0.365221 0.419212 -0.831189
vn -0.639344 0.310962 -0.703236
vn -0.639344 0.310962 -0.703236
vn -0.639344 0.310962 -0.703236
vn -0.639344 0.310962 -0.703236
vn 0.164351 0.986153 -0.022171
vn 0.164351 0.986153 -0.022171
vn 0.164351 0.986153 -0.022171
vn 0.164351 0.986153 -0.022171
vn -0.542702 0.815680 -0.200350
vn -0.542702 0.815680 -0.200350
vn -0.542702 0.815680 -0.200350
vn -0.542702 0.815680 -0.200350
vn -0.402593 -0.417572 0.814587
vn -0.402593 -0.417572 0.814587
vn -0.402593 -0.417572 0.814587
vn 0.315705 0.440807 -0.840250
vn 0.315705 0.440807 -0.840250
vn 0.988768 -0.127541 -0.077915
vn 0.988768 -0.127541 -0.077915
vn -0.715235 -0.690302 0.109191
vn -0.715235 -0.690302 0.109191
vn -0.715235 -0.690302 0.109191
vn -0.715235 -0.690302 0.109191
vn -0.112272 -0.939020 -0.325018
vn -0.112272 -0.939020 -0.325018
vn 0.017673 -0.928662 -0.370505
vn 0.052640 -0.922845 -0.381558
vn 0.269472 -0.857344 -0.438573
vn 0.269472 -0.857344 -0.438573
vn -0.555647 -0.782470 -0.281063
vn -0.555647 -0.782470 -0.281063
vn -0.555647 -0.782470 -0.281063
vn -0.555647 -0.782470 -0.281063
vn -0.980731 -0.146795 -0.128909
vn -0.980731 -0.146795 -0.128909
vn -0.980731 -0.146795 -0.128909
vn -0.980731 -0.146795 -0.128909
vn -0.225842 -0.675978 0.701462
vn -0.225842 -0.675978 0.701462
vn -0.196829 -0.705627 0.680698
vn -0.168314 -0.732904 0.659183
vn 0.184364 -0.917692 0.351926
vn 0.204107 -0.913356 0.352310
vn 0.261004 -0.898635 0.352608
vn 0.261004 -0.898635 0.352608
vn -0.486847 -0.819302 0.302858
vn -0.486847 -0.819302 0.302858
vn -0.486847 -0.819302 0.302858
vn -0.486847 -0.819302 0.302858
vn -0.820225 -0.328290 0.468462
vn -0.820225 -0.328291 0.468462
vn -0.820225 -0.328290 0.468462
vn -0.820225 -0.328290 0.468462
vn 0.661031 0.056242 0.748248
vn 0.643305 0.030438 0.765005
vn 0.258314 -0.320904 0.911205
vn 0.220410 -0.330186 0.917822
vn -0.052383 -0.392526 0.918248
vn 0.019551 -0.374992 0.926822
vn -0.123112 -0.365163 0.922767
vn -0.146654 -0.386188 0.910687
vn -0.094094 -0.338851 0.936123
vn -0.094094 -0.338851 0.936123
vn 0.762488 0.278397 0.584044
vn 0.762488 0.278397 0.584044
vn 0.762488 0.278397 0.584044
vn 0.762488 0.278397 0.584044
vn 0.329109 0.494226 0.804629
vn 0.329109 0.494226 0.804629
vn 0.329109 0.494226 0.804629
vn 0.329109 0.494226 0.804629
vn -0.168143 0.333579 0.927606
vn -0.168143 0.333579 0.927606
vn -0.168143 0.333579 0.927606
vn -0.168143 0.333579 0.927606
vn 0.350144 0.396286 0.848739
vn 0.350144 0.396286 0.848739
vn 0.350144 0.396286 0.848739
vn 0.350144 0.396286 0.848739
vn 0.716833 -0.082472 0.692350
vn 0.716833 -0.082472 0.692350
vn 0.716833 -0.082472 0.692350
vn 0.716833 -0.082472 0.692350
vn 0.589853 0.795338 -0.139679
vn 0.589854 0.795338 -0.139679
vn 0.589853 0.795338 -0.139679
vn 0.589854 0.795338 -0.139679
vn 0.115226 0.939171 0.323545
vn 0.115226 0.939171 0.323545
vn -0.074685 0.919237 0.386555
vn -0.039799 0.925730 0.376085
vn -0.362113 0.814711 0.452902
vn -0.362114 0.814711 0.452902
vn 0.558846 0.780561 0.280029
vn 0.558846 0.780561 0.280029
vn 0.558846 0.780561 0.280029
vn 0.558846 0.780561 0.280029
vn 0.975346 0.171951 0.138326
vn 0.975346 0.171951 0.138326
vn 0.975346 0.171951 0.138326
vn 0.975346 0.171951 0.138326
vn 0.144153 0.762837 -0.630318
vn 0.144153 0.762837 -0.630318
vn 0.051791 0.828498 -0.557592
vn 0.088711 0.804136 -0.587789
vn -0.296468 0.904791 -0.305712
vn -0.267123 0.914214 -0.304728
vn -0.412511 0.857765 -0.306714
vn -0.412511 0.857766 -0.306714
vn 0.466386 0.830200 -0.305374
vn 0.466386 0.830200 -0.305374
vn 0.466386 0.830200 -0.305374
vn 0.466386 0.830200 -0.305374
vn 0.804771 0.365012 -0.468091
vn 0.804771 0.365012 -0.468091
vn 0.804771 0.365012 -0.468091
vn 0.804771 0.365012 -0.468091
vn -0.364086 0.433138 -0.824520
vn -0.364086 0.433138 -0.824520
vn -0.390630 0.410357 -0.824024
vn -0.376777 0.422360 -0.824409
vn -0.355309 0.345854 -0.868413
vn -0.392418 0.345271 -0.852523
vn -0.166487 0.362254 -0.917090
vn -0.094449 0.388223 -0.916713
vn 0.039206 0.406476 -0.912820
vn 0.045220 0.393756 -0.918102
vn 0.051792 0.379729 -0.923647
vn 0.051792 0.379729 -0.923647
vn -0.762351 -0.136266 -0.632655
vn -0.762351 -0.136266 -0.632655
vn -0.762351 -0.136266 -0.632655
vn -0.762351 -0.136266 -0.632655
vn -0.376901 -0.485411 -0.788873
vn -0.376902 -0.485412 -0.788873
vn -0.189847 -0.446301 -0.874514
vn -0.216278 -0.452894 -0.864934
vn 0.084093 -0.359218 -0.929457
vn 0.084093 -0.359218 -0.929457
vn -0.445477 -0.383597 -0.808952
vn -0.445477 -0.383597 -0.808952
vn -0.445477 -0.383597 -0.808952
vn -0.445477 -0.383597 -0.808952
vn -0.734387 0.110907 -0.669609
vn -0.734387 0.110907 -0.669609
vn -0.734387 0.110907 -0.669609
vn -0.734387 0.110907 -0.669609
vn -0.190602 -0.980103 0.055389
vn -0.190602 -0.980103 0.055389
vn -0.204942 -0.975708 0.077411
vn -0.196775 -0.978302 0.064848
vn -0.085150 -0.978390 0.188420
vn -0.158133 -0.969736 0.186029
vn 0.071500 -0.992506 0.099099
vn 0.067539 -0.992344 0.103401
vn 0.143605 -0.989407 0.021253
vn 0.139399 -0.989723 0.031874
vn 0.073482 -0.997233 0.011269
vn 0.033419 -0.999325 -0.015259
vn -0.016641 -0.998056 -0.060055
vn -0.016103 -0.997679 -0.066155
vn -0.014249 -0.996096 -0.087122
vn -0.014249 -0.996096 -0.087122
vn 0.756536 -0.652562 0.042611
vn 0.756536 -0.652562 0.042611
vn 0.756536 -0.652562 0.042611
vn 0.756536 -0.652562 0.042611
vn 0.227420 -0.726774 -0.648136
vn 0.227420 -0.726774 -0.648136
vn 0.227420 -0.726774 -0.648136
vn 0.227420 -0.726774 -0.648136
vn -0.279620 -0.578799 -0.766032
vn -0.279620 -0.578799 -0.766032
vn -0.223599 -0.641924 -0.733442
vn -0.233404 -0.631399 -0.739499
vn -0.193564 -0.672855 -0.714003
vn -0.193564 -0.672855 -0.714003
vn 0.640561 -0.437869 -0.630835
vn 0.640561 -0.437869 -0.630835
vn 0.640561 -0.437869 -0.630835
vn 0.640561 -0.437869 -0.630835
vn 0.839119 -0.543729 -0.015418
vn 0.839119 -0.543729 -0.015418
vn 0.806803 -0.582034 0.101516
vn 0.794278 -0.591896 0.137050
vn 0.685159 -0.633471 0.359543
vn 0.685159 -0.633471 0.359543
vn 0.979511 -0.096260 -0.176894
vn 0.979511 -0.096260 -0.176894
vn 0.447864 -0.038278 -0.893282
vn 0.447864 -0.038278 -0.893282
vn 0.447864 -0.038278 -0.893282
vn 0.447864 -0.038278 -0.893282
vn -0.429746 0.198425 -0.880878
vn -0.429746 0.198425 -0.880878
vn -0.379519 0.177889 -0.907921
vn -0.384518 0.179936 -0.905411
vn -0.345326 0.163862 -0.924067
vn -0.345326 0.163862 -0.924067
vn 0.650077 0.169593 -0.740701
vn 0.650077 0.169593 -0.740701
vn 0.650077 0.169593 -0.740701
vn 0.650077 0.169593 -0.740701
vn 0.977742 0.205242 0.043549
vn 0.977742 0.205242 0.043549
vn 0.977742 0.205242 0.043549
vn 0.977742 0.205242 0.043549
vn 0.826203 0.131924 0.547709
vn 0.826203 0.131924 0.547709
vn 0.826203 0.131924 0.547709
vn 0.826203 0.131924 0.547709
vn 0.704727 0.694130 -0.146781
vn 0.704727 0.694130 -0.146781
vn 0.701539 0.693870 -0.162442
vn 0.696933 0.693234 -0.183605
vn 0.668942 0.685149 -0.288250
vn 0.668941 0.685149 -0.288250
vn -0.112201 0.787642 -0.605832
vn -0.112201 0.787642 -0.605832
vn -0.154642 0.837904 -0.523453
vn -0.158945 0.842584 -0.514577
vn -0.187074 0.871142 -0.454000
vn -0.187074 0.871142 -0.454000
vn 0.437329 0.783860 -0.440802
vn 0.437329 0.783860 -0.440802
vn 0.437329 0.783860 -0.440802
vn 0.437329 0.783860 -0.440802
vn 0.534144 0.834912 0.132714
vn 0.534144 0.834912 0.132714
vn 0.481959 0.840074 0.248980
vn 0.498410 0.839964 0.214588
vn 0.391888 0.823078 0.411055
vn 0.391888 0.823078 0.411055
vn -0.045689 0.997405 0.055644
vn -0.045689 0.997405 0.055644
vn -0.017460 0.990345 0.137520
vn 0.001244 0.981592 0.190989
vn 0.147637 0.906847 0.394755
vn 0.210024 0.896718 0.389599
vn 0.232972 0.903502 0.359734
vn 0.225314 0.906479 0.357114
vn 0.166881 0.926798 0.336447
vn 0.166881 0.926798 0.336447
vn -0.442296 0.798542 0.408295
vn -0.442296 0.798542 0.408295
vn -0.449757 0.862434 0.232221
vn -0.448552 0.839251 0.307341
vn -0.435968 0.897642 0.064580
vn -0.440349 0.893030 0.092687
vn -0.416921 0.908133 -0.038349
vn -0.416921 0.908133 -0.038349
vn -0.748398 0.601061 0.280402
vn -0.748398 0.601061 0.280402
vn -0.748398 0.601061 0.280402
vn -0.748398 0.601061 0.280402
vn -0.509407 0.451476 0.732581
vn -0.509407 0.451476 0.732581
vn -0.509407 0.451476 0.732581
vn -0.509407 0.451476 0.732581
vn 0.237688 0.204232 0.949628
vn 0.237688 0.204232 0.949628
vn 0.318959 0.233699 0.918504
vn 0.328328 0.237031 0.914340
vn 0.439300 0.275367 0.855096
vn 0.439300 0.275367 0.855096
vn -0.827636 0.080283 0.555494
vn -0.827636 0.080283 0.555494
vn -0.827636 0.080283 0.555494
vn -0.827636 0.080283 0.555494
vn -0.985537 0.167090 0.028243
vn -0.985537 0.167090 0.028243
vn -0.966467 0.209944 -0.147867
vn -0.970871 0.204629 -0.124649
vn -0.874146 0.262111 -0.408859
vn -0.874146 0.262111 -0.408859
vn -0.890470 -0.001379 0.455041
vn -0.890470 -0.001379 0.455041
vn -0.807449 -0.149302 0.570732
vn -0.838512 -0.101376 0.535370
vn -0.658816 -0.322290 0.679773
vn -0.658816 -0.322290 0.679772
vn 0.109072 -0.497828 0.860390
vn 0.109072 -0.497828 0.860390
vn 0.237598 -0.535386 0.810499
vn 0.249101 -0.538274 0.805115
vn 0.420102 -0.570997 0.705320
vn 0.420102 -0.570997 0.705320
vn -0.708131 -0.429077 0.560753
vn -0.708131 -0.429077 0.560753
vn -0.708131 -0.429077 0.560753
vn -0.708131 -0.429077 0.560753
vn -0.827699 -0.559314 -0.045628
vn -0.827699 -0.559314 -0.045629
vn -0.807528 -0.563851 -0.173118
vn -0.798992 -0.563394 -0.210235
vn -0.718987 -0.541760 -0.435379
vn -0.718987 -0.541760 -0.435379
vn 0.235388 -0.955706 0.176686
vn 0.235388 -0.955706 0.176686
vn 0.195591 -0.959501 0.202737
vn 0.132355 -0.961052 0.242615
vn -0.137557 -0.948659 0.284824
vn -0.182726 -0.959975 0.212272
vn -0.203759 -0.973298 0.105706
vn -0.208600 -0.971923 0.108866
vn -0.158703 -0.983286 0.089232
vn -0.157767 -0.984178 0.080648
vn -0.162750 -0.978383 0.127591
vn -0.162750 -0.978383 0.127591
vn 0.705729 -0.114271 0.699206
vn 0.705729 -0.114271 0.699206
vn 0.705729 -0.114271 0.699206
vn 0.705729 -0.114271 0.699206
vn -0.056816 -0.345044 0.936865
vn -0.056816 -0.345044 0.936865
vn -0.056816 -0.345044 0.936865
vn -0.056816 -0.345044 0.936865
vn -0.814128 -0.385487 0.434276
vn -0.814128 -0.385487 0.434276
vn -0.795632 -0.412469 0.443666
vn -0.797976 -0.409148 0.442529
vn -0.747956 -0.474694 0.463925
vn -0.747956 -0.474694 0.463925
vn -0.229845 -0.370796 0.899823
vn -0.229845 -0.370796 0.899823
vn -0.229845 -0.370796 0.899823
vn -0.229845 -0.370796 0.899823
vn 0.607691 0.479443 0.633124
vn 0.607691 0.479443 0.633124
vn 0.607691 0.479443 0.633124
vn 0.607691 0.479443 0.633124
vn -0.119376 0.356040 0.926814
vn -0.119376 0.356040 0.926814
vn -0.119376 0.356040 0.926814
vn -0.119376 0.356040 0.926814
vn -0.865353 0.298113 0.402856
vn -0.865353 0.298113 0.402857
vn -0.852464 0.321694 0.412090
vn -0.851127 0.324056 0.413002
vn -0.812095 0.387257 0.436503
vn -0.812095 0.387257 0.436502
vn -0.232686 0.374451 0.897577
vn -0.232686 0.374451 0.897577
vn -0.232686 0.374451 0.897577
vn -0.232686 0.374451 0.897577
vn -0.040191 0.984646 0.169871
vn -0.040191 0.984646 0.169871
vn -0.105450 0.971750 0.211143
vn -0.063993 0.980648 0.185027
vn -0.349403 0.929254 0.120023
vn -0.294127 0.936559 0.190650
vn -0.371865 0.927613 0.035367
vn -0.365637 0.930159 0.033372
vn -0.293470 0.955479 0.030573
vn -0.277484 0.959022 0.057267
vn -0.200296 0.963146 0.179530
vn -0.200296 0.963146 0.179530
vn -0.594463 0.646546 -0.478112
vn -0.594463 0.646546 -0.478112
vn -0.594463 0.646546 -0.478112
vn -0.594463 0.646546 -0.478112
vn 0.111177 0.662809 -0.740489
vn 0.111177 0.662809 -0.740489
vn 0.111177 0.662809 -0.740489
vn 0.111177 0.662809 -0.740489
vn 0.577282 0.728837 -0.368162
vn 0.577282 0.728837 -0.368162
vn 0.510589 0.754627 -0.412113
vn 0.504960 0.756506 -0.415588
vn 0.394657 0.785153 -0.477264
vn 0.394657 0.785153 -0.477264
vn -0.027444 0.650348 -0.759140
vn -0.027444 0.650348 -0.759140
vn -0.027444 0.650348 -0.759140
vn -0.027444 0.650348 -0.759140
vn -0.707409 -0.057548 -0.704458
vn -0.707409 -0.057548 -0.704458
vn 0.410507 0.032509 -0.911278
vn 0.410507 0.032509 -0.911278
vn 0.410507 0.032509 -0.911278
vn 0.410507 0.032509 -0.911278
vn 0.921914 0.048603 -0.384335
vn 0.921914 0.048603 -0.384334
vn 0.867923 0.042907 -0.494842
vn 0.867246 0.042839 -0.496034
vn 0.747124 0.031836 -0.663922
vn 0.747124 0.031836 -0.663922
vn 0.059566 -0.019789 -0.998028
vn 0.059566 -0.019789 -0.998028
vn 0.059566 -0.019789 -0.998028
vn 0.059566 -0.019789 -0.998028
vn -0.423188 -0.787246 -0.448503
vn -0.423188 -0.787246 -0.448503
vn -0.423188 -0.787246 -0.448503
vn -0.423188 -0.787246 -0.448503
vn 0.106308 -0.718234 -0.687633
vn 0.106308 -0.718234 -0.687633
vn 0.106308 -0.718234 -0.687633
vn 0.106308 -0.718234 -0.687633
vn 0.701534 -0.648863 -0.294664
vn 0.701534 -0.648863 -0.294664
vn 0.627848 -0.694724 -0.350949
vn 0.632189 -0.692332 -0.347870
vn 0.508904 -0.748047 -0.425961
vn 0.508904 -0.748047 -0.425961
vn 0.006376 -0.657629 -0.753315
vn 0.006376 -0.657629 -0.753315
vn 0.006376 -0.657629 -0.753315
vn 0.006376 -0.657629 -0.753315
s 1
g tree6
usemtl lambert8SG
f 3437/4620/8326 3438/4301/8327 3655/4609/8328 3444/4610/8329 3443/4617/8330 3707/4616/8331
s off
f 3663/4306/8332 3670/4307/8333 3677/4308/8334 3684/4309/8335 3691/4310/8336 3698/4311/8337 3705/4312/8338
s 2
f 3439/4612/8339 3440/4314/8340 3446/4315/8341 3445/4667/8342 3656/4607/8343
s 3
f 3440/4314/8344 3441/4318/8345 3447/4319/8346 3446/4315/8347
s 4
f 3441/4318/8348 3442/4320/8349 3708/4614/8350 3448/4615/8351 3447/4319/8352
s off
f 3713/4323/8353 3718/4324/8354 3723/4325/8355 3728/4326/8356 3733/4327/8357 3738/4328/8358 3743/4329/8359
s 5
f 3451/4330/8360 3454/4331/8361 3455/4332/8362
f 3454/4331/8361 3458/4333/8363 3455/4332/8362
f 3458/4333/8363 3461/4334/8364 3455/4332/8362
f 3461/4659/8364 3464/4335/8365 3455/4332/8362
f 3464/4335/8365 3467/4336/8366 3455/4332/8362
f 3467/4336/8366 3451/4330/8360 3455/4332/8362
s 1
f 3443/4617/8330 3444/4610/8329 3452/4624/8367 3612/4623/8368 3449/4628/8369
s off
f 3618/4340/8370 3623/4341/8371 3628/4342/8372 3633/4343/8373 3638/4344/8374 3643/4345/8375 3648/4346/8376 3653/4699/8377
s 6
f 3450/4348/8378 3453/4349/8379 3490/4350/8380 3491/4647/8381
s off
f 3444/4610/8382 3654/4611/8383 3445/4608/8384 3456/4666/8385 3452/4624/8386
s 7
f 3452/4624/8387 3456/4666/8388 3609/4354/8389 3604/4626/8390 3611/4625/8391
f 3453/4349/8392 3457/4357/8393 3489/4358/8394 3490/4350/8395
s 2
f 3445/4667/8342 3446/4315/8341 3459/4359/8396 3456/4353/8397
f 3456/4353/8397 3459/4359/8396 3608/4360/8398 3609/4656/8399
s 9
f 3457/4664/8400 3460/4361/8401 3488/4362/8402 3489/4662/8403
s 3
f 3446/4315/8347 3447/4319/8346 3462/4363/8404 3459/4359/8405
f 3459/4359/8405 3462/4363/8404 3607/4364/8406 3608/4360/8407
s 10
f 3460/4361/8408 3463/4365/8409 3487/4649/8410 3488/4362/8411
s 4
f 3447/4319/8352 3448/4615/8351 3465/4367/8412 3462/4363/8413
s 11
f 3462/4363/8414 3465/4367/8415 3606/4368/8416 3607/4364/8417
s 12
f 3463/4365/8418 3466/4369/8419 3486/4648/8420 3487/4649/8421
s 13
f 3448/4615/8422 3706/4618/8423 3443/4617/8424 3449/4628/8425 3465/4367/8426
f 3465/4367/8426 3449/4628/8425 3610/4627/8427 3605/4622/8428 3606/4368/8429
f 3466/4369/8430 3450/4348/8431 3491/4647/8432 3486/4648/8433
s 10
f 3469/4634/8434 3468/4639/8435 3528/4642/8436 3480/4636/8437 3481/4378/8438
s 9
f 3470/4665/8439 3469/4634/8440 3481/4378/8441 3482/4663/8442
s 7
f 3471/4381/8443 3470/4631/8444 3482/4380/8445 3483/4382/8446
s 6
f 3472/4383/8447 3471/4381/8448 3483/4382/8449 3484/4384/8450
s 13
f 3473/4643/8451 3472/4383/8452 3484/4384/8453 3485/4641/8454 3529/4640/8455
s off
f 3537/4388/8456 3534/4389/8457 3540/4390/8458 3543/4391/8459 3546/4392/8460 3549/4393/8461 3552/4394/8462 3555/4395/8463
s 18
f 3515/4396/8464 3512/4397/8465 3518/4398/8466 3521/4399/8467
f 3524/4400/8468 3515/4396/8464 3521/4399/8467 3527/4401/8469
s 7
f 3477/4402/8470 3476/4403/8471 3470/4631/8444 3471/4381/8443
s 6
f 3478/4404/8472 3477/4402/8473 3471/4381/8448 3472/4383/8447
s 13
f 3479/4405/8474 3478/4404/8475 3472/4383/8452 3473/4643/8451
s 11
f 3474/4406/8476 3479/4405/8477 3473/4643/8478 3530/4637/8479 3468/4638/8480
s 10
f 3481/4378/8438 3480/4636/8437 3463/4365/8409 3460/4361/8408
s 9
f 3482/4663/8442 3481/4378/8441 3460/4361/8401 3457/4664/8400
s 7
f 3483/4382/8446 3482/4380/8445 3457/4357/8393 3453/4349/8392
s 6
f 3484/4384/8450 3483/4382/8449 3453/4349/8379 3450/4348/8378
s 13
f 3485/4641/8454 3484/4384/8453 3450/4348/8431 3466/4369/8430
s 12
f 3480/4636/8481 3531/4635/8482 3485/4641/8483 3466/4369/8419 3463/4365/8418
s 19
f 3563/4409/8484 3559/4410/8485 3567/4411/8486 3571/4412/8487
s 10
f 3488/4362/8411 3487/4649/8410 3495/4645/8488 3496/4414/8489
s 9
f 3489/4662/8403 3488/4362/8402 3496/4414/8490 3497/4660/8491
s 7
f 3490/4350/8395 3489/4358/8394 3497/4415/8492 3492/4416/8493
s 6
f 3491/4647/8381 3490/4350/8380 3492/4416/8494 3493/4646/8495
s 19
f 3559/4410/8485 3575/4418/8496 3579/4419/8497 3567/4411/8486
s 6
f 3493/4646/8495 3492/4416/8494 3499/4655/8498 3500/4421/8499
s 20
f 3494/4644/8500 3493/4646/8501 3500/4421/8502 3501/4423/8503
f 3495/4645/8504 3494/4644/8500 3501/4423/8503 3502/4424/8505
s 10
f 3496/4414/8489 3495/4645/8488 3502/4424/8506 3503/4653/8507
s 9
f 3497/4660/8491 3496/4414/8490 3503/4653/8508 3498/4654/8509
s 7
f 3492/4416/8493 3497/4415/8492 3498/4661/8510 3499/4655/8511
s 21
f 3583/4427/8512 3581/4428/8513 3585/4429/8514 3587/4430/8515
s 6
f 3500/4421/8499 3499/4655/8498 3507/4651/8516 3508/4432/8517
s 20
f 3501/4423/8503 3500/4421/8502 3508/4432/8518 3509/4433/8519
f 3502/4424/8505 3501/4423/8503 3509/4433/8520 3504/4434/8521
s 10
f 3503/4653/8507 3502/4424/8506 3504/4434/8522 3505/4658/8523
s 21
f 3581/4428/8513 3589/4436/8524 3591/4437/8525 3585/4429/8514
s 10
f 3505/4658/8523 3504/4434/8522 3464/4335/8526 3461/4659/8527
s 22
f 3506/4650/8528 3505/4652/8529 3461/4334/8530 3458/4333/8531
f 3507/4651/8532 3506/4650/8528 3458/4333/8531 3454/4331/8533
s 6
f 3508/4432/8517 3507/4651/8516 3454/4331/8534 3451/4330/8535
s 20
f 3509/4433/8519 3508/4432/8518 3451/4330/8536 3467/4336/8537
f 3504/4434/8521 3509/4433/8520 3467/4336/8538 3464/4335/8539
s 23
f 3603/4439/8540 3592/4440/8541 3475/4629/8542 3474/4632/8543 3597/4442/8544 3602/4443/8545 3510/4444/8546 3513/4445/8547
f 3513/4445/8547 3510/4444/8546 3511/4446/8548 3514/4447/8549
f 3514/4447/8549 3511/4446/8548 3512/4397/8550 3515/4396/8551
s 11
f 3602/4443/8552 3597/4442/8553 3474/4632/8476 3468/4633/8480 3596/4448/8554 3601/4449/8555 3516/4450/8556 3510/4444/8557
s 24
f 3510/4444/8558 3516/4450/8559 3517/4451/8560 3511/4446/8561
f 3511/4446/8561 3517/4451/8560 3518/4398/8562 3512/4397/8563
s 25
f 3601/4449/8564 3596/4448/8565 3468/4633/8566 3469/4374/8567 3595/4452/8568 3600/4453/8569 3519/4454/8570 3516/4450/8571
f 3516/4450/8571 3519/4454/8570 3520/4455/8572 3517/4451/8573
s off
f 3517/4451/8574 3520/4455/8575 3521/4399/8576 3518/4398/8577
s 26
f 3598/4456/8578 3593/4457/8579 3476/4684/8580 3475/4629/8581 3592/4440/8582 3603/4439/8583 3513/4445/8584 3522/4680/8585
f 3522/4680/8585 3513/4445/8584 3514/4447/8586 3523/4683/8587
s off
f 3523/4683/8588 3514/4447/8589 3515/4396/8590 3524/4682/8591
s 27
f 3600/4453/8592 3595/4452/8593 3469/4374/8594 3470/4379/8595 3594/4460/8596 3599/4461/8597 3525/4462/8598 3519/4454/8599
f 3519/4454/8599 3525/4462/8598 3526/4463/8600 3520/4455/8601
f 3520/4455/8601 3526/4463/8600 3527/4401/8602 3521/4399/8603
s 7
f 3599/4461/8604 3594/4460/8605 3470/4379/8444 3476/4630/8471 3593/4681/8606 3598/4679/8607 3522/4458/8608 3525/4462/8609
s 28
f 3525/4462/8610 3522/4458/8611 3523/4459/8612 3526/4463/8613
f 3526/4463/8613 3523/4459/8612 3524/4400/8614 3527/4401/8615
s 29
f 3468/4375/8616 3530/4407/8617 3532/4464/8618 3535/4465/8619
f 3535/4465/8619 3532/4464/8618 3533/4466/8620 3536/4467/8621
s off
f 3536/4467/8622 3533/4466/8623 3534/4389/8624 3537/4388/8625
f 3530/4407/8626 3473/4385/8627 3538/4468/8628 3532/4464/8629
f 3532/4464/8630 3538/4468/8631 3539/4469/8632 3533/4466/8633
f 3533/4466/8634 3539/4469/8635 3540/4390/8636 3534/4389/8637
s 13
f 3473/4385/8451 3529/4387/8455 3541/4470/8638 3538/4468/8639
f 3538/4468/8639 3541/4470/8638 3542/4471/8640 3539/4469/8641
f 3539/4469/8641 3542/4471/8640 3543/4391/8642 3540/4390/8643
f 3529/4387/8455 3485/4693/8454 3544/4692/8644 3541/4470/8645
f 3541/4470/8645 3544/4692/8644 3545/4691/8646 3542/4471/8647
s off
f 3542/4471/8648 3545/4691/8649 3546/4690/8650 3543/4391/8651
s 30
f 3485/4386/8652 3531/4408/8653 3547/4474/8654 3544/4472/8655
f 3544/4472/8655 3547/4474/8654 3548/4475/8656 3545/4473/8657
s off
f 3545/4473/8658 3548/4475/8659 3549/4393/8660 3546/4392/8661
f 3531/4408/8662 3480/4377/8663 3550/4476/8664 3547/4474/8665
f 3547/4474/8666 3550/4476/8667 3551/4477/8668 3548/4475/8669
f 3548/4475/8670 3551/4477/8671 3552/4394/8672 3549/4393/8673
s 31
f 3480/4377/8674 3528/4376/8675 3553/4478/8676 3550/4476/8677
f 3550/4476/8677 3553/4478/8676 3554/4479/8678 3551/4477/8679
f 3551/4477/8679 3554/4479/8678 3555/4395/8680 3552/4394/8681
s 32
f 3528/4376/8682 3468/4375/8683 3535/4465/8684 3553/4478/8685
f 3553/4478/8685 3535/4465/8684 3536/4467/8686 3554/4479/8687
s off
f 3554/4479/8688 3536/4467/8689 3537/4388/8690 3555/4395/8691
s 33
f 3487/4366/8692 3486/4370/8693 3556/4480/8694 3560/4481/8695
f 3560/4481/8695 3556/4480/8694 3557/4482/8696 3561/4483/8697
f 3561/4483/8697 3557/4482/8696 3558/4484/8698 3562/4485/8699
f 3562/4485/8699 3558/4484/8698 3559/4410/8700 3563/4409/8701
s 34
f 3494/4422/8702 3495/4413/8703 3568/4486/8704 3564/4487/8705
f 3564/4487/8705 3568/4486/8704 3569/4488/8706 3565/4489/8707
f 3565/4489/8707 3569/4488/8706 3570/4490/8708 3566/4491/8709
s off
f 3566/4491/8710 3570/4490/8711 3571/4412/8712 3567/4411/8713
s 10
f 3495/4413/8488 3487/4366/8410 3560/4481/8714 3568/4486/8715
f 3568/4486/8715 3560/4481/8714 3561/4483/8716 3569/4488/8717
f 3569/4488/8717 3561/4483/8716 3562/4485/8718 3570/4490/8719
f 3570/4490/8719 3562/4485/8718 3563/4409/8720 3571/4412/8721
s 35
f 3486/4370/8722 3491/4689/8723 3572/4688/8724 3556/4480/8725
f 3556/4480/8725 3572/4688/8724 3573/4687/8726 3557/4482/8727
f 3557/4482/8727 3573/4687/8726 3574/4686/8728 3558/4484/8729
s off
f 3558/4484/8730 3574/4686/8731 3575/4685/8732 3559/4410/8733
s 6
f 3491/4351/8381 3493/4417/8495 3576/4495/8734 3572/4492/8735
f 3572/4492/8735 3576/4495/8734 3577/4496/8736 3573/4493/8737
f 3573/4493/8737 3577/4496/8736 3578/4497/8738 3574/4494/8739
f 3574/4494/8739 3578/4497/8738 3579/4419/8740 3575/4418/8741
s 36
f 3493/4417/8742 3494/4422/8743 3564/4487/8744 3576/4495/8745
f 3576/4495/8745 3564/4487/8744 3565/4489/8746 3577/4496/8747
f 3577/4496/8747 3565/4489/8746 3566/4491/8748 3578/4497/8749
f 3578/4497/8749 3566/4491/8748 3567/4411/8750 3579/4419/8751
s off
f 3499/4420/8752 3498/4426/8753 3580/4498/8754 3582/4499/8755
f 3582/4499/8756 3580/4498/8757 3581/4428/8758 3583/4427/8759
f 3506/4438/8760 3507/4431/8761 3586/4500/8762 3584/4501/8763
f 3584/4501/8764 3586/4500/8765 3587/4430/8766 3585/4429/8767
s 6
f 3507/4431/8516 3499/4420/8498 3582/4499/8768 3586/4500/8769
s off
f 3586/4500/8770 3582/4499/8771 3583/4427/8772 3587/4430/8773
s 37
f 3498/4426/8774 3503/4425/8775 3588/4502/8776 3580/4498/8777
f 3580/4498/8777 3588/4502/8776 3589/4436/8778 3581/4428/8779
s 10
f 3503/4425/8507 3505/4677/8523 3590/4676/8780 3588/4502/8781
s off
f 3588/4502/8782 3590/4676/8783 3591/4678/8784 3589/4436/8785
f 3505/4435/8786 3506/4438/8787 3584/4501/8788 3590/4503/8789
f 3590/4503/8790 3584/4501/8791 3585/4429/8792 3591/4437/8793
s 6
f 3605/4622/8794 3613/4621/8795 3604/4626/8796 3477/4402/8473 3478/4404/8472
s 13
f 3606/4368/8429 3605/4622/8428 3478/4404/8475 3479/4405/8474
s 11
f 3607/4364/8417 3606/4368/8416 3479/4405/8477 3474/4406/8476
s 3
f 3608/4360/8407 3607/4364/8406 3474/4406/8797 3475/4441/8798
s 2
f 3609/4656/8399 3608/4360/8398 3475/4441/8799 3476/4657/8800
s 7
f 3604/4626/8390 3609/4354/8389 3476/4403/8471 3477/4402/8470
s off
f 3449/4339/8801 3612/4338/8802 3619/4505/8803 3614/4506/8804
s 38
f 3614/4506/8805 3619/4505/8806 3620/4507/8807 3615/4508/8808
f 3615/4508/8808 3620/4507/8807 3621/4509/8809 3616/4510/8810
s off
f 3616/4510/8811 3621/4509/8812 3622/4511/8813 3617/4512/8814
f 3617/4512/8815 3622/4511/8816 3623/4341/8817 3618/4340/8818
s 39
f 3612/4338/8819 3452/4337/8820 3624/4513/8821 3619/4505/8822
f 3619/4505/8822 3624/4513/8821 3625/4514/8823 3620/4507/8824
f 3620/4507/8824 3625/4514/8823 3626/4515/8825 3621/4509/8826
s off
f 3621/4509/8827 3626/4515/8828 3627/4516/8829 3622/4511/8830
f 3622/4511/8831 3627/4516/8832 3628/4342/8833 3623/4341/8834
s 7
f 3452/4337/8387 3611/4356/8391 3629/4517/8835 3624/4513/8836
f 3624/4513/8836 3629/4517/8835 3630/4518/8837 3625/4514/8838
f 3625/4514/8838 3630/4518/8837 3631/4519/8839 3626/4515/8840
f 3626/4515/8840 3631/4519/8839 3632/4520/8841 3627/4516/8842
f 3627/4516/8842 3632/4520/8841 3633/4343/8843 3628/4342/8844
s off
f 3611/4356/8845 3604/4355/8846 3634/4521/8847 3629/4517/8848
f 3629/4517/8849 3634/4521/8850 3635/4522/8851 3630/4518/8852
f 3630/4518/8853 3635/4522/8854 3636/4523/8855 3631/4519/8856
f 3631/4519/8857 3636/4523/8858 3637/4524/8859 3632/4520/8860
f 3632/4520/8861 3637/4524/8862 3638/4344/8863 3633/4343/8864
f 3604/4355/8865 3613/4504/8866 3639/4525/8867 3634/4521/8868
s 40
f 3634/4521/8869 3639/4525/8870 3640/4526/8871 3635/4522/8872
f 3635/4522/8872 3640/4526/8871 3641/4527/8873 3636/4523/8874
s off
f 3636/4523/8875 3641/4527/8876 3642/4528/8877 3637/4524/8878
f 3637/4524/8879 3642/4528/8880 3643/4345/8881 3638/4344/8882
s 41
f 3613/4504/8883 3605/4373/8884 3644/4529/8885 3639/4525/8886
f 3639/4525/8886 3644/4529/8885 3645/4530/8887 3640/4526/8888
f 3640/4526/8888 3645/4530/8887 3646/4531/8889 3641/4527/8890
s off
f 3641/4527/8891 3646/4531/8892 3647/4532/8893 3642/4528/8894
f 3642/4528/8895 3647/4532/8896 3648/4346/8897 3643/4345/8898
s 42
f 3605/4373/8899 3610/4698/8900 3649/4697/8901 3644/4529/8902
f 3644/4529/8902 3649/4697/8901 3650/4696/8903 3645/4530/8904
f 3645/4530/8904 3650/4696/8903 3651/4695/8905 3646/4531/8906
f 3646/4531/8906 3651/4695/8905 3652/4694/8907 3647/4532/8908
f 3647/4532/8908 3652/4694/8907 3653/4699/8909 3648/4346/8910
s off
f 3610/4372/8911 3449/4339/8912 3614/4506/8913 3649/4533/8914
s 43
f 3649/4533/8915 3614/4506/8916 3615/4508/8917 3650/4534/8918
f 3650/4534/8918 3615/4508/8917 3616/4510/8919 3651/4535/8920
s off
f 3651/4535/8921 3616/4510/8922 3617/4512/8923 3652/4536/8924
f 3652/4536/8925 3617/4512/8926 3618/4340/8927 3653/4347/8928
s 44
f 3438/4613/8929 3439/4313/8930 3664/4537/8931 3657/4538/8932
f 3657/4538/8932 3664/4537/8931 3665/4539/8933 3658/4540/8934
f 3658/4540/8934 3665/4539/8933 3666/4541/8935 3659/4542/8936
f 3659/4542/8936 3666/4541/8935 3667/4543/8937 3660/4544/8938
f 3660/4544/8938 3667/4543/8937 3668/4545/8939 3661/4546/8940
f 3661/4546/8940 3668/4545/8939 3669/4547/8941 3662/4548/8942
f 3662/4548/8942 3669/4547/8941 3670/4307/8943 3663/4306/8944
s off
f 3439/4313/8945 3656/4317/8946 3671/4549/8947 3664/4537/8948
f 3664/4537/8949 3671/4549/8950 3672/4550/8951 3665/4539/8952
s 45
f 3665/4539/8953 3672/4550/8954 3673/4551/8955 3666/4541/8956
f 3666/4541/8956 3673/4551/8955 3674/4552/8957 3667/4543/8958
s off
f 3667/4543/8959 3674/4552/8960 3675/4553/8961 3668/4545/8962
s 46
f 3668/4545/8963 3675/4553/8964 3676/4554/8965 3669/4547/8966
f 3669/4547/8966 3676/4554/8965 3677/4308/8967 3670/4307/8968
s 2
f 3656/4317/8343 3445/4316/8342 3678/4555/8969 3671/4549/8970
s off
f 3671/4549/8971 3678/4555/8972 3679/4556/8973 3672/4550/8974
s 47
f 3672/4550/8975 3679/4556/8976 3680/4557/8977 3673/4551/8978
f 3673/4551/8978 3680/4557/8977 3681/4558/8979 3674/4552/8980
s off
f 3674/4552/8981 3681/4558/8982 3682/4559/8983 3675/4553/8984
f 3675/4553/8985 3682/4559/8986 3683/4560/8987 3676/4554/8988
f 3676/4554/8989 3683/4560/8990 3684/4309/8991 3677/4308/8992
s 48
f 3445/4316/8993 3654/4352/8994 3685/4561/8995 3678/4555/8996
f 3678/4555/8996 3685/4561/8995 3686/4562/8997 3679/4556/8998
s 49
f 3679/4556/8999 3686/4562/9000 3687/4563/9001 3680/4557/9002
f 3680/4557/9002 3687/4563/9001 3688/4564/9003 3681/4558/9004
s off
f 3681/4558/9005 3688/4564/9006 3689/4565/9007 3682/4559/9008
s 50
f 3682/4559/9009 3689/4565/9010 3690/4566/9011 3683/4560/9012
f 3683/4560/9012 3690/4566/9011 3691/4310/9013 3684/4309/9014
s 51
f 3654/4352/9015 3444/4303/9016 3692/4567/9017 3685/4561/9018
f 3685/4561/9018 3692/4567/9017 3693/4568/9019 3686/4562/9020
f 3686/4562/9020 3693/4568/9019 3694/4569/9021 3687/4563/9022
f 3687/4563/9022 3694/4569/9021 3695/4570/9023 3688/4564/9024
s 52
f 3688/4564/9025 3695/4570/9026 3696/4571/9027 3689/4565/9028
f 3689/4565/9028 3696/4571/9027 3697/4572/9029 3690/4566/9030
f 3690/4566/9030 3697/4572/9029 3698/4311/9031 3691/4310/9032
s off
f 3444/4303/9033 3655/4674/9034 3699/4673/9035 3692/4567/9036
f 3692/4567/9037 3699/4673/9038 3700/4672/9039 3693/4568/9040
s 53
f 3693/4568/9041 3700/4672/9042 3701/4671/9043 3694/4569/9044
f 3694/4569/9044 3701/4671/9043 3702/4670/9045 3695/4570/9046
s off
f 3695/4570/9047 3702/4670/9048 3703/4669/9049 3696/4571/9050
s 54
f 3696/4571/9051 3703/4669/9052 3704/4668/9053 3697/4572/9054
f 3697/4572/9054 3704/4668/9053 3705/4675/9055 3698/4311/9056
s 55
f 3655/4302/9057 3438/4613/9058 3657/4538/9059 3699/4573/9060
f 3699/4573/9060 3657/4538/9059 3658/4540/9061 3700/4574/9062
s 56
f 3700/4574/9063 3658/4540/9064 3659/4542/9065 3701/4575/9066
f 3701/4575/9066 3659/4542/9065 3660/4544/9067 3702/4576/9068
s off
f 3702/4576/9069 3660/4544/9070 3661/4546/9071 3703/4577/9072
s 57
f 3703/4577/9073 3661/4546/9074 3662/4548/9075 3704/4578/9076
f 3704/4578/9076 3662/4548/9075 3663/4306/9077 3705/4312/9078
s 58
f 3442/4619/9079 3437/4300/9080 3714/4579/9081 3709/4580/9082
f 3709/4580/9082 3714/4579/9081 3715/4581/9083 3710/4582/9084
f 3710/4582/9084 3715/4581/9083 3716/4583/9085 3711/4584/9086
f 3711/4584/9086 3716/4583/9085 3717/4585/9087 3712/4586/9088
f 3712/4586/9088 3717/4585/9087 3718/4324/9089 3713/4323/9090
s off
f 3437/4300/9091 3707/4305/9092 3719/4587/9093 3714/4579/9094
f 3714/4579/9095 3719/4587/9096 3720/4588/9097 3715/4581/9098
s 59
f 3715/4581/9099 3720/4588/9100 3721/4589/9101 3716/4583/9102
f 3716/4583/9102 3721/4589/9101 3722/4590/9103 3717/4585/9104
s off
f 3717/4585/9105 3722/4590/9106 3723/4325/9107 3718/4324/9108
f 3707/4305/9109 3443/4304/9110 3724/4591/9111 3719/4587/9112
f 3719/4587/9113 3724/4591/9114 3725/4592/9115 3720/4588/9116
s 60
f 3720/4588/9117 3725/4592/9118 3726/4593/9119 3721/4589/9120
f 3721/4589/9120 3726/4593/9119 3727/4594/9121 3722/4590/9122
s off
f 3722/4590/9123 3727/4594/9124 3728/4326/9125 3723/4325/9126
s 61
f 3443/4304/9127 3706/4371/9128 3729/4595/9129 3724/4591/9130
f 3724/4591/9130 3729/4595/9129 3730/4596/9131 3725/4592/9132
f 3725/4592/9132 3730/4596/9131 3731/4597/9133 3726/4593/9134
f 3726/4593/9134 3731/4597/9133 3732/4598/9135 3727/4594/9136
f 3727/4594/9136 3732/4598/9135 3733/4327/9137 3728/4326/9138
s off
f 3706/4371/9139 3448/4322/9140 3734/4599/9141 3729/4595/9142
f 3729/4595/9143 3734/4599/9144 3735/4600/9145 3730/4596/9146
s 62
f 3730/4596/9147 3735/4600/9148 3736/4601/9149 3731/4597/9150
f 3731/4597/9150 3736/4601/9149 3737/4602/9151 3732/4598/9152
s off
f 3732/4598/9153 3737/4602/9154 3738/4328/9155 3733/4327/9156
s 4
f 3448/4322/8351 3708/4704/8350 3739/4703/9157 3734/4599/9158
s off
f 3734/4599/9159 3739/4703/9160 3740/4702/9161 3735/4600/9162
s 63
f 3735/4600/9163 3740/4702/9164 3741/4701/9165 3736/4601/9166
f 3736/4601/9166 3741/4701/9165 3742/4700/9167 3737/4602/9168
s off
f 3737/4602/9169 3742/4700/9170 3743/4705/9171 3738/4328/9172
f 3708/4321/9173 3442/4619/9174 3709/4580/9175 3739/4603/9176
f 3739/4603/9177 3709/4580/9178 3710/4582/9179 3740/4604/9180
s 64
f 3740/4604/9181 3710/4582/9182 3711/4584/9183 3741/4605/9184
f 3741/4605/9184 3711/4584/9183 3712/4586/9185 3742/4606/9186
s off
f 3742/4606/9187 3712/4586/9188 3713/4323/9189 3743/4329/9190
