# This file uses centimeters as units for non-parametric coordinates.

mtllib Model_Rocks.mtl
g default
v -37.722600 0.000000 -23.079420
v -39.593514 0.000000 -17.720370
v -34.480954 0.000000 -13.380913
v -27.366839 0.000000 -15.489365
v -25.628011 0.000000 -21.644123
v -37.722600 22.878345 -23.079420
v -39.593514 22.878345 -17.720370
v -34.480954 22.878345 -13.380913
v -27.366839 22.878345 -15.489365
v -25.628011 22.878345 -21.644123
v -29.948447 0.000000 -14.724239
v -28.165015 0.000000 -24.263020
v -31.030911 22.878345 -14.403423
v -29.266984 22.878345 -24.043015
v -38.102338 14.221696 -23.397974
v -40.110963 14.497943 -17.644472
v -34.622090 15.347816 -12.985614
v -26.984345 15.841744 -15.249256
v -25.117532 15.657447 -21.857031
v -30.546952 15.611353 -14.193385
v -28.599091 14.626996 -24.517395
v -38.339051 8.055777 -23.590666
v -40.432870 9.341888 -17.593113
v -34.711179 9.197676 -12.736636
v -26.749455 7.550672 -15.096297
v -24.803456 6.507508 -21.984362
v -30.073104 8.238220 -14.111248
v -28.018485 6.857047 -24.840266
v -37.204484 0.000000 -15.692599
v -36.284619 22.878345 -14.911833
v -36.346749 0.000000 -23.224324
v -35.400144 22.878345 -23.413311
v -36.898682 14.995316 -14.917948
v -35.986768 14.324172 -23.681008
v -37.348756 9.264155 -14.975367
v -36.436208 7.830677 -23.825318
v -38.656793 0.000000 -20.403515
v -25.479211 0.000000 -18.963086
v -38.723184 22.878345 -20.213353
v -25.558202 22.878345 -18.775759
v -30.778264 22.878345 -18.666249
v -29.623057 0.000000 -18.611121
v -39.150185 14.365808 -20.396508
v -25.015977 15.750727 -18.840636
v -39.412576 8.715180 -20.515654
v -24.664418 7.017714 -18.918702
v -36.154397 22.878345 -19.634652
v -37.084359 0.000000 -20.049275
v -33.662721 22.878345 -19.185433
v -32.339520 22.878345 -23.762431
v -32.334775 14.485197 -24.125752
v -32.127736 7.286025 -24.393084
v -32.193452 0.000000 -23.790364
v -33.508668 0.000000 -19.355849
vt 0.043532 0.970463
vt 0.087512 0.865405
vt 0.059834 0.941609
vt 0.063536 0.975143
vt 0.062661 0.686321
vt 0.051561 0.685449
vt 0.302785 0.948795
vt 0.085745 0.686121
vt 0.084476 0.754568
vt 0.059971 0.749269
vt 0.108921 0.686642
vt 0.305183 0.907279
vt 0.137868 0.758766
vt 0.107518 0.759690
vt 0.279872 0.884449
vt 0.236258 0.895957
vt 0.200034 0.750507
vt 0.163806 0.758435
vt 0.224625 0.686060
vt 0.192415 0.935100
vt 0.258880 0.741103
vt 0.226134 0.745361
vt 0.314535 0.738956
vt 0.281963 0.737031
vt 0.193064 0.960712
vt 0.309406 0.684861
vt 0.107465 0.937255
vt 0.256207 0.864779
vt 0.279722 0.864805
vt 0.116554 0.985305
vt 0.232038 0.932934
vt 0.193887 0.865220
vt 0.197159 0.808551
vt 0.226169 0.809818
vt 0.225345 0.864847
vt 0.339216 0.868427
vt 0.345867 0.801244
vt 0.043364 0.798844
vt 0.059997 0.797491
vt 0.084918 0.798767
vt 0.107807 0.799283
vt 0.140622 0.803663
vt 0.144746 0.865370
vt 0.031293 0.922293
vt 0.163970 0.806086
vt 0.079191 0.888334
vt 0.258184 0.808910
vt 0.281816 0.808105
vt 0.316497 0.800673
vt 0.045402 0.747097
vt 0.081910 0.939588
vt 0.268882 0.941154
vt 0.346638 0.741634
vt 0.255063 0.983069
vt 0.150121 0.967150
vt 0.314954 0.866433
vt 0.089967 0.980519
vt 0.044136 0.866617
vt 0.152914 0.942184
vt 0.036986 0.944701
vt 0.109059 0.865041
vt 0.062892 0.865648
vt 0.062293 0.900315
vt 0.164254 0.865070
vt 0.108506 0.899879
vt 0.139640 0.912141
vt 0.279531 0.686505
vt 0.216507 0.986419
vt 0.341844 0.682054
vt 0.294837 0.978864
vt 0.257298 0.686420
vt 0.317680 0.952626
vt 0.327385 0.927305
vt 0.308001 0.977878
vt 0.134449 0.686163
vt 0.163637 0.685930
vt 0.202400 0.685519
vt 0.211417 0.902512
vt 0.011914 0.741508
vt 0.018535 0.683124
vt 0.014430 0.800956
vt 0.019855 0.867947
vn 0.000000 1.000000 0.000000
vn 0.000000 1.000000 0.000000
vn 0.000000 1.000000 0.000000
vn 0.000000 1.000000 0.000000
vn 0.000000 -1.000000 0.000000
vn 0.000000 -1.000000 0.000000
vn 0.000000 -1.000000 0.000000
vn 0.000000 -1.000000 0.000000
vn -0.943501 -0.089063 -0.319176
vn -0.943610 -0.086059 -0.319678
vn -0.944626 -0.030879 -0.326692
vn -0.944684 -0.036230 -0.325976
vn -0.646150 -0.068659 0.760116
vn -0.646106 -0.068900 0.760131
vn -0.647854 -0.025256 0.761346
vn -0.648013 -0.021887 0.761314
vn -0.140768 -0.074644 0.987225
vn 0.276909 -0.065869 0.958636
vn 0.281476 -0.021756 0.959322
vn -0.126899 -0.025620 0.991585
vn 0.870756 -0.100058 0.481427
vn 0.950013 -0.111991 0.291434
vn 0.963081 -0.028761 0.267670
vn 0.876837 -0.024685 0.480154
vn 0.323960 -0.017106 -0.945916
vn 0.655890 -0.011820 -0.754764
vn 0.682855 -0.099305 -0.723773
vn 0.296006 -0.098923 -0.950050
vn 0.000000 1.000000 -0.000000
vn 0.000000 1.000000 0.000000
vn 0.000000 1.000000 0.000000
vn 0.000000 1.000000 -0.000000
vn 0.000000 -1.000000 0.000000
vn 0.000000 -1.000000 0.000000
vn 0.000000 -1.000000 0.000000
vn 0.000000 -1.000000 0.000000
vn 0.282419 0.046436 0.958167
vn 0.284289 0.037841 0.957991
vn 0.284133 0.037092 0.958067
vn 0.282456 0.047263 0.958115
vn -0.108779 0.043499 -0.993114
vn -0.111721 0.038184 -0.993006
vn -0.126268 0.037081 -0.991303
vn -0.125899 0.041185 -0.991188
vn -0.941755 0.051610 -0.332316
vn -0.941686 0.052809 -0.332323
vn -0.942304 0.054328 -0.330321
vn -0.942332 0.053930 -0.330305
vn -0.648367 0.047139 0.759868
vn -0.648383 0.046829 0.759873
vn -0.648626 0.049405 0.759502
vn -0.648494 0.048378 0.759681
vn -0.100063 0.046961 0.993872
vn -0.114807 0.054216 0.991907
vn 0.876901 0.045871 0.478477
vn 0.962826 0.050644 0.265333
vn 0.959053 0.069936 0.274456
vn 0.875133 0.063069 0.479755
vn 0.263480 0.067651 -0.962290
vn 0.569666 0.079722 -0.818001
vn 0.599821 0.067444 -0.797287
vn 0.308328 0.057714 -0.949528
vn 0.281174 -0.021416 0.959418
vn -0.133478 0.037977 -0.990324
vn -0.128922 -0.025170 -0.991335
vn -0.123610 -0.017416 -0.992178
vn 0.275999 -0.069696 0.958628
vn -0.132307 -0.077632 -0.988164
vn -0.119730 -0.074632 -0.989997
vn 0.000000 1.000000 -0.000000
vn 0.000000 1.000000 -0.000000
vn 0.000000 -1.000000 0.000000
vn 0.000000 -1.000000 0.000000
vn 0.000000 -1.000000 0.000000
vn -0.138506 0.041482 -0.989493
vn -0.121189 -0.025821 -0.992294
vn -0.127524 -0.079777 -0.988622
vn 0.000000 1.000000 0.000000
vn 0.000000 1.000000 0.000000
vn 0.000000 -1.000000 0.000000
vn -0.943708 -0.083098 -0.320170
vn -0.944540 -0.025208 -0.327429
vn 0.991880 -0.121074 -0.038932
vn 0.998571 -0.033766 -0.041428
vn 0.000000 1.000000 0.000000
vn 0.000000 1.000000 0.000000
vn 0.000000 -1.000000 0.000000
vn 0.000000 -1.000000 0.000000
vn -0.941574 0.054029 -0.332445
vn -0.942271 0.054778 -0.330340
vn 0.997887 0.052884 -0.037736
vn 0.996822 0.073718 -0.030196
vn 0.000000 1.000000 -0.000000
vn 0.000000 -1.000000 0.000000
s 1
g Left_Tallest_Rock
usemtl lambert6SG
f 6/1/1 39/60/2 47/3/3 32/4/4
s 2
f 1/74/5 31/70/6 48/7/7 37/72/8
s 3
f 1/5/9 37/8/10 45/9/11 22/10/12
s 4
f 2/11/13 29/75/14 35/13/15 23/14/16
f 3/76/17 11/77/18 27/17/19 24/18/20
s 6
f 4/19/21 38/71/22 46/21/23 25/22/24
s 7
f 28/23/25 26/24/26 5/67/27 12/26/28
s 1
f 41/27/29 40/59/30 10/55/31 14/30/32
s 2
f 11/16/33 42/31/34 38/20/35 4/78/36
s 4
f 13/32/37 20/33/38 18/34/39 9/35/40
s 7
f 50/82/41 51/81/42 34/38/43 32/58/44
s 3
f 15/39/45 43/40/46 39/2/47 6/62/48
s 4
f 16/41/49 33/42/50 30/43/51 7/61/52
f 17/45/53 20/33/38 13/32/37 8/64/54
s 6
f 18/34/55 44/47/56 40/28/57 9/35/58
s 7
f 14/56/59 10/29/60 19/48/61 21/49/62
s 4
f 18/34/39 20/33/38 27/17/19 25/22/63
s 7
f 15/39/64 34/38/43 36/50/65 22/10/66
s 3
f 22/10/12 45/9/11 43/40/46 15/39/45
s 4
f 23/14/16 35/13/15 33/42/50 16/41/49
f 24/18/20 27/17/19 20/33/38 17/45/53
s 6
f 25/22/24 46/21/23 44/47/56 18/34/55
s 7
f 21/49/62 19/48/61 26/24/26 28/23/25
s 4
f 25/22/63 27/17/19 11/77/18 4/19/67
s 7
f 22/10/66 36/50/65 31/6/68 1/5/69
s 1
f 32/4/4 47/3/3 49/51/70 50/57/71
s 2
f 29/12/72 48/7/7 54/52/73 3/15/74
s 4
f 35/13/15 29/75/14 3/76/17 24/18/20
s 7
f 32/58/44 34/38/43 15/39/64 6/62/75
s 4
f 30/43/51 33/42/50 17/45/53 8/64/54
s 7
f 36/50/65 34/38/43 51/81/42 52/79/76
s 4
f 33/42/50 35/13/15 24/18/20 17/45/53
s 7
f 31/6/68 36/50/65 52/79/76 53/80/77
s 1
f 47/3/3 39/60/2 7/44/78 30/63/79
s 2
f 37/72/8 48/7/7 29/12/72 2/73/80
s 3
f 45/9/11 37/8/10 2/11/81 23/14/82
s 6
f 46/21/23 38/71/22 5/67/83 26/24/84
s 1
f 40/59/30 41/27/29 13/65/85 9/66/86
s 2
f 5/25/87 38/20/35 42/31/34 12/68/88
s 3
f 39/2/47 43/40/46 16/41/89 7/61/90
s 6
f 40/28/57 44/47/56 19/48/91 10/29/92
s 3
f 43/40/46 45/9/11 23/14/82 16/41/89
s 6
f 44/47/56 46/21/23 26/24/84 19/48/91
s 1
f 8/46/93 49/51/70 47/3/3 30/63/79
s 2
f 53/54/94 54/52/73 48/7/7 31/70/6
s 1
f 41/27/29 49/51/70 8/46/93 13/65/85
f 50/57/71 49/51/70 41/27/29 14/30/32
s 7
f 14/56/59 21/49/62 51/37/42 50/36/41
f 52/53/76 51/37/42 21/49/62 28/23/25
f 53/69/77 52/53/76 28/23/25 12/26/28
s 2
f 42/31/34 54/52/73 53/54/94 12/68/88
f 3/15/74 54/52/73 42/31/34 11/16/33
g default
v -17.603549 0.047203 -17.083838
v -16.106533 0.047203 -21.371901
v -20.197365 0.047203 -24.844131
v -25.889746 0.047203 -23.157046
v -27.281074 0.047203 -18.232299
v -17.603549 20.148721 -17.083838
v -16.106533 20.148721 -21.371901
v -20.197365 20.148721 -24.844131
v -25.889746 20.148721 -23.157046
v -27.281074 20.148721 -18.232299
v -23.824065 0.047203 -23.769265
v -25.251083 0.047203 -16.136779
v -22.957928 20.148721 -24.025966
v -24.369340 20.148721 -16.312817
v -17.146080 12.518091 -16.700074
v -15.483162 12.769220 -21.463334
v -20.027336 13.541827 -25.320349
v -26.350540 13.990847 -23.446308
v -27.896054 12.545709 -17.975804
v -23.401099 13.781403 -24.320451
v -25.013710 12.886542 -15.773318
v -17.097160 7.125548 -16.663871
v -15.417033 8.258763 -21.476438
v -20.008244 8.131696 -25.373379
v -26.396905 6.680491 -23.479937
v -27.958416 5.203788 -17.952803
v -23.729937 7.286302 -24.270362
v -25.378606 6.069325 -15.661165
v -18.018123 0.047203 -22.994428
v -18.754155 20.148721 -23.619160
v -18.704443 0.047203 -16.967894
v -19.461871 20.148721 -16.816676
v -18.142570 13.221374 -23.720594
v -18.897538 12.611250 -16.465754
v -17.891794 8.190271 -23.576974
v -18.624045 6.927207 -16.475578
v -16.856054 0.047203 -19.224972
v -27.400136 0.047203 -20.377538
v -16.802932 20.148721 -19.377133
v -27.336935 20.148721 -20.527426
v -23.160084 20.148721 -20.615051
v -24.084426 0.047203 -20.659164
v -16.278578 12.649100 -19.184956
v -27.980130 13.908105 -20.473044
v -16.235738 7.706561 -19.131328
v -28.069982 6.210892 -20.412757
v -18.858355 20.148721 -19.840182
v -18.114243 0.047203 -19.508420
v -20.852077 20.148721 -20.199626
v -21.910839 20.148721 -16.537327
v -21.920978 12.757635 -16.097557
v -22.081255 6.447307 -16.019992
v -22.027717 0.047203 -16.514975
v -20.975342 0.047203 -20.063267
vt 0.820958 0.899948
vt 0.887887 0.855269
vt 0.810330 0.920684
vt 0.806770 0.897231
vt 0.871475 0.702996
vt 0.862561 0.702349
vt 0.880018 0.919001
vt 0.889755 0.702962
vt 0.890167 0.761268
vt 0.870986 0.756673
vt 0.907959 0.703527
vt 0.882500 0.945648
vt 0.932414 0.765417
vt 0.908316 0.765952
vt 0.900809 0.957730
vt 0.927447 0.946197
vt 0.718315 0.755768
vt 0.953134 0.765283
vt 0.742992 0.700372
vt 0.951563 0.917060
vt 0.765838 0.748606
vt 0.739613 0.751812
vt 0.809656 0.747560
vt 0.784242 0.741228
vt 0.948678 0.900826
vt 0.809223 0.701980
vt 0.776991 0.925104
vt 0.767601 0.854509
vt 0.785999 0.854140
vt 0.769233 0.891607
vt 0.926563 0.922263
vt 0.969084 0.859992
vt 0.978394 0.810695
vt 0.740565 0.808212
vt 0.743962 0.855445
vt 0.833739 0.854666
vt 0.834369 0.798588
vt 0.857036 0.797663
vt 0.870135 0.796894
vt 0.889633 0.798492
vt 0.907585 0.799464
vt 0.933317 0.804061
vt 0.932230 0.857068
vt 0.830933 0.933439
vt 0.951734 0.807057
vt 0.798252 0.958665
vt 0.765962 0.806787
vt 0.784264 0.796164
vt 0.811250 0.798915
vt 0.859727 0.754751
vt 0.794878 0.922736
vt 0.902327 0.920590
vt 0.834112 0.750456
vt 0.907072 0.892588
vt 0.785398 0.702384
vt 0.931280 0.886734
vt 0.835538 0.701532
vt 0.882172 0.899103
vt 0.767984 0.701684
vt 0.870172 0.918003
vt 0.866442 0.935050
vt 0.873892 0.901002
vt 0.927736 0.703253
vt 0.950190 0.703066
vt 0.979135 0.701307
vt 0.942620 0.939628
vt 0.746169 0.905320
vt 0.813979 0.854201
vt 0.788048 0.894210
vt 0.853448 0.854945
vt 0.744920 0.922940
vt 0.826293 0.917859
vt 0.904775 0.855521
vt 0.868478 0.854755
vt 0.809782 0.949766
vt 0.947088 0.857650
vt 0.777327 0.951392
vt 0.755104 0.943667
vt 0.982160 0.758074
vt 0.717242 0.808000
vt 0.720602 0.857690
vt 0.726374 0.698749
vn 0.000000 1.000000 -0.000000
vn 0.000000 1.000000 -0.000000
vn 0.000000 1.000000 -0.000000
vn 0.000000 1.000000 -0.000000
vn -0.000000 -1.000000 0.000000
vn -0.000000 -1.000000 0.000000
vn 0.000000 -1.000000 -0.000000
vn 0.000000 -1.000000 -0.000000
vn 0.944060 -0.083294 0.319082
vn 0.944134 -0.080476 0.319586
vn 0.944869 -0.042880 0.324629
vn 0.944882 -0.046878 0.324037
vn 0.646358 -0.064185 -0.760330
vn 0.646315 -0.064411 -0.760347
vn 0.647216 -0.035102 -0.761498
vn 0.647306 -0.032602 -0.761533
vn 0.141216 -0.069791 -0.987516
vn -0.276802 -0.061582 -0.958952
vn -0.280684 -0.029385 -0.959350
vn 0.125828 -0.035078 -0.991432
vn -0.871217 -0.093616 -0.481889
vn -0.947183 -0.106409 -0.302525
vn -0.960882 -0.038498 -0.274270
vn -0.876032 -0.035473 -0.480946
vn -0.314263 -0.027937 0.948925
vn -0.657553 -0.030963 0.752772
vn -0.676360 -0.098010 0.730021
vn -0.280875 -0.094762 0.955055
vn 0.000000 1.000000 -0.000000
vn -0.000000 1.000000 0.000000
vn -0.000000 1.000000 0.000000
vn -0.000000 1.000000 0.000000
vn 0.000000 -1.000000 -0.000000
vn 0.000000 -1.000000 -0.000000
vn 0.000000 -1.000000 -0.000000
vn 0.000000 -1.000000 -0.000000
vn -0.281383 0.063777 -0.957474
vn -0.283185 0.034775 -0.958435
vn -0.283158 0.035200 -0.958427
vn -0.281432 0.064931 -0.957382
vn 0.109302 0.059398 0.992232
vn 0.112452 0.034126 0.993071
vn 0.127081 0.033607 0.991323
vn 0.126288 0.057038 0.990352
vn 0.942512 0.046729 0.330889
vn 0.942406 0.048633 0.330917
vn 0.940875 0.074188 0.330530
vn 0.940926 0.073639 0.330508
vn 0.648592 0.042225 -0.759964
vn 0.648696 0.043578 -0.759799
vn 0.649149 0.067661 -0.757646
vn 0.648963 0.066235 -0.757931
vn 0.102632 0.041617 -0.993848
vn 0.115405 0.074364 -0.990531
vn -0.876639 0.042171 -0.479297
vn -0.964696 0.050029 -0.258572
vn -0.963128 0.092430 -0.252668
vn -0.873761 0.086867 -0.478536
vn -0.283565 0.083684 0.955295
vn -0.580807 0.092512 0.808767
vn -0.611462 0.058451 0.789112
vn -0.314810 0.054033 0.947615
vn -0.280430 -0.029155 -0.959431
vn 0.134138 0.035569 0.990324
vn 0.129383 -0.034369 0.990999
vn 0.124197 -0.028759 0.991841
vn -0.275876 -0.065175 -0.958981
vn 0.132502 -0.072581 0.988522
vn 0.119924 -0.069767 0.990329
vn 0.000000 1.000000 -0.000000
vn 0.000000 1.000000 -0.000000
vn 0.000000 -1.000000 -0.000000
vn 0.000000 -1.000000 -0.000000
vn 0.000000 -1.000000 -0.000000
vn 0.138825 0.057239 0.988661
vn 0.121656 -0.034487 0.991973
vn 0.127689 -0.074633 0.989002
vn 0.000000 1.000000 -0.000000
vn 0.000000 1.000000 -0.000000
vn 0.000000 -1.000000 -0.000000
vn 0.944199 -0.077704 0.320079
vn 0.944845 -0.038447 0.325252
vn -0.992652 -0.118645 0.023766
vn -0.997965 -0.053803 0.034217
vn 0.000000 1.000000 -0.000000
vn 0.000000 1.000000 -0.000000
vn 0.000000 -1.000000 0.000000
vn -0.000000 -1.000000 0.000000
vn 0.942347 0.049467 0.330962
vn 0.940817 0.074810 0.330555
vn -0.998098 0.038543 0.048120
vn -0.994272 0.091601 0.055074
vn 0.000000 1.000000 -0.000000
vn -0.000000 -1.000000 0.000000
s 1
g Left_Tall_Rock
usemtl lambert6SG
f 60/83/95 93/154/96 101/85/97 86/86/98
s 2
f 55/144/99 85/140/100 102/89/101 91/142/102
s 3
f 55/87/103 91/90/104 99/91/105 76/92/106
s 4
f 56/93/107 83/145/108 89/95/109 77/96/110
f 57/146/111 65/147/112 81/161/113 78/100/114
s 6
f 58/101/115 92/141/116 100/103/117 79/104/118
s 7
f 82/105/119 80/106/120 59/137/121 66/108/122
s 1
f 95/109/123 94/153/124 64/149/125 68/112/126
s 2
f 65/98/127 96/113/128 92/102/129 58/148/130
s 4
f 67/163/131 74/162/132 72/116/133 63/117/134
s 7
f 104/118/135 105/119/136 88/120/137 86/152/138
s 3
f 69/121/139 97/122/140 93/84/141 60/156/142
s 4
f 70/123/143 87/124/144 84/125/145 61/155/146
f 71/127/147 74/115/132 67/114/131 62/158/148
s 6
f 72/116/149 98/129/150 94/110/151 63/117/152
s 7
f 68/150/153 64/111/154 73/130/155 75/131/156
s 4
f 72/116/133 74/162/132 81/99/113 79/104/157
s 7
f 69/121/158 88/120/137 90/132/159 76/92/160
s 3
f 76/92/106 99/91/105 97/122/140 69/121/139
s 4
f 77/96/110 89/95/109 87/124/144 70/123/143
f 78/100/114 81/161/113 74/115/132 71/127/147
s 6
f 79/104/118 100/103/117 98/129/150 72/116/149
s 7
f 75/131/156 73/130/155 80/106/120 82/105/119
s 4
f 79/104/157 81/99/113 65/164/112 58/101/161
s 7
f 76/92/160 90/132/159 85/88/162 55/87/163
s 1
f 86/86/98 101/85/97 103/133/164 104/151/165
s 2
f 83/94/166 102/89/101 108/134/167 57/97/168
s 4
f 89/95/109 83/145/108 57/146/111 78/100/114
s 7
f 86/152/138 88/120/137 69/121/158 60/156/169
s 4
f 84/125/145 87/124/144 71/127/147 62/158/148
s 7
f 90/132/159 88/120/137 105/119/136 106/135/170
s 4
f 87/124/144 89/95/109 78/100/114 71/127/147
s 7
f 85/88/162 90/132/159 106/135/170 107/139/171
s 1
f 101/85/97 93/154/96 61/126/172 84/157/173
s 2
f 91/142/102 102/89/101 83/94/166 56/143/174
s 3
f 99/91/105 91/90/104 56/93/175 77/96/176
s 6
f 100/103/117 92/141/116 59/137/177 80/106/178
s 1
f 94/153/124 95/109/123 67/159/179 63/160/180
s 2
f 59/107/181 92/102/129 96/113/128 66/138/182
s 3
f 93/84/141 97/122/140 70/123/183 61/155/184
s 6
f 94/110/151 98/129/150 73/130/185 64/111/186
s 3
f 97/122/140 99/91/105 77/96/176 70/123/183
s 6
f 98/129/150 100/103/117 80/106/178 73/130/185
s 1
f 62/128/187 103/133/164 101/85/97 84/157/173
s 2
f 107/136/188 108/134/167 102/89/101 85/140/100
s 1
f 95/109/123 103/133/164 62/128/187 67/159/179
f 104/151/165 103/133/164 95/109/123 68/112/126
s 7
f 68/150/153 75/131/156 105/119/136 104/118/135
f 106/135/170 105/119/136 75/131/156 82/105/119
f 107/139/171 106/135/170 82/105/119 66/108/122
s 2
f 96/113/128 108/134/167 107/136/188 66/138/182
f 57/97/168 108/134/167 96/113/128 65/98/127
g default
v -21.803864 0.000000 -11.847641
v -21.863734 0.000000 -16.389111
v -26.895428 0.000000 -18.252794
v -31.667501 0.000000 -14.720544
v -31.290558 0.000000 -9.616930
v -21.803864 9.151338 -11.847641
v -21.863734 9.151338 -16.389111
v -26.895428 9.151338 -18.252794
v -31.667501 9.151338 -14.720544
v -31.290558 9.151338 -9.616930
v -29.935786 0.000000 -16.002345
v -28.666281 0.000000 -8.342083
v -29.209680 9.151338 -16.539802
v -27.897922 9.151338 -8.809081
v -21.242726 5.677447 -11.643485
v -21.309227 5.791776 -16.688235
v -26.898532 6.143509 -18.758447
v -32.199435 6.347929 -14.834758
v -31.780724 6.271654 -9.165570
v -29.726842 6.252578 -16.664950
v -28.318915 5.845187 -8.081731
v -21.184375 3.222459 -11.626195
v -21.251568 3.738362 -16.723165
v -26.898727 3.680514 -18.814808
v -32.254509 3.019845 -14.850502
v -31.831459 2.601396 -9.122628
v -30.018720 3.295644 -16.505415
v -28.623443 2.741608 -7.851538
v -24.214979 0.000000 -17.259984
v -25.120293 9.151338 -17.595303
v -22.798711 0.000000 -11.362161
v -23.458740 9.151338 -10.961006
v -24.580282 5.997622 -17.899792
v -22.808417 5.719859 -10.824263
v -24.295509 3.707181 -17.850605
v -22.554779 3.132164 -10.927035
v -21.833758 0.000000 -14.115306
v -32.136153 0.000000 -11.592076
v -21.835881 9.151338 -14.276461
v -32.128028 9.151338 -11.754543
v -28.233042 9.151338 -13.265450
v -29.116728 0.000000 -12.990757
v -21.277422 5.737090 -14.275211
v -32.713834 6.310260 -11.483454
v -21.218824 3.486969 -14.239468
v -32.777650 2.806057 -11.396070
v -23.925717 9.151338 -14.008587
v -23.113014 0.000000 -13.951334
v -25.922141 9.151338 -13.664460
v -25.664473 9.151338 -9.860908
v -25.523590 5.786501 -9.444192
v -25.647674 2.913686 -9.316487
v -25.766660 0.000000 -9.799931
v -25.991335 0.000000 -13.494167
vt 0.811797 0.305503
vt 0.898816 0.286265
vt 0.805375 0.319617
vt 0.802135 0.304060
vt 0.883214 0.223500
vt 0.875144 0.222564
vt 0.863139 0.321794
vt 0.899879 0.223270
vt 0.899942 0.247498
vt 0.883046 0.245408
vt 0.916494 0.224380
vt 0.864119 0.341157
vt 0.937191 0.250175
vt 0.915804 0.250044
vt 0.876550 0.350526
vt 0.895885 0.343719
vt 0.748841 0.243722
vt 0.722566 0.246487
vt 0.767166 0.221338
vt 0.914743 0.325056
vt 0.790274 0.240835
vt 0.767362 0.242194
vt 0.828486 0.240306
vt 0.806214 0.239615
vt 0.914237 0.313230
vt 0.827661 0.221557
vt 0.783304 0.323732
vt 0.789079 0.283828
vt 0.806269 0.283628
vt 0.776464 0.301836
vt 0.896508 0.326491
vt 0.745760 0.284300
vt 0.746893 0.264253
vt 0.767401 0.264492
vt 0.767229 0.283636
vt 0.849833 0.285239
vt 0.850614 0.261990
vt 0.870830 0.261981
vt 0.882380 0.261603
vt 0.899567 0.262983
vt 0.915421 0.263409
vt 0.938269 0.266275
vt 0.938672 0.288241
vt 0.819425 0.327723
vt 0.954859 0.268186
vt 0.798513 0.345321
vt 0.789816 0.264284
vt 0.806182 0.263942
vt 0.830197 0.261321
vt 0.873126 0.244220
vt 0.795126 0.321429
vt 0.879217 0.323727
vt 0.850245 0.241786
vt 0.884625 0.303892
vt 0.761707 0.312281
vt 0.831974 0.284683
vt 0.789319 0.302701
vt 0.867548 0.285713
vt 0.761897 0.324057
vt 0.815962 0.317381
vt 0.914198 0.286411
vt 0.881206 0.285479
vt 0.805839 0.339085
vt 0.725954 0.284829
vt 0.784514 0.341248
vt 0.769580 0.337206
vt 0.806171 0.222037
vt 0.902833 0.301401
vt 0.851194 0.221384
vt 0.865806 0.307467
vt 0.790165 0.221568
vt 0.856044 0.320844
vt 0.852943 0.333149
vt 0.859637 0.308626
vt 0.934321 0.224471
vt 0.954215 0.224592
vt 0.751721 0.220771
vt 0.906947 0.340243
vt 0.955891 0.250622
vt 0.723100 0.263837
vt 0.951641 0.289150
vt 0.725447 0.220588
vn -0.000000 1.000000 0.000000
vn -0.000000 1.000000 -0.000000
vn -0.000000 1.000000 -0.000000
vn -0.000000 1.000000 0.000000
vn 0.000000 -1.000000 0.000000
vn 0.000000 -1.000000 0.000000
vn 0.000000 -1.000000 0.000000
vn 0.000000 -1.000000 0.000000
vn 0.983297 -0.180580 -0.022748
vn 0.984381 -0.174628 -0.022326
vn 0.995417 -0.093907 -0.018052
vn 0.994658 -0.101545 -0.018542
vn 0.344624 -0.139889 -0.928259
vn 0.344560 -0.140372 -0.928210
vn 0.346921 -0.076903 -0.934736
vn 0.347106 -0.071366 -0.935106
vn -0.203508 -0.151885 -0.967221
vn -0.583867 -0.134314 -0.800662
vn -0.590901 -0.064393 -0.804170
vn -0.220473 -0.077142 -0.972338
vn -0.967411 -0.202271 -0.152321
vn -0.972964 -0.225557 0.049656
vn -0.993228 -0.088058 0.075784
vn -0.985280 -0.078295 -0.151963
vn 0.019367 -0.064744 0.997714
vn -0.357869 -0.054563 0.932176
vn -0.387746 -0.201922 0.899378
vn 0.046564 -0.200691 0.978547
vn 0.000000 1.000000 0.000000
vn -0.000000 1.000000 -0.000000
vn -0.000000 1.000000 -0.000000
vn 0.000000 1.000000 0.000000
vn 0.000000 -1.000000 0.000000
vn 0.000000 -1.000000 0.000000
vn 0.000000 -1.000000 0.000000
vn 0.000000 -1.000000 0.000000
vn -0.587339 0.139002 -0.797315
vn -0.592543 0.076205 -0.801926
vn -0.592503 0.076779 -0.801901
vn -0.587188 0.141488 -0.796989
vn 0.439127 0.129596 0.889029
vn 0.444340 0.074788 0.892731
vn 0.457501 0.073616 0.886157
vn 0.454525 0.124514 0.881989
vn 0.994693 0.102261 -0.011376
vn 0.994266 0.106338 -0.011310
vn 0.986848 0.161270 -0.011086
vn 0.987038 0.160101 -0.011125
vn 0.348367 0.092571 -0.932776
vn 0.348445 0.095373 -0.932464
vn 0.347840 0.147355 -0.925902
vn 0.347692 0.144285 -0.926440
vn -0.242571 0.090943 -0.965862
vn -0.228304 0.161634 -0.960079
vn -0.984368 0.092210 -0.150055
vn -0.991639 0.100959 0.080375
vn -0.976080 0.206700 0.067398
vn -0.970825 0.188113 -0.148702
vn 0.085459 0.188396 0.978368
vn -0.247199 0.216385 0.944495
vn -0.287842 0.140484 0.947318
vn 0.032534 0.112026 0.993173
vn -0.590775 -0.063058 -0.804369
vn 0.463637 0.077908 0.882594
vn 0.459505 -0.075599 0.884952
vn 0.455201 -0.063293 0.888136
vn -0.582516 -0.142012 -0.800317
vn 0.458016 -0.157848 0.874818
vn 0.447258 -0.151840 0.881422
vn 0.000000 1.000000 0.000000
vn 0.000000 1.000000 0.000000
vn 0.000000 -1.000000 0.000000
vn 0.000000 -1.000000 0.000000
vn 0.000000 -1.000000 0.000000
vn 0.465687 0.124949 0.876084
vn 0.452543 -0.075536 0.888538
vn 0.453457 -0.162213 0.876392
vn -0.000000 1.000000 -0.000000
vn -0.000000 1.000000 -0.000000
vn 0.000000 -1.000000 0.000000
vn 0.985416 -0.168746 -0.021908
vn 0.996232 -0.084938 -0.017508
vn -0.897889 -0.243179 0.366959
vn -0.920911 -0.097697 0.377330
vn 0.000000 1.000000 0.000000
vn -0.000000 1.000000 0.000000
vn 0.000000 -1.000000 0.000000
vn 0.000000 -1.000000 0.000000
vn 0.994100 0.107885 -0.011248
vn 0.986631 0.162593 -0.011041
vn -0.921481 0.104765 0.374029
vn -0.906673 0.216267 0.362179
vn 0.000000 1.000000 0.000000
vn 0.000000 -1.000000 0.000000
s 1
g Left_Shortest_Rock
usemtl lambert6SG
f 114/165/189 147/224/190 155/167/191 140/168/192
s 2
f 109/238/193 139/234/194 156/171/195 145/236/196
s 3
f 109/169/197 145/172/198 153/173/199 130/174/200
s 4
f 110/175/201 137/239/202 143/177/203 131/178/204
f 111/246/205 119/241/206 135/181/207 132/182/208
s 6
f 112/183/209 146/235/210 154/185/211 133/186/212
s 7
f 136/187/213 134/188/214 113/231/215 120/190/216
s 1
f 149/191/217 148/223/218 118/219/219 122/194/220
s 2
f 119/180/221 150/195/222 146/184/223 112/242/224
s 4
f 121/196/225 128/197/226 126/198/227 117/199/228
s 7
f 158/200/229 159/201/230 142/202/231 140/222/232
s 3
f 123/203/233 151/204/234 147/166/235 114/226/236
s 4
f 124/205/237 141/206/238 138/207/239 115/225/240
f 125/244/241 128/197/226 121/196/225 116/228/242
s 6
f 126/198/243 152/211/244 148/192/245 117/199/246
s 7
f 122/220/247 118/193/248 127/212/249 129/213/250
s 4
f 126/198/227 128/197/226 135/181/207 133/186/251
s 7
f 123/203/252 142/202/231 144/214/253 130/174/254
s 3
f 130/174/200 153/173/199 151/204/234 123/203/233
s 4
f 131/178/204 143/177/203 141/206/238 124/205/237
f 132/182/208 135/181/207 128/197/226 125/244/241
s 6
f 133/186/212 154/185/211 152/211/244 126/198/243
s 7
f 129/213/250 127/212/249 134/188/214 136/187/213
s 4
f 133/186/251 135/181/207 119/241/206 112/183/255
s 7
f 130/174/254 144/214/253 139/170/256 109/169/257
s 1
f 140/168/192 155/167/191 157/215/258 158/221/259
s 2
f 137/176/260 156/171/195 162/216/261 111/179/262
s 4
f 143/177/203 137/239/202 111/240/205 132/243/208
s 7
f 140/222/232 142/202/231 123/203/252 114/226/263
s 4
f 138/207/239 141/206/238 125/209/241 116/245/242
s 7
f 144/214/253 142/202/231 159/201/230 160/217/264
s 4
f 141/206/238 143/177/203 132/243/208 125/209/241
s 7
f 139/170/256 144/214/253 160/217/264 161/233/265
s 1
f 155/167/191 147/224/190 115/208/266 138/227/267
s 2
f 145/236/196 156/171/195 137/176/260 110/237/268
s 3
f 153/173/199 145/172/198 110/175/269 131/178/270
s 6
f 154/185/211 146/235/210 113/231/271 134/188/272
s 1
f 148/223/218 149/191/217 121/229/273 117/230/274
s 2
f 113/189/275 146/184/223 150/195/222 120/232/276
s 3
f 147/166/235 151/204/234 124/205/277 115/225/278
s 6
f 148/192/245 152/211/244 127/212/279 118/193/280
s 3
f 151/204/234 153/173/199 131/178/270 124/205/277
s 6
f 152/211/244 154/185/211 134/188/272 127/212/279
s 1
f 116/210/281 157/215/258 155/167/191 138/227/267
s 2
f 161/218/282 162/216/261 156/171/195 139/234/194
s 1
f 149/191/217 157/215/258 116/210/281 121/229/273
f 158/221/259 157/215/258 149/191/217 122/194/220
s 7
f 122/220/247 129/213/250 159/201/230 158/200/229
f 160/217/264 159/201/230 129/213/250 136/187/213
f 161/233/265 160/217/264 136/187/213 120/190/216
s 2
f 150/195/222 162/216/261 161/218/282 120/232/276
f 111/179/262 162/216/261 150/195/222 119/180/221
g default
v -18.131643 0.000000 -9.978420
v -14.691159 0.000000 -12.943483
v -16.497807 0.000000 -17.995935
v -22.271098 0.000000 -19.381070
v -25.938398 0.000000 -15.811775
v -18.131643 12.863239 -9.978420
v -14.691159 12.863239 -12.943483
v -16.497807 12.863239 -17.995935
v -22.271098 12.863239 -19.381070
v -25.938398 12.863239 -15.811775
v -20.176054 0.000000 -18.878424
v -25.228131 0.000000 -12.982007
v -19.297607 12.863239 -18.667667
v -24.376501 12.863239 -12.693590
v -17.927345 7.980293 -9.417335
v -14.105586 8.140996 -12.710981
v -16.112448 8.635396 -18.323342
v -22.525524 8.922730 -19.861973
v -26.599230 8.815518 -15.897134
v -19.534161 8.788704 -19.144283
v -25.204291 8.216070 -12.548557
v -17.903082 4.529530 -9.361520
v -14.041764 5.254691 -12.689262
v -16.069397 5.173378 -18.359721
v -22.548865 4.244732 -19.914281
v -26.664740 3.656556 -15.908399
v -19.843988 4.632399 -19.265323
v -25.576377 3.853640 -12.633876
v -15.535382 0.000000 -15.304427
v -15.860438 12.863239 -16.213477
v -19.143018 0.000000 -10.428456
v -19.874579 12.863239 -10.676210
v -15.280073 8.430334 -15.995528
v -19.561311 8.039907 -10.090135
v -15.134703 5.210861 -15.745762
v -19.319548 4.402610 -9.961900
v -16.413726 0.000000 -11.458948
v -24.968886 0.000000 -17.729139
v -16.291641 12.863239 -11.564162
v -24.839204 12.863239 -17.827345
v -21.178137 12.863239 -15.814807
v -21.956583 0.000000 -16.315180
v -15.933624 8.064127 -11.135554
v -25.423422 8.869783 -18.101848
v -15.923340 4.901328 -11.067690
v -25.531380 3.944230 -18.094562
v -17.840164 12.863239 -12.992885
v -17.361626 0.000000 -12.333515
v -19.387057 12.863239 -14.301032
v -22.135120 12.863239 -11.658770
v -22.363788 8.133581 -11.282988
v -22.541373 4.095514 -11.295953
v -22.247515 0.000000 -11.697853
v -19.561986 0.000000 -14.244575
vt 0.460821 0.362153
vt 0.571413 0.343132
vt 0.450995 0.385558
vt 0.445185 0.360378
vt 0.553136 0.237552
vt 0.543463 0.236594
vt 0.522162 0.391319
vt 0.573024 0.237404
vt 0.573426 0.277966
vt 0.552915 0.274622
vt 0.592799 0.238350
vt 0.525624 0.418648
vt 0.618779 0.281419
vt 0.592793 0.281663
vt 0.544871 0.430453
vt 0.571883 0.417680
vt 0.390461 0.273711
vt 0.358768 0.278235
vt 0.413293 0.235834
vt 0.595700 0.386882
vt 0.440633 0.268511
vt 0.412874 0.270913
vt 0.487080 0.267456
vt 0.460017 0.266256
vt 0.592179 0.370280
vt 0.485842 0.235973
vt 0.415149 0.393123
vt 0.440036 0.340892
vt 0.460401 0.340614
vt 0.403945 0.357379
vt 0.570158 0.393087
vt 0.388144 0.342260
vt 0.388407 0.308443
vt 0.413229 0.308802
vt 0.413933 0.341073
vt 0.512686 0.342364
vt 0.513755 0.303294
vt 0.538062 0.302860
vt 0.552065 0.302264
vt 0.572919 0.303887
vt 0.592178 0.304590
vt 0.619864 0.308674
vt 0.618981 0.345697
vt 0.474432 0.397705
vt 0.639823 0.311534
vt 0.441025 0.427815
vt 0.440322 0.308128
vt 0.460171 0.307525
vt 0.489105 0.302895
vt 0.540873 0.272984
vt 0.434382 0.389066
vt 0.545167 0.392193
vt 0.513333 0.269526
vt 0.549095 0.363222
vt 0.380030 0.374187
vt 0.491202 0.341823
vt 0.424598 0.358648
vt 0.534042 0.342746
vt 0.380134 0.393430
vt 0.468100 0.381167
vt 0.589715 0.343368
vt 0.550374 0.342422
vt 0.452811 0.417192
vt 0.364258 0.343341
vt 0.417693 0.421648
vt 0.392914 0.415099
vt 0.459985 0.236750
vt 0.573800 0.356375
vt 0.514348 0.235413
vt 0.523699 0.370773
vt 0.440886 0.236300
vt 0.511998 0.390626
vt 0.508741 0.408292
vt 0.515245 0.373009
vt 0.614040 0.238005
vt 0.637928 0.237498
vt 0.394818 0.235057
vt 0.587269 0.410405
vt 0.641347 0.281441
vt 0.359747 0.307888
vt 0.634569 0.346969
vt 0.363186 0.234350
vn 0.000000 1.000000 -0.000000
vn 0.000000 1.000000 -0.000000
vn 0.000000 1.000000 -0.000000
vn 0.000000 1.000000 -0.000000
vn 0.000000 -1.000000 0.000000
vn 0.000000 -1.000000 0.000000
vn 0.000000 -1.000000 0.000000
vn 0.000000 -1.000000 0.000000
vn 0.654771 -0.129518 0.744647
vn 0.654800 -0.125183 0.745363
vn 0.655099 -0.066954 0.752571
vn 0.655228 -0.072427 0.751951
vn 0.937148 -0.100007 -0.334295
vn 0.937100 -0.100355 -0.334324
vn 0.940420 -0.054791 -0.335571
vn 0.940633 -0.050836 -0.335598
vn 0.613627 -0.108677 -0.782081
vn 0.239107 -0.095985 -0.966237
vn 0.236448 -0.045859 -0.970561
vn 0.604024 -0.054963 -0.795068
vn -0.510338 -0.145378 -0.847597
vn -0.671943 -0.162523 -0.722550
vn -0.697826 -0.062768 -0.713512
vn -0.517700 -0.055786 -0.853741
vn -0.752624 -0.046109 0.656835
vn -0.944817 -0.038846 0.325288
vn -0.947792 -0.145123 0.283953
vn -0.726946 -0.144220 0.671379
vn -0.000000 1.000000 0.000000
vn -0.000000 1.000000 0.000000
vn 0.000000 1.000000 -0.000000
vn 0.000000 1.000000 -0.000000
vn 0.000000 -1.000000 0.000000
vn 0.000000 -1.000000 0.000000
vn 0.000000 -1.000000 0.000000
vn 0.000000 -1.000000 0.000000
vn 0.234366 0.099367 -0.967057
vn 0.233767 0.054293 -0.970776
vn 0.233779 0.054703 -0.970750
vn 0.234252 0.101161 -0.966898
vn -0.400435 0.092584 0.911636
vn -0.398807 0.053281 0.915486
vn -0.385275 0.052443 0.921310
vn -0.384956 0.088925 0.918641
vn 0.649770 0.072940 0.756623
vn 0.649582 0.075865 0.756497
vn 0.646994 0.115477 0.753700
vn 0.647087 0.114629 0.753750
vn 0.940466 0.065998 -0.333418
vn 0.940400 0.068005 -0.333201
vn 0.937911 0.105400 -0.330474
vn 0.938021 0.103181 -0.330862
vn 0.585167 0.064833 -0.808317
vn 0.592547 0.115741 -0.797177
vn -0.518882 0.065739 -0.852314
vn -0.700750 0.072007 -0.709764
vn -0.686322 0.148630 -0.711949
vn -0.514639 0.135015 -0.846710
vn -0.700710 0.135222 0.700515
vn -0.892804 0.155755 0.422660
vn -0.915180 0.100436 0.390332
vn -0.742205 0.079947 0.665387
vn 0.236672 -0.044906 -0.970551
vn -0.378653 0.055510 0.923872
vn -0.383089 -0.053860 0.922140
vn -0.388138 -0.045073 0.920498
vn 0.239842 -0.101539 -0.965487
vn -0.378076 -0.112996 0.918853
vn -0.389942 -0.108645 0.914408
vn -0.000000 1.000000 0.000000
vn 0.000000 1.000000 -0.000000
vn 0.000000 -1.000000 0.000000
vn 0.000000 -1.000000 0.000000
vn 0.000000 -1.000000 0.000000
vn -0.373223 0.089238 0.923440
vn -0.390321 -0.053815 0.919105
vn -0.382372 -0.116161 0.916678
vn 0.000000 1.000000 -0.000000
vn 0.000000 1.000000 -0.000000
vn 0.000000 -1.000000 0.000000
vn 0.654816 -0.120905 0.746055
vn 0.654946 -0.060536 0.753247
vn -0.871073 -0.175588 -0.458695
vn -0.883085 -0.069669 -0.464011
vn -0.000000 1.000000 0.000000
vn -0.000000 1.000000 0.000000
vn 0.000000 -1.000000 0.000000
vn 0.000000 -1.000000 0.000000
vn 0.649480 0.076975 0.756472
vn 0.646889 0.116437 0.753642
vn -0.881231 0.074736 -0.466741
vn -0.870354 0.155668 -0.467175
vn -0.000000 1.000000 0.000000
vn 0.000000 -1.000000 0.000000
s 1
g Left_Short_Rock1
usemtl lambert6SG
f 168/247/283 201/306/284 209/249/285 194/250/286
s 2
f 163/320/287 193/316/288 210/253/289 199/318/290
s 3
f 163/251/291 199/254/292 207/255/293 184/256/294
s 4
f 164/257/295 191/321/296 197/259/297 185/260/298
f 165/328/299 173/323/300 189/263/301 186/264/302
s 6
f 166/265/303 200/317/304 208/267/305 187/268/306
s 7
f 190/269/307 188/270/308 167/313/309 174/272/310
s 1
f 203/273/311 202/305/312 172/301/313 176/276/314
s 2
f 173/262/315 204/277/316 200/266/317 166/324/318
s 4
f 175/278/319 182/279/320 180/280/321 171/281/322
s 7
f 212/282/323 213/283/324 196/284/325 194/304/326
s 3
f 177/285/327 205/286/328 201/248/329 168/308/330
s 4
f 178/287/331 195/288/332 192/289/333 169/307/334
f 179/326/335 182/279/320 175/278/319 170/310/336
s 6
f 180/280/337 206/293/338 202/274/339 171/281/340
s 7
f 176/302/341 172/275/342 181/294/343 183/295/344
s 4
f 180/280/321 182/279/320 189/263/301 187/268/345
s 7
f 177/285/346 196/284/325 198/296/347 184/256/348
s 3
f 184/256/294 207/255/293 205/286/328 177/285/327
s 4
f 185/260/298 197/259/297 195/288/332 178/287/331
f 186/264/302 189/263/301 182/279/320 179/326/335
s 6
f 187/268/306 208/267/305 206/293/338 180/280/337
s 7
f 183/295/344 181/294/343 188/270/308 190/269/307
s 4
f 187/268/345 189/263/301 173/323/300 166/265/349
s 7
f 184/256/348 198/296/347 193/252/350 163/251/351
s 1
f 194/250/286 209/249/285 211/297/352 212/303/353
s 2
f 191/258/354 210/253/289 216/298/355 165/261/356
s 4
f 197/259/297 191/321/296 165/322/299 186/325/302
s 7
f 194/304/326 196/284/325 177/285/346 168/308/357
s 4
f 192/289/333 195/288/332 179/291/335 170/327/336
s 7
f 198/296/347 196/284/325 213/283/324 214/299/358
s 4
f 195/288/332 197/259/297 186/325/302 179/291/335
s 7
f 193/252/350 198/296/347 214/299/358 215/315/359
s 1
f 209/249/285 201/306/284 169/290/360 192/309/361
s 2
f 199/318/290 210/253/289 191/258/354 164/319/362
s 3
f 207/255/293 199/254/292 164/257/363 185/260/364
s 6
f 208/267/305 200/317/304 167/313/365 188/270/366
s 1
f 202/305/312 203/273/311 175/311/367 171/312/368
s 2
f 167/271/369 200/266/317 204/277/316 174/314/370
s 3
f 201/248/329 205/286/328 178/287/371 169/307/372
s 6
f 202/274/339 206/293/338 181/294/373 172/275/374
s 3
f 205/286/328 207/255/293 185/260/364 178/287/371
s 6
f 206/293/338 208/267/305 188/270/366 181/294/373
s 1
f 170/292/375 211/297/352 209/249/285 192/309/361
s 2
f 215/300/376 216/298/355 210/253/289 193/316/288
s 1
f 203/273/311 211/297/352 170/292/375 175/311/367
f 212/303/353 211/297/352 203/273/311 176/276/314
s 7
f 176/302/341 183/295/344 213/283/324 212/282/323
f 214/299/358 213/283/324 183/295/344 190/269/307
f 215/315/359 214/299/358 190/269/307 174/272/310
s 2
f 204/277/316 216/298/355 215/300/376 174/314/370
f 165/261/356 216/298/355 204/277/316 173/262/315
g default
v -17.106123 0.000002 -20.987654
v -18.971173 0.000002 -16.846384
v -15.198534 0.000002 -13.030827
v -9.380775 0.000002 -14.215368
v -7.565519 0.000002 -19.000112
v -17.106123 16.555266 -20.987654
v -18.971173 16.555266 -16.846384
v -15.198534 16.555266 -13.030827
v -9.380775 16.555266 -14.215368
v -7.565519 16.555266 -19.000113
v -11.491954 0.000002 -13.785514
v -9.405151 0.000002 -21.264584
v -12.377167 16.555266 -13.605278
v -10.298882 16.555266 -21.166065
v -17.528408 10.270810 -21.409828
v -19.600141 10.477638 -16.809627
v -15.409419 11.113941 -12.571237
v -8.946946 11.483747 -13.887047
v -6.930526 11.345764 -19.202031
v -11.961350 11.311255 -13.273290
v -9.609940 10.574261 -21.647349
v -17.573983 5.829603 -21.450159
v -19.667162 6.762901 -16.802337
v -15.433062 6.658250 -12.520073
v -8.903688 5.463063 -13.849503
v -6.866396 4.706067 -19.219509
v -11.629397 5.961998 -13.294528
v -9.236659 4.959718 -21.727274
v -17.208270 0.000002 -15.063423
v -16.529486 16.555266 -14.376919
v -15.999314 0.000002 -21.007208
v -15.231589 16.555266 -21.091838
v -17.147586 10.850025 -14.329176
v -15.763192 10.347534 -21.490607
v -17.384891 6.706491 -14.494105
v -16.036501 5.666255 -21.504656
v -18.037388 0.000002 -18.919818
v -7.633881 0.000002 -16.852659
v -18.103569 16.555266 -18.772866
v -7.709908 16.555266 -16.708849
v -11.878501 16.555266 -16.985594
v -10.961520 0.000002 -16.861089
v -18.609180 10.378707 -19.010012
v -7.064421 11.415604 -16.706966
v -18.647181 6.308116 -19.067170
v -6.969653 5.076309 -16.759194
v -16.096325 16.555266 -18.132435
v -16.808690 0.000002 -18.527790
v -14.141517 16.555266 -17.600596
v -12.767594 16.555266 -21.156680
v -12.719164 10.468095 -21.593895
v -12.552737 5.271016 -21.657194
v -12.649214 0.000002 -21.168761
v -14.006837 0.000002 -17.725693
vt 0.053034 0.651101
vt 0.088700 0.576053
vt 0.065078 0.630626
vt 0.067311 0.654705
vt 0.072707 0.463896
vt 0.064978 0.463171
vt 0.240777 0.631908
vt 0.088840 0.463835
vt 0.087636 0.506708
vt 0.070522 0.503322
vt 0.105074 0.464355
vt 0.239486 0.605111
vt 0.124922 0.509617
vt 0.103691 0.510185
vt 0.221693 0.592191
vt 0.194499 0.602546
vt 0.168359 0.504933
vt 0.143029 0.509695
vt 0.186204 0.464888
vt 0.169041 0.630644
vt 0.209607 0.499765
vt 0.186661 0.502054
vt 0.248511 0.498949
vt 0.225791 0.497486
vt 0.171202 0.647030
vt 0.245499 0.465013
vt 0.099268 0.628103
vt 0.206895 0.577047
vt 0.223474 0.577185
vt 0.105180 0.662652
vt 0.194311 0.626554
vt 0.163186 0.576915
vt 0.165963 0.541525
vt 0.186315 0.542512
vt 0.185202 0.576829
vt 0.264946 0.580854
vt 0.270663 0.538310
vt 0.058305 0.533960
vt 0.070042 0.533120
vt 0.087522 0.534201
vt 0.103521 0.534656
vt 0.126381 0.537859
vt 0.128790 0.576664
vt 0.044866 0.616426
vt 0.142686 0.539606
vt 0.079618 0.592689
vt 0.208768 0.542153
vt 0.225342 0.541825
vt 0.249814 0.537410
vt 0.060376 0.501727
vt 0.080924 0.629454
vt 0.218507 0.629317
vt 0.270898 0.500669
vt 0.212499 0.657147
vt 0.129464 0.650061
vt 0.248175 0.578958
vt 0.086185 0.658888
vt 0.058402 0.576667
vt 0.131777 0.632204
vt 0.048666 0.632557
vt 0.103794 0.575956
vt 0.071473 0.575950
vt 0.067358 0.601064
vt 0.142477 0.576500
vt 0.100482 0.601330
vt 0.122640 0.610507
vt 0.224639 0.465868
vt 0.187993 0.661924
vt 0.268035 0.463248
vt 0.237728 0.651739
vt 0.209078 0.465524
vt 0.250593 0.633350
vt 0.255094 0.616445
vt 0.246105 0.650209
vt 0.122977 0.464147
vt 0.143455 0.464189
vt 0.170633 0.464233
vt 0.179009 0.608444
vt 0.037180 0.497787
vt 0.042073 0.461270
vt 0.037646 0.535195
vt 0.041582 0.577633
vn 0.000000 1.000000 0.000000
vn 0.000000 1.000000 -0.000000
vn 0.000000 1.000000 -0.000000
vn 0.000000 1.000000 0.000000
vn 0.000000 -1.000000 0.000000
vn 0.000000 -1.000000 0.000000
vn -0.000000 -1.000000 0.000000
vn -0.000000 -1.000000 0.000000
vn -0.911159 -0.100970 -0.399492
vn -0.911288 -0.097569 -0.400043
vn -0.912582 -0.052069 -0.405565
vn -0.912575 -0.056334 -0.405009
vn -0.709473 -0.077858 0.700419
vn -0.709427 -0.078131 0.700435
vn -0.710915 -0.042597 0.701987
vn -0.711037 -0.039519 0.702043
vn -0.226143 -0.084639 0.970410
vn 0.191996 -0.074715 0.978548
vn 0.195964 -0.035646 0.979963
vn -0.211548 -0.042731 0.976433
vn 0.824191 -0.113433 0.554835
vn 0.919173 -0.126945 0.372834
vn 0.934718 -0.048808 0.352022
vn 0.830514 -0.043372 0.555306
vn 0.404689 -0.035841 -0.913752
vn 0.719038 -0.030192 -0.694315
vn 0.742092 -0.113233 -0.660665
vn 0.376655 -0.112522 -0.919494
vn 0.000000 1.000000 -0.000000
vn -0.000000 1.000000 0.000000
vn 0.000000 1.000000 0.000000
vn 0.000000 1.000000 -0.000000
vn 0.000000 -1.000000 0.000000
vn 0.000000 -1.000000 -0.000000
vn 0.000000 -1.000000 0.000000
vn 0.000000 -1.000000 0.000000
vn 0.196674 0.077358 0.977413
vn 0.198518 0.042209 0.979188
vn 0.198499 0.042529 0.979178
vn 0.196724 0.078761 0.977290
vn -0.022395 0.072059 -0.997149
vn -0.025474 0.041422 -0.998817
vn -0.040206 0.040770 -0.998359
vn -0.039408 0.069202 -0.996824
vn -0.909614 0.056734 -0.411562
vn -0.909468 0.059013 -0.411564
vn -0.907304 0.089962 -0.410739
vn -0.907374 0.089299 -0.410730
vn -0.712058 0.051324 0.700242
vn -0.712128 0.052887 0.700055
vn -0.711940 0.082076 0.697427
vn -0.711811 0.080340 0.697761
vn -0.188890 0.050416 0.980703
vn -0.200662 0.090169 0.975502
vn 0.831182 0.051122 0.553645
vn 0.936016 0.056006 0.347472
vn 0.926968 0.115993 0.356758
vn 0.827249 0.105286 0.551881
vn 0.340243 0.105448 -0.934406
vn 0.633585 0.121606 -0.764057
vn 0.665806 0.078194 -0.742016
vn 0.391959 0.062197 -0.917878
vn 0.195753 -0.034905 0.980032
vn -0.047298 0.043157 -0.997948
vn -0.042541 -0.041872 -0.998217
vn -0.037262 -0.035035 -0.998691
vn 0.191053 -0.079057 0.978391
vn -0.045787 -0.088019 -0.995066
vn -0.033115 -0.084614 -0.995863
vn 0.000000 1.000000 -0.000000
vn 0.000000 1.000000 -0.000000
vn -0.000000 -1.000000 0.000000
vn 0.000000 -1.000000 -0.000000
vn 0.000000 -1.000000 0.000000
vn -0.052090 0.069446 -0.996225
vn -0.034700 -0.041837 -0.998522
vn -0.040968 -0.090498 -0.995054
vn 0.000000 1.000000 -0.000000
vn 0.000000 1.000000 -0.000000
vn -0.000000 -1.000000 0.000000
vn -0.911405 -0.094214 -0.400581
vn -0.912581 -0.047070 -0.406177
vn 0.989376 -0.137271 0.047880
vn 0.997407 -0.054184 0.047374
vn -0.000000 1.000000 0.000000
vn -0.000000 1.000000 0.000000
vn 0.000000 -1.000000 0.000000
vn 0.000000 -1.000000 -0.000000
vn -0.909396 0.059878 -0.411598
vn -0.907224 0.090714 -0.410750
vn 0.997024 0.058133 0.050643
vn 0.991015 0.121537 0.055845
vn 0.000000 1.000000 -0.000000
vn 0.000000 -1.000000 -0.000000
s 1
g Left_Medium_Rock
usemtl lambert6SG
f 222/329/377 255/388/378 263/331/379 248/332/380
s 2
f 217/402/381 247/398/382 264/335/383 253/400/384
s 3
f 217/333/385 253/336/386 261/337/387 238/338/388
s 4
f 218/339/389 245/403/390 251/341/391 239/342/392
f 219/404/393 227/405/394 243/345/395 240/346/396
s 6
f 220/347/397 254/399/398 262/349/399 241/350/400
s 7
f 244/351/401 242/352/402 221/395/403 228/354/404
s 1
f 257/355/405 256/387/406 226/383/407 230/358/408
s 2
f 227/344/409 258/359/410 254/348/411 220/406/412
s 4
f 229/360/413 236/361/414 234/362/415 225/363/416
s 7
f 266/410/417 267/409/418 250/366/419 248/386/420
s 3
f 231/367/421 259/368/422 255/330/423 222/390/424
s 4
f 232/369/425 249/370/426 246/371/427 223/389/428
f 233/373/429 236/361/414 229/360/413 224/392/430
s 6
f 234/362/431 260/375/432 256/356/433 225/363/434
s 7
f 230/384/435 226/357/436 235/376/437 237/377/438
s 4
f 234/362/415 236/361/414 243/345/395 241/350/439
s 7
f 231/367/440 250/366/419 252/378/441 238/338/442
s 3
f 238/338/388 261/337/387 259/368/422 231/367/421
s 4
f 239/342/392 251/341/391 249/370/426 232/369/425
f 240/346/396 243/345/395 236/361/414 233/373/429
s 6
f 241/350/400 262/349/399 260/375/432 234/362/431
s 7
f 237/377/438 235/376/437 242/352/402 244/351/401
s 4
f 241/350/439 243/345/395 227/405/394 220/347/443
s 7
f 238/338/442 252/378/441 247/334/444 217/333/445
s 1
f 248/332/380 263/331/379 265/379/446 266/385/447
s 2
f 245/340/448 264/335/383 270/380/449 219/343/450
s 4
f 251/341/391 245/403/390 219/404/393 240/346/396
s 7
f 248/386/420 250/366/419 231/367/440 222/390/451
s 4
f 246/371/427 249/370/426 233/373/429 224/392/430
s 7
f 252/378/441 250/366/419 267/409/418 268/407/452
s 4
f 249/370/426 251/341/391 240/346/396 233/373/429
s 7
f 247/334/444 252/378/441 268/407/452 269/408/453
s 1
f 263/331/379 255/388/378 223/372/454 246/391/455
s 2
f 253/400/384 264/335/383 245/340/448 218/401/456
s 3
f 261/337/387 253/336/386 218/339/457 239/342/458
s 6
f 262/349/399 254/399/398 221/395/459 242/352/460
s 1
f 256/387/406 257/355/405 229/393/461 225/394/462
s 2
f 221/353/463 254/348/411 258/359/410 228/396/464
s 3
f 255/330/423 259/368/422 232/369/465 223/389/466
s 6
f 256/356/433 260/375/432 235/376/467 226/357/468
s 3
f 259/368/422 261/337/387 239/342/458 232/369/465
s 6
f 260/375/432 262/349/399 242/352/460 235/376/467
s 1
f 224/374/469 265/379/446 263/331/379 246/391/455
s 2
f 269/382/470 270/380/449 264/335/383 247/398/382
s 1
f 257/355/405 265/379/446 224/374/469 229/393/461
f 266/385/447 265/379/446 257/355/405 230/358/408
s 7
f 230/384/435 237/377/438 267/365/418 266/364/417
f 268/381/452 267/365/418 237/377/438 244/351/401
f 269/397/453 268/381/452 244/351/401 228/354/404
s 2
f 258/359/410 270/380/449 269/382/470 228/396/464
f 219/343/450 270/380/449 258/359/410 227/344/409
g default
v -38.296720 0.000000 -12.340707
v -34.216445 0.000000 -14.335682
v -34.681885 0.000000 -19.681207
v -39.914722 0.000000 -22.485997
v -44.367710 0.000000 -19.964124
v -38.296720 12.863239 -12.340707
v -34.216445 12.863239 -14.335682
v -34.681885 12.863239 -19.681207
v -39.914722 12.863239 -22.485997
v -44.367710 12.863239 -19.964124
v -38.015804 0.000000 -21.468181
v -44.398759 0.000000 -17.046741
v -37.219590 12.863239 -21.041410
v -43.648186 12.863239 -16.551659
v -38.241483 7.980293 -11.746144
v -33.709041 8.140996 -13.962201
v -34.226060 8.635396 -19.900110
v -40.038794 8.922730 -23.015721
v -44.985256 8.815518 -20.214378
v -37.327456 8.788704 -21.562454
v -44.485687 8.216070 -16.621429
v -38.232177 4.529530 -11.686000
v -33.652821 5.254691 -13.924998
v -34.175185 5.173378 -19.924373
v -40.048095 4.244732 -23.072238
v -45.045761 3.656556 -20.241895
v -37.596426 4.632399 -21.758149
v -44.823944 3.853640 -16.798374
v -34.433941 0.000000 -16.833574
v -34.517681 12.863239 -17.795356
v -39.160789 0.000000 -13.032652
v -39.805538 12.863239 -13.457934
v -34.011619 8.430334 -17.437269
v -39.651241 8.039907 -12.811548
v -33.934386 5.210861 -17.158790
v -39.449930 4.402610 -12.626159
v -36.259338 0.000000 -13.336846
v -42.943398 0.000000 -21.572712
v -36.114549 12.863239 -13.407636
v -42.793040 12.863239 -21.634796
v -39.762490 12.863239 -18.759121
v -40.388486 0.000000 -19.440649
v -35.877018 8.064127 -12.902211
v -43.288477 8.869783 -22.048560
v -35.884286 4.901328 -12.833958
v -43.394752 3.944230 -22.068911
v -37.249847 12.863239 -15.182541
v -36.954293 0.000000 -14.423321
v -38.414162 12.863239 -16.840400
v -41.742760 12.863239 -14.981953
v -42.059300 8.133581 -14.676498
v -42.227782 4.095514 -14.734102
v -41.841562 0.000000 -15.048277
v -38.597691 0.000000 -16.830179
vt 0.136088 0.370464
vt 0.218011 0.344225
vt 0.126374 0.394185
vt 0.120284 0.368810
vt 0.196518 0.237833
vt 0.186683 0.237120
vt 0.204629 0.394687
vt 0.216724 0.237172
vt 0.217719 0.278192
vt 0.196984 0.275353
vt 0.236899 0.237689
vt 0.206932 0.422610
vt 0.263162 0.280537
vt 0.237234 0.281430
vt 0.225965 0.435461
vt 0.253980 0.423682
vt 0.031988 0.278431
vt 0.285524 0.280432
vt 0.055360 0.239205
vt 0.279549 0.393446
vt 0.083195 0.272107
vt 0.054964 0.275165
vt 0.130280 0.269852
vt 0.102822 0.269339
vt 0.276708 0.376420
vt 0.128355 0.238025
vt 0.090245 0.402141
vt 0.085032 0.345530
vt 0.105475 0.344607
vt 0.078614 0.366148
vt 0.253318 0.398617
vt 0.307824 0.345937
vt 0.314281 0.311422
vt 0.056583 0.314038
vt 0.058960 0.346822
vt 0.158325 0.344998
vt 0.158208 0.305434
vt 0.182757 0.304368
vt 0.196862 0.303393
vt 0.217924 0.304478
vt 0.237304 0.304572
vt 0.265177 0.307578
vt 0.267168 0.344613
vt 0.150147 0.406243
vt 0.285200 0.309100
vt 0.104590 0.436942
vt 0.084023 0.312341
vt 0.104113 0.311132
vt 0.133259 0.305666
vt 0.184794 0.274020
vt 0.109629 0.397875
vt 0.227965 0.396597
vt 0.156888 0.271254
vt 0.233243 0.367335
vt 0.054613 0.383332
vt 0.136581 0.344990
vt 0.099481 0.367245
vt 0.179975 0.344855
vt 0.054889 0.402761
vt 0.143607 0.389599
vt 0.236737 0.343911
vt 0.196549 0.344115
vt 0.128487 0.426113
vt 0.283628 0.344340
vt 0.093066 0.430923
vt 0.067986 0.424530
vt 0.102270 0.239430
vt 0.258651 0.361475
vt 0.157171 0.236709
vt 0.207103 0.373879
vt 0.083027 0.239366
vt 0.194332 0.393532
vt 0.190238 0.411337
vt 0.198415 0.375775
vt 0.258774 0.237242
vt 0.283545 0.237115
vt 0.315232 0.235180
vt 0.269936 0.416973
vt 0.316979 0.274765
vt 0.031376 0.315090
vt 0.033511 0.349802
vt 0.037047 0.238158
vn 0.000000 1.000000 -0.000000
vn -0.000000 1.000000 0.000000
vn -0.000000 1.000000 0.000000
vn 0.000000 1.000000 -0.000000
vn 0.000000 -1.000000 0.000000
vn 0.000000 -1.000000 0.000000
vn 0.000000 -1.000000 0.000000
vn 0.000000 -1.000000 0.000000
vn 0.444382 -0.129518 0.886425
vn 0.444229 -0.125183 0.887125
vn 0.442689 -0.066954 0.894172
vn 0.442971 -0.072427 0.893606
vn 0.991302 -0.100006 -0.085549
vn 0.991264 -0.100355 -0.085589
vn 0.994792 -0.054791 -0.085952
vn 0.995004 -0.050836 -0.085925
vn 0.791998 -0.108677 -0.600773
vn 0.476467 -0.095984 -0.873937
vn 0.474992 -0.045859 -0.878794
vn 0.786006 -0.054962 -0.615771
vn -0.278551 -0.145378 -0.949355
vn -0.466600 -0.162523 -0.869408
vn -0.493929 -0.062768 -0.867234
vn -0.284114 -0.055786 -0.957166
vn -0.894664 -0.046109 0.444354
vn -0.996435 -0.038847 0.074890
vn -0.988824 -0.145123 0.034152
vn -0.873517 -0.144220 0.464939
vn -0.000000 1.000000 0.000000
vn 0.000000 1.000000 -0.000000
vn 0.000000 1.000000 -0.000000
vn -0.000000 1.000000 0.000000
vn 0.000000 -1.000000 0.000000
vn 0.000000 -1.000000 0.000000
vn 0.000000 -1.000000 0.000000
vn 0.000000 -1.000000 0.000000
vn 0.472089 0.099367 -0.875933
vn 0.472454 0.054293 -0.879682
vn 0.472458 0.054703 -0.879654
vn 0.471939 0.101161 -0.875808
vn -0.618659 0.092584 0.780185
vn -0.618061 0.053280 0.784323
vn -0.606451 0.052443 0.793389
vn -0.605465 0.088924 0.790889
vn 0.436507 0.072940 0.896739
vn 0.436356 0.075865 0.896570
vn 0.434563 0.115476 0.893208
vn 0.434639 0.114629 0.893280
vn 0.994290 0.065998 -0.083858
vn 0.994171 0.068004 -0.083666
vn 0.991071 0.105400 -0.081660
vn 0.991276 0.103181 -0.082006
vn 0.771128 0.064832 -0.633371
vn 0.775439 0.115741 -0.620724
vn -0.285620 0.065739 -0.956086
vn -0.497708 0.072007 -0.864350
vn -0.483198 0.148630 -0.862803
vn -0.282938 0.135015 -0.949588
vn -0.855533 0.135222 0.499779
vn -0.970833 0.155755 0.182273
vn -0.984273 0.100436 0.145325
vn -0.886757 0.079947 0.455271
vn 0.475206 -0.044906 -0.878728
vn -0.600696 0.055510 0.797548
vn -0.604546 -0.053860 0.794747
vn -0.609014 -0.045073 0.791878
vn 0.476987 -0.101539 -0.873025
vn -0.598863 -0.112995 0.792840
vn -0.609214 -0.108645 0.785528
vn -0.000000 1.000000 0.000000
vn -0.000000 1.000000 0.000000
vn 0.000000 -1.000000 0.000000
vn 0.000000 -1.000000 0.000000
vn 0.000000 -1.000000 0.000000
vn -0.595334 0.089237 0.798508
vn -0.610771 -0.053815 0.789976
vn -0.602466 -0.116161 0.789646
vn -0.000000 1.000000 0.000000
vn -0.000000 1.000000 0.000000
vn 0.000000 -1.000000 0.000000
vn 0.444069 -0.120904 0.887798
vn 0.442370 -0.060535 0.894787
vn -0.726167 -0.175588 -0.664718
vn -0.736437 -0.069669 -0.672909
vn -0.000000 1.000000 0.000000
vn 0.000000 1.000000 -0.000000
vn 0.000000 -1.000000 0.000000
vn 0.000000 -1.000000 0.000000
vn 0.436265 0.076974 0.896520
vn 0.434476 0.116436 0.893125
vn -0.733950 0.074736 -0.675080
vn -0.723319 0.155668 -0.672739
vn -0.000000 1.000000 0.000000
vn 0.000000 -1.000000 0.000000
s 1
g Left_Short_Rock
usemtl lambert6SG
f 276/411/471 309/470/472 317/413/473 302/414/474
s 2
f 271/484/475 301/480/476 318/417/477 307/482/478
s 3
f 271/415/479 307/418/480 315/419/481 292/420/482
s 4
f 272/421/483 299/485/484 305/423/485 293/424/486
f 273/486/487 281/487/488 297/489/489 294/428/490
s 6
f 274/429/491 308/481/492 316/431/493 295/432/494
s 7
f 298/433/495 296/434/496 275/477/497 282/436/498
s 1
f 311/437/499 310/469/500 280/465/501 284/440/502
s 2
f 281/426/503 312/441/504 308/430/505 274/488/506
s 4
f 283/491/507 290/490/508 288/444/509 279/445/510
s 7
f 320/446/511 321/447/512 304/448/513 302/468/514
s 3
f 285/449/515 313/450/516 309/412/517 276/472/518
s 4
f 286/451/519 303/452/520 300/453/521 277/471/522
f 287/455/523 290/443/508 283/442/507 278/474/524
s 6
f 288/444/525 314/457/526 310/438/527 279/445/528
s 7
f 284/466/529 280/439/530 289/458/531 291/459/532
s 4
f 288/444/509 290/490/508 297/427/489 295/432/533
s 7
f 285/449/534 304/448/513 306/460/535 292/420/536
s 3
f 292/420/482 315/419/481 313/450/516 285/449/515
s 4
f 293/424/486 305/423/485 303/452/520 286/451/519
f 294/428/490 297/489/489 290/443/508 287/455/523
s 6
f 295/432/494 316/431/493 314/457/526 288/444/525
s 7
f 291/459/532 289/458/531 296/434/496 298/433/495
s 4
f 295/432/533 297/427/489 281/492/488 274/429/537
s 7
f 292/420/536 306/460/535 301/416/538 271/415/539
s 1
f 302/414/474 317/413/473 319/461/540 320/467/541
s 2
f 299/422/542 318/417/477 324/462/543 273/425/544
s 4
f 305/423/485 299/485/484 273/486/487 294/428/490
s 7
f 302/468/514 304/448/513 285/449/534 276/472/545
s 4
f 300/453/521 303/452/520 287/455/523 278/474/524
s 7
f 306/460/535 304/448/513 321/447/512 322/463/546
s 4
f 303/452/520 305/423/485 294/428/490 287/455/523
s 7
f 301/416/538 306/460/535 322/463/546 323/479/547
s 1
f 317/413/473 309/470/472 277/454/548 300/473/549
s 2
f 307/482/478 318/417/477 299/422/542 272/483/550
s 3
f 315/419/481 307/418/480 272/421/551 293/424/552
s 6
f 316/431/493 308/481/492 275/477/553 296/434/554
s 1
f 310/469/500 311/437/499 283/475/555 279/476/556
s 2
f 275/435/557 308/430/505 312/441/504 282/478/558
s 3
f 309/412/517 313/450/516 286/451/559 277/471/560
s 6
f 310/438/527 314/457/526 289/458/561 280/439/562
s 3
f 313/450/516 315/419/481 293/424/552 286/451/559
s 6
f 314/457/526 316/431/493 296/434/554 289/458/561
s 1
f 278/456/563 319/461/540 317/413/473 300/473/549
s 2
f 323/464/564 324/462/543 318/417/477 301/480/476
s 1
f 311/437/499 319/461/540 278/456/563 283/475/555
f 320/467/541 319/461/540 311/437/499 284/440/502
s 7
f 284/466/529 291/459/532 321/447/512 320/446/511
f 322/463/546 321/447/512 291/459/532 298/433/495
f 323/479/547 322/463/546 298/433/495 282/436/498
s 2
f 312/441/504 324/462/543 323/464/564 282/478/558
f 273/425/544 324/462/543 312/441/504 281/426/503
g default
v 25.579961 0.000000 -23.079420
v 23.709049 0.000000 -17.720370
v 28.821609 0.000000 -13.380913
v 35.935724 0.000000 -15.489365
v 37.674554 0.000000 -21.644123
v 25.579961 22.878345 -23.079420
v 23.709049 22.878345 -17.720370
v 28.821609 22.878345 -13.380913
v 35.935724 22.878345 -15.489365
v 37.674554 22.878345 -21.644123
v 33.354116 0.000000 -14.724239
v 35.137548 0.000000 -24.263020
v 32.271654 22.878345 -14.403423
v 34.035577 22.878345 -24.043015
v 25.200225 14.221696 -23.397974
v 23.191602 14.497943 -17.644472
v 28.680473 15.347816 -12.985614
v 36.318216 15.841744 -15.249256
v 38.185029 15.657447 -21.857031
v 32.755613 15.611353 -14.193385
v 34.703473 14.626996 -24.517395
v 24.963514 8.055777 -23.590666
v 22.869691 9.341888 -17.593113
v 28.591384 9.197676 -12.736636
v 36.553106 7.550672 -15.096297
v 38.499109 6.507508 -21.984362
v 33.229459 8.238220 -14.111248
v 35.284078 6.857047 -24.840266
v 26.098081 0.000000 -15.692599
v 27.017944 22.878345 -14.911833
v 26.955816 0.000000 -23.224324
v 27.902418 22.878345 -23.413311
v 26.403879 14.995316 -14.917948
v 27.315797 14.324172 -23.681008
v 25.953807 9.264155 -14.975367
v 26.866357 7.830677 -23.825318
v 24.645769 0.000000 -20.403515
v 37.823350 0.000000 -18.963086
v 24.579381 22.878345 -20.213353
v 37.744363 22.878345 -18.775759
v 32.524301 22.878345 -18.666249
v 33.679506 0.000000 -18.611121
v 24.152377 14.365808 -20.396508
v 38.286584 15.750727 -18.840636
v 23.889985 8.715180 -20.515654
v 38.638147 7.017714 -18.918702
v 27.148166 22.878345 -19.634652
v 26.218206 0.000000 -20.049275
v 29.639842 22.878345 -19.185433
v 30.963041 22.878345 -23.762431
v 30.967786 14.485197 -24.125752
v 31.174829 7.286025 -24.393084
v 31.109111 0.000000 -23.790364
v 29.793893 0.000000 -19.355849
vt 0.386559 0.971095
vt 0.439344 0.866221
vt 0.403026 0.941679
vt 0.406926 0.975776
vt 0.416313 0.687071
vt 0.405234 0.686089
vt 0.638299 0.946477
vt 0.439375 0.687103
vt 0.437422 0.755467
vt 0.412995 0.749928
vt 0.462523 0.687856
vt 0.640143 0.905340
vt 0.490717 0.760196
vt 0.460389 0.760815
vt 0.614791 0.883059
vt 0.571755 0.895011
vt 0.552902 0.752569
vt 0.516631 0.760125
vt 0.578113 0.688434
vt 0.528846 0.934327
vt 0.611781 0.743764
vt 0.579027 0.747690
vt 0.667401 0.742177
vt 0.634882 0.739928
vt 0.529815 0.959678
vt 0.662820 0.688086
vt 0.451462 0.937061
vt 0.607871 0.867287
vt 0.631362 0.867548
vt 0.460898 0.985903
vt 0.568048 0.931677
vt 0.545612 0.867102
vt 0.549448 0.810524
vt 0.578416 0.812080
vt 0.577041 0.867046
vt 0.690758 0.871763
vt 0.698077 0.804716
vt 0.395908 0.799285
vt 0.412537 0.798101
vt 0.437420 0.799625
vt 0.460281 0.800370
vt 0.493019 0.805074
vt 0.496520 0.866760
vt 0.373917 0.922143
vt 0.516318 0.807729
vt 0.422506 0.887409
vt 0.610407 0.811495
vt 0.634023 0.810928
vt 0.668742 0.803851
vt 0.398463 0.747612
vt 0.425475 0.939535
vt 0.604634 0.939344
vt 0.699444 0.745174
vt 0.591488 0.981022
vt 0.494972 0.967302
vt 0.666542 0.869527
vt 0.433834 0.981140
vt 0.396000 0.866997
vt 0.497714 0.941894
vt 0.379798 0.944915
vt 0.460872 0.866073
vt 0.414748 0.866217
vt 0.405364 0.899663
vt 0.516010 0.866656
vt 0.452372 0.899037
vt 0.484091 0.911386
vt 0.632958 0.689430
vt 0.553355 0.984831
vt 0.695252 0.685608
vt 0.630815 0.976351
vt 0.610750 0.689122
vt 0.653096 0.950080
vt 0.662382 0.924885
vt 0.643836 0.975206
vt 0.488029 0.687634
vt 0.517189 0.687693
vt 0.555917 0.687671
vt 0.547243 0.901819
vt 0.365065 0.741693
vt 0.372265 0.683436
vt 0.366983 0.801105
vt 0.371730 0.868082
vn 0.000000 1.000000 0.000000
vn 0.000000 1.000000 0.000000
vn 0.000000 1.000000 0.000000
vn 0.000000 1.000000 0.000000
vn 0.000000 -1.000000 0.000000
vn 0.000000 -1.000000 0.000000
vn 0.000000 -1.000000 0.000000
vn 0.000000 -1.000000 0.000000
vn -0.943501 -0.089063 -0.319177
vn -0.943610 -0.086059 -0.319678
vn -0.944626 -0.030879 -0.326692
vn -0.944683 -0.036229 -0.325976
vn -0.646149 -0.068660 0.760116
vn -0.646106 -0.068900 0.760131
vn -0.647854 -0.025256 0.761346
vn -0.648013 -0.021887 0.761314
vn -0.140768 -0.074644 0.987225
vn 0.276909 -0.065869 0.958636
vn 0.281476 -0.021756 0.959322
vn -0.126899 -0.025620 0.991585
vn 0.870756 -0.100058 0.481427
vn 0.950013 -0.111991 0.291435
vn 0.963081 -0.028761 0.267670
vn 0.876837 -0.024685 0.480154
vn 0.323960 -0.017106 -0.945916
vn 0.655890 -0.011820 -0.754764
vn 0.682855 -0.099305 -0.723774
vn 0.296006 -0.098923 -0.950050
vn 0.000000 1.000000 -0.000000
vn 0.000000 1.000000 0.000000
vn 0.000000 1.000000 0.000000
vn 0.000000 1.000000 -0.000000
vn 0.000000 -1.000000 0.000000
vn 0.000000 -1.000000 0.000000
vn 0.000000 -1.000000 0.000000
vn 0.000000 -1.000000 0.000000
vn 0.282419 0.046436 0.958167
vn 0.284289 0.037841 0.957991
vn 0.284134 0.037092 0.958067
vn 0.282456 0.047263 0.958115
vn -0.108779 0.043499 -0.993114
vn -0.111721 0.038184 -0.993006
vn -0.126268 0.037081 -0.991303
vn -0.125899 0.041185 -0.991188
vn -0.941755 0.051610 -0.332316
vn -0.941686 0.052809 -0.332323
vn -0.942304 0.054328 -0.330321
vn -0.942332 0.053930 -0.330304
vn -0.648367 0.047139 0.759867
vn -0.648383 0.046829 0.759873
vn -0.648626 0.049405 0.759502
vn -0.648494 0.048378 0.759681
vn -0.100063 0.046961 0.993872
vn -0.114807 0.054216 0.991907
vn 0.876901 0.045871 0.478477
vn 0.962826 0.050644 0.265333
vn 0.959053 0.069935 0.274456
vn 0.875133 0.063068 0.479755
vn 0.263480 0.067651 -0.962290
vn 0.569666 0.079722 -0.818001
vn 0.599821 0.067444 -0.797287
vn 0.308328 0.057714 -0.949528
vn 0.281174 -0.021416 0.959418
vn -0.133478 0.037977 -0.990324
vn -0.128922 -0.025170 -0.991335
vn -0.123610 -0.017416 -0.992178
vn 0.275999 -0.069696 0.958628
vn -0.132307 -0.077632 -0.988164
vn -0.119730 -0.074632 -0.989997
vn 0.000000 1.000000 -0.000000
vn 0.000000 1.000000 -0.000000
vn 0.000000 -1.000000 0.000000
vn 0.000000 -1.000000 0.000000
vn 0.000000 -1.000000 0.000000
vn -0.138506 0.041482 -0.989492
vn -0.121189 -0.025821 -0.992294
vn -0.127524 -0.079777 -0.988622
vn 0.000000 1.000000 0.000000
vn 0.000000 1.000000 0.000000
vn 0.000000 -1.000000 0.000000
vn -0.943709 -0.083098 -0.320170
vn -0.944540 -0.025208 -0.327428
vn 0.991880 -0.121074 -0.038931
vn 0.998571 -0.033766 -0.041428
vn 0.000000 1.000000 -0.000000
vn 0.000000 1.000000 0.000000
vn 0.000000 -1.000000 0.000000
vn 0.000000 -1.000000 0.000000
vn -0.941574 0.054029 -0.332445
vn -0.942271 0.054778 -0.330340
vn 0.997887 0.052884 -0.037736
vn 0.996822 0.073718 -0.030196
vn 0.000000 1.000000 -0.000000
vn 0.000000 -1.000000 0.000000
s 1
g Right_Tallest_Rock
usemtl lambert6SG
f 330/493/565 363/552/566 371/495/567 356/496/568
s 2
f 325/566/569 355/562/570 372/499/571 361/564/572
s 3
f 325/497/573 361/500/574 369/501/575 346/502/576
s 4
f 326/503/577 353/567/578 359/505/579 347/506/580
f 327/568/581 335/569/582 351/509/583 348/510/584
s 6
f 328/511/585 362/563/586 370/513/587 349/514/588
s 7
f 352/515/589 350/516/590 329/559/591 336/518/592
s 1
f 365/519/593 364/551/594 334/547/595 338/522/596
s 2
f 335/508/597 366/523/598 362/512/599 328/570/600
s 4
f 337/524/601 344/525/602 342/526/603 333/527/604
s 7
f 374/574/605 375/573/606 358/530/607 356/550/608
s 3
f 339/531/609 367/532/610 363/494/611 330/554/612
s 4
f 340/533/613 357/534/614 354/535/615 331/553/616
f 341/537/617 344/525/602 337/524/601 332/556/618
s 6
f 342/526/619 368/539/620 364/520/621 333/527/622
s 7
f 338/548/623 334/521/624 343/540/625 345/541/626
s 4
f 342/526/603 344/525/602 351/509/583 349/514/627
s 7
f 339/531/628 358/530/607 360/542/629 346/502/630
s 3
f 346/502/576 369/501/575 367/532/610 339/531/609
s 4
f 347/506/580 359/505/579 357/534/614 340/533/613
f 348/510/584 351/509/583 344/525/602 341/537/617
s 6
f 349/514/588 370/513/587 368/539/620 342/526/619
s 7
f 345/541/626 343/540/625 350/516/590 352/515/589
s 4
f 349/514/627 351/509/583 335/569/582 328/511/631
s 7
f 346/502/630 360/542/629 355/498/632 325/497/633
s 1
f 356/496/568 371/495/567 373/543/634 374/549/635
s 2
f 353/504/636 372/499/571 378/544/637 327/507/638
s 4
f 359/505/579 353/567/578 327/568/581 348/510/584
s 7
f 356/550/608 358/530/607 339/531/628 330/554/639
s 4
f 354/535/615 357/534/614 341/537/617 332/556/618
s 7
f 360/542/629 358/530/607 375/573/606 376/571/640
s 4
f 357/534/614 359/505/579 348/510/584 341/537/617
s 7
f 355/498/632 360/542/629 376/571/640 377/572/641
s 1
f 371/495/567 363/552/566 331/536/642 354/555/643
s 2
f 361/564/572 372/499/571 353/504/636 326/565/644
s 3
f 369/501/575 361/500/574 326/503/645 347/506/646
s 6
f 370/513/587 362/563/586 329/559/647 350/516/648
s 1
f 364/551/594 365/519/593 337/557/649 333/558/650
s 2
f 329/517/651 362/512/599 366/523/598 336/560/652
s 3
f 363/494/611 367/532/610 340/533/653 331/553/654
s 6
f 364/520/621 368/539/620 343/540/655 334/521/656
s 3
f 367/532/610 369/501/575 347/506/646 340/533/653
s 6
f 368/539/620 370/513/587 350/516/648 343/540/655
s 1
f 332/538/657 373/543/634 371/495/567 354/555/643
s 2
f 377/546/658 378/544/637 372/499/571 355/562/570
s 1
f 365/519/593 373/543/634 332/538/657 337/557/649
f 374/549/635 373/543/634 365/519/593 338/522/596
s 7
f 338/548/623 345/541/626 375/529/606 374/528/605
f 376/545/640 375/529/606 345/541/626 352/515/589
f 377/561/641 376/545/640 352/515/589 336/518/592
s 2
f 366/523/598 378/544/637 377/546/658 336/560/652
f 327/507/638 378/544/637 366/523/598 335/508/597
g default
v 22.122264 0.047203 -17.083838
v 23.619280 0.047203 -21.371901
v 19.528448 0.047203 -24.844131
v 13.836067 0.047203 -23.157046
v 12.444738 0.047203 -18.232299
v 22.122264 20.148721 -17.083838
v 23.619280 20.148721 -21.371901
v 19.528448 20.148721 -24.844131
v 13.836067 20.148721 -23.157046
v 12.444738 20.148721 -18.232299
v 15.901750 0.047203 -23.769265
v 14.474731 0.047203 -16.136779
v 16.767885 20.148721 -24.025966
v 15.356475 20.148721 -16.312817
v 22.579733 12.518091 -16.700074
v 24.242649 12.769220 -21.463334
v 19.698477 13.541827 -25.320349
v 13.375273 13.990847 -23.446308
v 11.829759 12.545709 -17.975804
v 16.324714 13.781403 -24.320451
v 14.712103 12.886542 -15.773318
v 22.628650 7.125548 -16.663871
v 24.308781 8.258763 -21.476438
v 19.717569 8.131696 -25.373379
v 13.328909 6.680491 -23.479937
v 11.767397 5.203788 -17.952803
v 15.995876 7.286302 -24.270362
v 14.347207 6.069325 -15.661165
v 21.707687 0.047203 -22.994428
v 20.971657 20.148721 -23.619160
v 21.021369 0.047203 -16.967894
v 20.263942 20.148721 -16.816676
v 21.583243 13.221374 -23.720594
v 20.828275 12.611250 -16.465754
v 21.834019 8.190271 -23.576974
v 21.101768 6.927207 -16.475578
v 22.869759 0.047203 -19.224972
v 12.325676 0.047203 -20.377538
v 22.922881 20.148721 -19.377133
v 12.388880 20.148721 -20.527426
v 16.565729 20.148721 -20.615051
v 15.641387 0.047203 -20.659164
v 23.447235 12.649100 -19.184956
v 11.745683 13.908105 -20.473044
v 23.490075 7.706561 -19.131328
v 11.655830 6.210892 -20.412757
v 20.867458 20.148721 -19.840182
v 21.611569 0.047203 -19.508420
v 18.873736 20.148721 -20.199626
v 17.814974 20.148721 -16.537327
v 17.804835 12.757635 -16.097557
v 17.644558 6.447307 -16.019992
v 17.698096 0.047203 -16.514975
v 18.750473 0.047203 -20.063267
vt 0.824223 0.586407
vt 0.892915 0.552380
vt 0.813089 0.607280
vt 0.809866 0.583414
vt 0.876618 0.401169
vt 0.867766 0.400527
vt 0.882809 0.608624
vt 0.894771 0.401135
vt 0.895179 0.459034
vt 0.876133 0.454472
vt 0.912847 0.401696
vt 0.884387 0.635587
vt 0.937132 0.463154
vt 0.913202 0.463686
vt 0.902433 0.648409
vt 0.929702 0.637700
vt 0.724527 0.453573
vt 0.957707 0.463021
vt 0.749031 0.398563
vt 0.955038 0.609149
vt 0.771718 0.446461
vt 0.745676 0.449645
vt 0.815230 0.445422
vt 0.789994 0.439134
vt 0.952691 0.592675
vt 0.814801 0.400160
vt 0.779173 0.611212
vt 0.773469 0.551625
vt 0.791739 0.551258
vt 0.771855 0.577079
vt 0.929641 0.613529
vt 0.973547 0.557070
vt 0.982791 0.508117
vt 0.746621 0.505651
vt 0.749995 0.552554
vt 0.839146 0.551780
vt 0.839771 0.496095
vt 0.862281 0.495176
vt 0.875288 0.494412
vt 0.894650 0.495999
vt 0.912476 0.496964
vt 0.938029 0.501529
vt 0.936949 0.554166
vt 0.833791 0.620571
vt 0.956318 0.504503
vt 0.800196 0.645634
vt 0.771841 0.504236
vt 0.790016 0.493687
vt 0.816813 0.496419
vt 0.864952 0.452563
vt 0.797369 0.609105
vt 0.905254 0.611001
vt 0.839516 0.448298
vt 0.911013 0.582921
vt 0.748213 0.590616
vt 0.819524 0.551319
vt 0.790911 0.580035
vt 0.858716 0.552057
vt 0.746653 0.608481
vt 0.829340 0.604678
vt 0.909686 0.552630
vt 0.873641 0.551869
vt 0.812048 0.636792
vt 0.951703 0.554744
vt 0.779076 0.637903
vt 0.756646 0.629691
vt 0.791142 0.400562
vt 0.935633 0.577857
vt 0.840931 0.399715
vt 0.885672 0.588628
vt 0.773850 0.399866
vt 0.872911 0.607275
vt 0.868557 0.624339
vt 0.877254 0.590256
vt 0.932486 0.401424
vt 0.954784 0.401238
vt 0.983527 0.399492
vt 0.945234 0.631602
vt 0.986531 0.455862
vt 0.723461 0.505441
vt 0.726799 0.554784
vt 0.732530 0.396951
vn 0.000000 1.000000 -0.000000
vn 0.000000 1.000000 -0.000000
vn 0.000000 1.000000 -0.000000
vn 0.000000 1.000000 -0.000000
vn 0.000000 -1.000000 0.000000
vn 0.000000 -1.000000 0.000000
vn 0.000000 -1.000000 -0.000000
vn 0.000000 -1.000000 0.000000
vn 0.944060 -0.083294 0.319083
vn 0.944133 -0.080476 0.319587
vn 0.944869 -0.042880 0.324630
vn 0.944882 -0.046878 0.324038
vn 0.646358 -0.064185 -0.760330
vn 0.646315 -0.064411 -0.760347
vn 0.647216 -0.035102 -0.761498
vn 0.647306 -0.032602 -0.761533
vn 0.141216 -0.069791 -0.987516
vn -0.276802 -0.061582 -0.958952
vn -0.280684 -0.029385 -0.959350
vn 0.125829 -0.035078 -0.991432
vn -0.871217 -0.093615 -0.481889
vn -0.947183 -0.106409 -0.302525
vn -0.960882 -0.038498 -0.274270
vn -0.876032 -0.035473 -0.480946
vn -0.314263 -0.027937 0.948925
vn -0.657553 -0.030963 0.752772
vn -0.676360 -0.098010 0.730021
vn -0.280875 -0.094762 0.955055
vn -0.000000 1.000000 0.000000
vn 0.000000 1.000000 -0.000000
vn 0.000000 1.000000 -0.000000
vn -0.000000 1.000000 0.000000
vn -0.000000 -1.000000 0.000000
vn 0.000000 -1.000000 -0.000000
vn 0.000000 -1.000000 -0.000000
vn 0.000000 -1.000000 -0.000000
vn -0.281383 0.063777 -0.957474
vn -0.283185 0.034775 -0.958435
vn -0.283158 0.035200 -0.958427
vn -0.281432 0.064931 -0.957382
vn 0.109302 0.059398 0.992232
vn 0.112452 0.034126 0.993071
vn 0.127081 0.033607 0.991323
vn 0.126288 0.057038 0.990352
vn 0.942512 0.046729 0.330889
vn 0.942406 0.048633 0.330917
vn 0.940875 0.074188 0.330530
vn 0.940926 0.073639 0.330508
vn 0.648592 0.042225 -0.759964
vn 0.648696 0.043578 -0.759799
vn 0.649149 0.067661 -0.757646
vn 0.648963 0.066235 -0.757931
vn 0.102632 0.041617 -0.993848
vn 0.115405 0.074364 -0.990531
vn -0.876639 0.042171 -0.479297
vn -0.964696 0.050029 -0.258573
vn -0.963128 0.092430 -0.252668
vn -0.873761 0.086867 -0.478536
vn -0.283565 0.083684 0.955295
vn -0.580807 0.092512 0.808767
vn -0.611462 0.058451 0.789112
vn -0.314810 0.054033 0.947615
vn -0.280430 -0.029155 -0.959431
vn 0.134138 0.035569 0.990324
vn 0.129383 -0.034369 0.990999
vn 0.124198 -0.028759 0.991841
vn -0.275876 -0.065175 -0.958981
vn 0.132502 -0.072581 0.988522
vn 0.119924 -0.069767 0.990329
vn -0.000000 1.000000 0.000000
vn -0.000000 1.000000 0.000000
vn 0.000000 -1.000000 -0.000000
vn -0.000000 -1.000000 0.000000
vn -0.000000 -1.000000 0.000000
vn 0.138825 0.057239 0.988661
vn 0.121656 -0.034487 0.991973
vn 0.127689 -0.074633 0.989002
vn 0.000000 1.000000 -0.000000
vn 0.000000 1.000000 -0.000000
vn 0.000000 -1.000000 0.000000
vn 0.944199 -0.077704 0.320080
vn 0.944845 -0.038447 0.325252
vn -0.992652 -0.118645 0.023766
vn -0.997965 -0.053803 0.034217
vn 0.000000 1.000000 -0.000000
vn 0.000000 1.000000 -0.000000
vn 0.000000 -1.000000 0.000000
vn 0.000000 -1.000000 -0.000000
vn 0.942347 0.049467 0.330962
vn 0.940817 0.074810 0.330555
vn -0.998098 0.038543 0.048120
vn -0.994272 0.091601 0.055073
vn 0.000000 1.000000 -0.000000
vn 0.000000 -1.000000 -0.000000
s 1
g Right_Tall_Rock
usemtl lambert6SG
f 384/575/659 417/634/660 425/577/661 410/578/662
s 2
f 379/648/663 409/644/664 426/581/665 415/646/666
s 3
f 379/579/667 415/582/668 423/583/669 400/584/670
s 4
f 380/585/671 407/649/672 413/587/673 401/588/674
f 381/650/675 389/651/676 405/653/677 402/592/678
s 6
f 382/593/679 416/645/680 424/595/681 403/596/682
s 7
f 406/597/683 404/598/684 383/641/685 390/600/686
s 1
f 419/601/687 418/633/688 388/629/689 392/604/690
s 2
f 389/590/691 420/605/692 416/594/693 382/652/694
s 4
f 391/655/695 398/654/696 396/608/697 387/609/698
s 7
f 428/610/699 429/611/700 412/612/701 410/632/702
s 3
f 393/613/703 421/614/704 417/576/705 384/636/706
s 4
f 394/615/707 411/616/708 408/617/709 385/635/710
f 395/619/711 398/607/696 391/606/695 386/638/712
s 6
f 396/608/713 422/621/714 418/602/715 387/609/716
s 7
f 392/630/717 388/603/718 397/622/719 399/623/720
s 4
f 396/608/697 398/654/696 405/591/677 403/596/721
s 7
f 393/613/722 412/612/701 414/624/723 400/584/724
s 3
f 400/584/670 423/583/669 421/614/704 393/613/703
s 4
f 401/588/674 413/587/673 411/616/708 394/615/707
f 402/592/678 405/653/677 398/607/696 395/619/711
s 6
f 403/596/682 424/595/681 422/621/714 396/608/713
s 7
f 399/623/720 397/622/719 404/598/684 406/597/683
s 4
f 403/596/721 405/591/677 389/656/676 382/593/725
s 7
f 400/584/724 414/624/723 409/580/726 379/579/727
s 1
f 410/578/662 425/577/661 427/625/728 428/631/729
s 2
f 407/586/730 426/581/665 432/626/731 381/589/732
s 4
f 413/587/673 407/649/672 381/650/675 402/592/678
s 7
f 410/632/702 412/612/701 393/613/722 384/636/733
s 4
f 408/617/709 411/616/708 395/619/711 386/638/712
s 7
f 414/624/723 412/612/701 429/611/700 430/627/734
s 4
f 411/616/708 413/587/673 402/592/678 395/619/711
s 7
f 409/580/726 414/624/723 430/627/734 431/643/735
s 1
f 425/577/661 417/634/660 385/618/736 408/637/737
s 2
f 415/646/666 426/581/665 407/586/730 380/647/738
s 3
f 423/583/669 415/582/668 380/585/739 401/588/740
s 6
f 424/595/681 416/645/680 383/641/741 404/598/742
s 1
f 418/633/688 419/601/687 391/639/743 387/640/744
s 2
f 383/599/745 416/594/693 420/605/692 390/642/746
s 3
f 417/576/705 421/614/704 394/615/747 385/635/748
s 6
f 418/602/715 422/621/714 397/622/749 388/603/750
s 3
f 421/614/704 423/583/669 401/588/740 394/615/747
s 6
f 422/621/714 424/595/681 404/598/742 397/622/749
s 1
f 386/620/751 427/625/728 425/577/661 408/637/737
s 2
f 431/628/752 432/626/731 426/581/665 409/644/664
s 1
f 419/601/687 427/625/728 386/620/751 391/639/743
f 428/631/729 427/625/728 419/601/687 392/604/690
s 7
f 392/630/717 399/623/720 429/611/700 428/610/699
f 430/627/734 429/611/700 399/623/720 406/597/683
f 431/643/735 430/627/734 406/597/683 390/600/686
s 2
f 420/605/692 432/626/731 431/628/752 390/642/746
f 381/589/732 432/626/731 420/605/692 389/590/691
g default
v 21.623360 0.000002 -19.782519
v 18.994341 0.000002 -16.078902
v 21.959925 0.000002 -11.607145
v 27.896915 0.000002 -11.646955
v 30.601228 0.000002 -15.991566
v 21.623360 16.555266 -19.782519
v 18.994341 16.555266 -16.078902
v 21.959925 16.555266 -11.607145
v 27.896915 16.555266 -11.646955
v 30.601228 16.555266 -15.991566
v 25.742467 0.000002 -11.632510
v 29.233069 0.000002 -18.568427
v 24.839113 16.555266 -11.626452
v 28.337123 16.555266 -18.644192
v 21.290465 10.270810 -20.278236
v 18.370099 10.477638 -16.164189
v 21.664327 11.113941 -11.196880
v 28.259246 11.483747 -11.241100
v 31.263248 11.345764 -16.067176
v 25.183064 11.311255 -11.220474
v 29.105977 10.574261 -18.983510
v 21.253525 5.829603 -20.326603
v 18.302930 6.762901 -16.169968
v 21.631258 6.658250 -11.151238
v 28.294448 5.463063 -11.195916
v 31.329545 4.706067 -16.071951
v 25.512876 5.961998 -11.177265
v 29.487665 4.959718 -18.989914
v 20.380117 0.000002 -13.989310
v 20.913692 16.555266 -13.184739
v 22.713145 0.000002 -19.588158
v 23.482774 16.555266 -19.523073
v 20.297996 10.850025 -13.257149
v 23.038100 10.347534 -20.016918
v 20.096972 6.706491 -13.464765
v 22.772635 5.666255 -20.083435
v 20.310626 0.000002 -17.933212
v 30.119824 0.000002 -13.897650
v 20.217336 16.555266 -17.801790
v 30.017478 16.555266 -13.771211
v 25.980607 16.555266 -14.847040
v 26.856335 0.000002 -14.547955
v 19.766982 10.378707 -18.132034
v 30.650473 11.415604 -13.644826
v 19.740721 6.308116 -18.195449
v 30.753536 5.076309 -13.677785
v 22.063301 16.555266 -16.786120
v 21.440601 0.000002 -17.311487
v 23.878765 16.555266 -15.887112
v 25.912984 16.555266 -19.111299
v 26.044859 10.468095 -19.530952
v 26.220374 5.271016 -19.560953
v 26.031471 0.000002 -19.100309
v 24.035052 0.000002 -15.983874
vt 0.326012 0.653175
vt 0.356328 0.576859
vt 0.338052 0.632779
vt 0.340242 0.656791
vt 0.339278 0.465539
vt 0.331589 0.464898
vt 0.499353 0.634155
vt 0.355314 0.465314
vt 0.354557 0.507942
vt 0.337512 0.504752
vt 0.371455 0.465664
vt 0.498307 0.607722
vt 0.391650 0.510450
vt 0.370551 0.511233
vt 0.480872 0.594830
vt 0.453970 0.604810
vt 0.434778 0.505348
vt 0.409649 0.510342
vt 0.452104 0.465361
vt 0.428628 0.632300
vt 0.475725 0.499788
vt 0.452940 0.502299
vt 0.514387 0.498577
vt 0.491789 0.497357
vt 0.430620 0.648477
vt 0.511045 0.464876
vt 0.372145 0.630315
vt 0.473824 0.576634
vt 0.490304 0.576600
vt 0.377988 0.664772
vt 0.453581 0.628483
vt 0.430375 0.576952
vt 0.432772 0.541745
vt 0.453013 0.542517
vt 0.452258 0.576640
vt 0.531563 0.579822
vt 0.536811 0.537475
vt 0.325683 0.535331
vt 0.337341 0.534376
vt 0.354728 0.535271
vt 0.370634 0.535559
vt 0.393388 0.538508
vt 0.396184 0.577055
vt 0.317921 0.618590
vt 0.409615 0.540077
vt 0.352607 0.594975
vt 0.475326 0.541930
vt 0.491798 0.541434
vt 0.516078 0.536794
vt 0.327411 0.503270
vt 0.353853 0.631635
vt 0.477416 0.631411
vt 0.536657 0.500057
vt 0.471256 0.658802
vt 0.402219 0.652255
vt 0.514875 0.578109
vt 0.490319 0.465940
vt 0.447051 0.663305
vt 0.533428 0.462890
vt 0.496178 0.653684
vt 0.359055 0.660991
vt 0.326217 0.577781
vt 0.404554 0.634453
vt 0.321685 0.634678
vt 0.371330 0.576608
vt 0.474848 0.465758
vt 0.509021 0.635661
vt 0.513602 0.619030
vt 0.339203 0.576934
vt 0.504452 0.652247
vt 0.340370 0.603306
vt 0.409786 0.576752
vt 0.389250 0.465273
vt 0.409605 0.465104
vt 0.373397 0.603623
vt 0.395477 0.612807
vt 0.436620 0.464870
vt 0.438646 0.610494
vt 0.304312 0.499592
vt 0.308801 0.463245
vt 0.305160 0.536771
vt 0.309509 0.578913
vn 0.000000 1.000000 0.000000
vn -0.000000 1.000000 0.000000
vn -0.000000 1.000000 0.000000
vn 0.000000 1.000000 0.000000
vn 0.000000 -1.000000 0.000000
vn 0.000000 -1.000000 0.000000
vn -0.000000 -1.000000 0.000000
vn -0.000000 -1.000000 0.000000
vn -0.816962 -0.100970 -0.567784
vn -0.816982 -0.097569 -0.568349
vn -0.817186 -0.052069 -0.574017
vn -0.817287 -0.056334 -0.573471
vn -0.831280 -0.077858 0.550374
vn -0.831239 -0.078131 0.550398
vn -0.832998 -0.042597 0.551634
vn -0.833129 -0.039520 0.551665
vn -0.409124 -0.084639 0.908545
vn -0.000412 -0.074715 0.997205
vn 0.003209 -0.035646 0.999359
vn -0.395966 -0.042731 0.917270
vn 0.701656 -0.113433 0.703429
vn 0.829969 -0.126944 0.543173
vn 0.849237 -0.048808 0.525752
vn 0.707770 -0.043372 0.705111
vn 0.573384 -0.035841 -0.818502
vn 0.839488 -0.030192 -0.542539
vn 0.855617 -0.113232 -0.505073
vn 0.546985 -0.112522 -0.829546
vn -0.000000 1.000000 0.000000
vn -0.000000 1.000000 0.000000
vn 0.000000 1.000000 0.000000
vn 0.000000 1.000000 0.000000
vn 0.000000 -1.000000 -0.000000
vn 0.000000 -1.000000 -0.000000
vn 0.000000 -1.000000 0.000000
vn 0.000000 -1.000000 0.000000
vn 0.004397 0.077358 0.996994
vn 0.005864 0.042209 0.999092
vn 0.005847 0.042529 0.999078
vn 0.004469 0.078761 0.996884
vn 0.170415 0.072059 -0.982734
vn 0.167716 0.041422 -0.984965
vn 0.153172 0.040770 -0.987358
vn 0.153659 0.069202 -0.985698
vn -0.813117 0.056734 -0.579329
vn -0.812973 0.059013 -0.579303
vn -0.811009 0.089962 -0.578076
vn -0.811079 0.089298 -0.578080
vn -0.833783 0.051324 0.549701
vn -0.833815 0.052887 0.549504
vn -0.833125 0.082076 0.546961
vn -0.833062 0.080340 0.547314
vn -0.374557 0.050416 0.925832
vn -0.385104 0.090169 0.918458
vn 0.708746 0.051122 0.703609
vn 0.851389 0.056006 0.521537
vn 0.840718 0.115992 0.528903
vn 0.705227 0.105286 0.701121
vn 0.514134 0.105448 -0.851203
vn 0.769096 0.121606 -0.627457
vn 0.796460 0.078194 -0.599614
vn 0.561689 0.062197 -0.825007
vn 0.002988 -0.034905 0.999386
vn 0.146135 0.043157 -0.988323
vn 0.150853 -0.041872 -0.987669
vn 0.156125 -0.035035 -0.987116
vn -0.001307 -0.079057 0.996869
vn 0.147060 -0.088019 -0.985203
vn 0.159649 -0.084614 -0.983541
vn -0.000000 1.000000 0.000000
vn 0.000000 1.000000 0.000000
vn -0.000000 -1.000000 0.000000
vn 0.000000 -1.000000 -0.000000
vn 0.000000 -1.000000 -0.000000
vn 0.141100 0.069446 -0.987557
vn 0.158606 -0.041837 -0.986455
vn 0.151786 -0.090498 -0.984262
vn -0.000000 1.000000 0.000000
vn -0.000000 1.000000 0.000000
vn -0.000000 -1.000000 0.000000
vn -0.816992 -0.094215 -0.568900
vn -0.817067 -0.047069 -0.574618
vn 0.961548 -0.137271 0.237869
vn 0.969526 -0.054184 0.238923
vn -0.000000 1.000000 0.000000
vn -0.000000 1.000000 0.000000
vn 0.000000 -1.000000 0.000000
vn -0.000000 -1.000000 0.000000
vn -0.812896 0.059879 -0.579322
vn -0.810928 0.090714 -0.578071
vn 0.968519 0.058133 0.242056
vn 0.961619 0.121537 0.246002
vn 0.000000 1.000000 -0.000000
vn -0.000000 -1.000000 0.000000
s 1
g Right_Medium_Rock
usemtl lambert6SG
f 438/657/753 471/720/754 479/659/755 464/660/756
s 2
f 433/726/757 463/716/758 480/663/759 469/723/760
s 3
f 433/661/761 469/664/762 477/665/763 454/666/764
s 4
f 434/667/765 461/729/766 467/669/767 455/670/768
f 435/730/769 443/733/770 459/673/771 456/674/772
s 6
f 436/675/773 470/722/774 478/677/775 457/678/776
s 7
f 460/679/777 458/680/778 437/713/779 444/682/780
s 1
f 473/683/781 472/719/782 442/711/783 446/686/784
s 2
f 443/672/785 474/687/786 470/676/787 436/734/788
s 4
f 445/688/789 452/689/790 450/690/791 441/691/792
s 7
f 482/738/793 483/737/794 466/694/795 464/718/796
s 3
f 447/695/797 475/696/798 471/658/799 438/725/800
s 4
f 448/697/801 465/698/802 462/699/803 439/721/804
f 449/701/805 452/689/790 445/688/789 440/728/806
s 6
f 450/690/807 476/703/808 472/684/809 441/691/810
s 7
f 446/712/811 442/685/812 451/704/813 453/705/814
s 4
f 450/690/791 452/689/790 459/673/771 457/678/815
s 7
f 447/695/816 466/694/795 468/706/817 454/666/818
s 3
f 454/666/764 477/665/763 475/696/798 447/695/797
s 4
f 455/670/768 467/669/767 465/698/802 448/697/801
f 456/674/772 459/673/771 452/689/790 449/701/805
s 6
f 457/678/776 478/677/775 476/703/808 450/690/807
s 7
f 453/705/814 451/704/813 458/680/778 460/679/777
s 4
f 457/678/815 459/673/771 443/733/770 436/675/819
s 7
f 454/666/818 468/706/817 463/662/820 433/661/821
s 1
f 464/660/756 479/659/755 481/707/822 482/717/823
s 2
f 461/668/824 480/663/759 486/708/825 435/671/826
s 4
f 467/669/767 461/729/766 435/730/769 456/674/772
s 7
f 464/718/796 466/694/795 447/695/816 438/725/827
s 4
f 462/699/803 465/698/802 449/701/805 440/728/806
s 7
f 468/706/817 466/694/795 483/737/794 484/735/828
s 4
f 465/698/802 467/669/767 456/674/772 449/701/805
s 7
f 463/662/820 468/706/817 484/735/828 485/736/829
s 1
f 479/659/755 471/720/754 439/700/830 462/727/831
s 2
f 469/723/760 480/663/759 461/668/824 434/724/832
s 3
f 477/665/763 469/664/762 434/667/833 455/670/834
s 6
f 478/677/775 470/722/774 437/713/835 458/680/836
s 1
f 472/719/782 473/683/781 445/731/837 441/732/838
s 2
f 437/681/839 470/676/787 474/687/786 444/714/840
s 3
f 471/658/799 475/696/798 448/697/841 439/721/842
s 6
f 472/684/809 476/703/808 451/704/843 442/685/844
s 3
f 475/696/798 477/665/763 455/670/834 448/697/841
s 6
f 476/703/808 478/677/775 458/680/836 451/704/843
s 1
f 440/702/845 481/707/822 479/659/755 462/727/831
s 2
f 485/710/846 486/708/825 480/663/759 463/716/758
s 1
f 473/683/781 481/707/822 440/702/845 445/731/837
f 482/717/823 481/707/822 473/683/781 446/686/784
s 7
f 446/712/811 453/705/814 483/693/794 482/692/793
f 484/709/828 483/693/794 453/705/814 460/679/777
f 485/715/829 484/709/828 460/679/777 444/682/780
s 2
f 474/687/786 486/708/825 485/710/846 444/714/840
f 435/671/826 486/708/825 474/687/786 443/672/785
g default
v 14.579689 0.000000 -16.693310
v 15.309347 0.000000 -21.176181
v 10.677720 0.000000 -23.885293
v 5.364778 0.000000 -21.235368
v 4.849760 0.000000 -16.143837
v 14.579689 12.863239 -16.693310
v 15.309347 12.863239 -21.176181
v 10.677720 12.863239 -23.885293
v 5.364778 12.863239 -21.235368
v 4.849760 12.863239 -16.143837
v 7.292767 0.000000 -22.196988
v 7.212795 0.000000 -14.432657
v 8.101169 12.863239 -22.600193
v 8.050574 12.863239 -14.759135
v 15.096850 7.980293 -16.394816
v 15.907371 8.140996 -21.374474
v 10.762470 8.635396 -24.383804
v 4.860755 8.922730 -21.440220
v 4.288664 8.815518 -15.784451
v 7.613595 8.788704 -22.813247
v 7.509674 8.216070 -14.115941
v 15.151312 4.529530 -16.367654
v 15.970221 5.254691 -21.398862
v 10.772065 5.173378 -24.439344
v 4.809255 4.244732 -21.465289
v 4.231242 3.656556 -15.750970
v 7.298450 4.632399 -22.706817
v 7.169798 3.853640 -13.942125
v 13.145051 0.000000 -22.442113
v 12.311717 12.863239 -22.929544
v 13.515655 0.000000 -16.387959
v 12.795993 12.863239 -16.107511
v 12.896397 8.430334 -23.135636
v 13.412690 8.039907 -15.859918
v 13.168304 5.210861 -23.037747
v 13.680321 4.402610 -15.917086
v 14.944024 0.000000 -18.931717
v 4.359990 0.000000 -18.235812
v 14.969918 12.863239 -19.090789
v 4.396206 12.863239 -18.394398
v 8.494384 12.863239 -19.205996
v 7.576424 0.000000 -19.088925
v 15.519677 8.064127 -18.992586
v 3.772225 8.869783 -18.229153
v 15.571177 4.901328 -18.947210
v 3.694204 3.944230 -18.154179
v 12.865314 12.863239 -19.189885
v 13.655730 0.000000 -18.992375
v 10.839464 12.863239 -19.197661
v 10.432739 12.863239 -15.407149
v 10.499119 8.133581 -14.972297
v 10.354745 4.095514 -14.868081
v 10.321517 0.000000 -15.364842
v 10.741751 0.000000 -19.041968
vt 0.135342 0.149773
vt 0.247735 0.127492
vt 0.124938 0.172980
vt 0.119725 0.147619
vt 0.228754 0.021890
vt 0.219063 0.020992
vt 0.268866 0.183788
vt 0.248667 0.021614
vt 0.249331 0.062227
vt 0.228771 0.059010
vt 0.268475 0.022434
vt 0.269531 0.153659
vt 0.294766 0.065393
vt 0.268748 0.065804
vt 0.250610 0.137778
vt 0.219321 0.147240
vt 0.066097 0.059143
vt 0.034391 0.063877
vt 0.088716 0.021070
vt 0.188581 0.176719
vt 0.116301 0.053614
vt 0.088521 0.056197
vt 0.162803 0.052258
vt 0.135697 0.051231
vt 0.189712 0.195252
vt 0.161361 0.020742
vt 0.088851 0.179696
vt 0.116170 0.126094
vt 0.136560 0.125684
vt 0.078488 0.143625
vt 0.217220 0.174128
vt 0.064217 0.127798
vt 0.064263 0.093935
vt 0.089121 0.094134
vt 0.090034 0.126444
vt 0.188925 0.127100
vt 0.189744 0.087972
vt 0.214081 0.087381
vt 0.228098 0.086694
vt 0.248990 0.088185
vt 0.268279 0.088765
vt 0.296028 0.092676
vt 0.295382 0.129754
vt 0.148121 0.185710
vt 0.316032 0.095411
vt 0.113935 0.215066
vt 0.116245 0.093285
vt 0.136116 0.092553
vt 0.165058 0.087731
vt 0.216703 0.057448
vt 0.108213 0.176095
vt 0.244116 0.179129
vt 0.189105 0.054162
vt 0.235190 0.209842
vt 0.054129 0.159884
vt 0.167408 0.126697
vt 0.099145 0.145391
vt 0.210312 0.127345
vt 0.053771 0.179161
vt 0.142177 0.168993
vt 0.266062 0.127610
vt 0.226663 0.126916
vt 0.125995 0.204710
vt 0.040308 0.129034
vt 0.090714 0.208329
vt 0.066051 0.201174
vt 0.135475 0.021686
vt 0.207354 0.213263
vt 0.189901 0.019997
vt 0.263886 0.205769
vt 0.116348 0.021359
vt 0.279752 0.186177
vt 0.286127 0.167589
vt 0.273394 0.204715
vt 0.289741 0.021952
vt 0.313658 0.021291
vt 0.070210 0.020410
vt 0.201500 0.152628
vt 0.317364 0.065269
vt 0.035562 0.093563
vt 0.310999 0.130928
vt 0.038532 0.019905
vn -0.000000 1.000000 0.000000
vn -0.000000 1.000000 -0.000000
vn -0.000000 1.000000 -0.000000
vn -0.000000 1.000000 0.000000
vn 0.000000 -1.000000 0.000000
vn 0.000000 -1.000000 0.000000
vn 0.000000 -1.000000 0.000000
vn 0.000000 -1.000000 0.000000
vn 0.980234 -0.129518 0.149554
vn 0.980716 -0.125183 0.150084
vn 0.985578 -0.066954 0.155413
vn 0.985279 -0.072427 0.154855
vn 0.503016 -0.100007 -0.858471
vn 0.502961 -0.100355 -0.858463
vn 0.504703 -0.054791 -0.861553
vn 0.504848 -0.050836 -0.861710
vn -0.032647 -0.108677 -0.993541
vn -0.437918 -0.095984 -0.893876
vn -0.442735 -0.045859 -0.895479
vn -0.048350 -0.054962 -0.997317
vn -0.935766 -0.145378 -0.321259
vn -0.979185 -0.162523 -0.121589
vn -0.993202 -0.062768 -0.098028
vn -0.945356 -0.055786 -0.321233
vn -0.154338 -0.046109 0.986942
vn -0.514681 -0.038846 0.856501
vn -0.543530 -0.145123 0.826749
vn -0.125319 -0.144220 0.981578
vn 0.000000 1.000000 0.000000
vn -0.000000 1.000000 -0.000000
vn -0.000000 1.000000 0.000000
vn 0.000000 1.000000 0.000000
vn 0.000000 -1.000000 0.000000
vn 0.000000 -1.000000 0.000000
vn 0.000000 -1.000000 0.000000
vn 0.000000 -1.000000 0.000000
vn -0.442077 0.099367 -0.891456
vn -0.444926 0.054293 -0.893920
vn -0.444901 0.054703 -0.893908
vn -0.442062 0.101161 -0.891261
vn 0.279238 0.092584 0.955748
vn 0.282960 0.053281 0.957651
vn 0.297069 0.052443 0.953415
vn 0.295598 0.088924 0.951165
vn 0.984101 0.072940 0.161942
vn 0.983876 0.075864 0.161967
vn 0.980095 0.115477 0.161487
vn 0.980198 0.114629 0.161467
vn 0.506122 0.065998 -0.859933
vn 0.506210 0.068005 -0.859725
vn 0.506057 0.105400 -0.856036
vn 0.505892 0.103181 -0.856403
vn -0.071312 0.064832 -0.995345
vn -0.058498 0.115741 -0.991555
vn -0.945344 0.065739 -0.319380
vn -0.993033 0.072007 -0.093277
vn -0.983385 0.148630 -0.104225
vn -0.938491 0.135016 -0.317814
vn -0.086493 0.135222 0.987033
vn -0.412247 0.155755 0.897660
vn -0.450168 0.100436 0.887277
vn -0.140860 0.079947 0.986796
vn -0.442557 -0.044906 -0.895615
vn 0.303788 0.055510 0.951121
vn 0.299277 -0.053860 0.952645
vn 0.294354 -0.045073 0.954633
vn -0.436874 -0.101539 -0.893773
vn 0.301004 -0.112995 0.946905
vn 0.289056 -0.108645 0.951127
vn 0.000000 1.000000 0.000000
vn 0.000000 1.000000 0.000000
vn 0.000000 -1.000000 0.000000
vn 0.000000 -1.000000 0.000000
vn 0.000000 -1.000000 0.000000
vn 0.307670 0.089237 0.947299
vn 0.291786 -0.053815 0.954968
vn 0.296316 -0.116161 0.948000
vn -0.000000 1.000000 -0.000000
vn -0.000000 1.000000 -0.000000
vn 0.000000 -1.000000 0.000000
vn 0.981173 -0.120904 0.150604
vn 0.985896 -0.060536 0.156030
vn -0.962124 -0.175588 0.208535
vn -0.974743 -0.069669 0.212184
vn -0.000000 1.000000 -0.000000
vn -0.000000 1.000000 -0.000000
vn 0.000000 -1.000000 0.000000
vn 0.000000 -1.000000 0.000000
vn 0.983782 0.076974 0.162013
vn 0.979978 0.116437 0.161511
vn -0.975077 0.074736 0.208900
vn -0.967024 0.155668 0.201576
vn 0.000000 1.000000 0.000000
vn 0.000000 -1.000000 0.000000
s 1
g Right_Short_Rock
usemtl lambert6SG
f 492/739/847 525/798/848 533/741/849 518/742/850
s 2
f 487/812/851 517/808/852 534/745/853 523/810/854
s 3
f 487/743/855 523/746/856 531/747/857 508/748/858
s 4
f 488/749/859 515/813/860 521/751/861 509/752/862
f 489/820/863 497/815/864 513/755/865 510/756/866
s 6
f 490/757/867 524/809/868 532/759/869 511/760/870
s 7
f 514/761/871 512/762/872 491/805/873 498/764/874
s 1
f 527/765/875 526/797/876 496/793/877 500/768/878
s 2
f 497/754/879 528/769/880 524/758/881 490/816/882
s 4
f 499/770/883 506/771/884 504/772/885 495/773/886
s 7
f 536/774/887 537/775/888 520/776/889 518/796/890
s 3
f 501/777/891 529/778/892 525/740/893 492/800/894
s 4
f 502/779/895 519/780/896 516/781/897 493/799/898
f 503/818/899 506/771/884 499/770/883 494/802/900
s 6
f 504/772/901 530/785/902 526/766/903 495/773/904
s 7
f 500/794/905 496/767/906 505/786/907 507/787/908
s 4
f 504/772/885 506/771/884 513/755/865 511/760/909
s 7
f 501/777/910 520/776/889 522/788/911 508/748/912
s 3
f 508/748/858 531/747/857 529/778/892 501/777/891
s 4
f 509/752/862 521/751/861 519/780/896 502/779/895
f 510/756/866 513/755/865 506/771/884 503/818/899
s 6
f 511/760/870 532/759/869 530/785/902 504/772/901
s 7
f 507/787/908 505/786/907 512/762/872 514/761/871
s 4
f 511/760/909 513/755/865 497/815/864 490/757/913
s 7
f 508/748/912 522/788/911 517/744/914 487/743/915
s 1
f 518/742/850 533/741/849 535/789/916 536/795/917
s 2
f 515/750/918 534/745/853 540/790/919 489/753/920
s 4
f 521/751/861 515/813/860 489/814/863 510/817/866
s 7
f 518/796/890 520/776/889 501/777/910 492/800/921
s 4
f 516/781/897 519/780/896 503/783/899 494/819/900
s 7
f 522/788/911 520/776/889 537/775/888 538/791/922
s 4
f 519/780/896 521/751/861 510/817/866 503/783/899
s 7
f 517/744/914 522/788/911 538/791/922 539/807/923
s 1
f 533/741/849 525/798/848 493/782/924 516/801/925
s 2
f 523/810/854 534/745/853 515/750/918 488/811/926
s 3
f 531/747/857 523/746/856 488/749/927 509/752/928
s 6
f 532/759/869 524/809/868 491/805/929 512/762/930
s 1
f 526/797/876 527/765/875 499/803/931 495/804/932
s 2
f 491/763/933 524/758/881 528/769/880 498/806/934
s 3
f 525/740/893 529/778/892 502/779/935 493/799/936
s 6
f 526/766/903 530/785/902 505/786/937 496/767/938
s 3
f 529/778/892 531/747/857 509/752/928 502/779/935
s 6
f 530/785/902 532/759/869 512/762/930 505/786/937
s 1
f 494/784/939 535/789/916 533/741/849 516/801/925
s 2
f 539/792/940 540/790/919 534/745/853 517/808/852
s 1
f 527/765/875 535/789/916 494/784/939 499/803/931
f 536/795/917 535/789/916 527/765/875 500/768/878
s 7
f 500/794/905 507/787/908 537/775/888 536/774/887
f 538/791/922 537/775/888 507/787/908 514/761/871
f 539/807/923 538/791/922 514/761/871 498/764/874
s 2
f 528/769/880 540/790/919 539/792/940 498/806/934
f 489/753/920 540/790/919 528/769/880 497/754/879
g default
v 19.549526 0.000000 -8.447347
v 22.990012 0.000000 -11.412409
v 21.183364 0.000000 -16.464861
v 15.410074 0.000000 -17.849996
v 11.742774 0.000000 -14.280703
v 19.549526 9.151338 -8.447347
v 22.990012 9.151338 -11.412409
v 21.183364 9.151338 -16.464861
v 15.410074 9.151338 -17.849996
v 11.742773 9.151338 -14.280702
v 17.505118 0.000000 -17.347350
v 12.453039 0.000000 -11.450934
v 18.383563 9.151338 -17.136593
v 13.304671 9.151338 -11.162516
v 19.753826 5.677447 -7.886260
v 23.575584 5.791776 -11.179907
v 21.568721 6.143509 -16.792269
v 15.155645 6.347929 -18.330899
v 11.081939 6.271654 -14.366060
v 18.147009 6.252578 -17.613209
v 12.476879 5.845187 -11.017483
v 19.778087 3.222459 -7.830448
v 23.639404 3.738362 -11.158189
v 21.611770 3.680514 -16.828646
v 15.132306 3.019845 -18.383206
v 11.016432 2.601396 -14.377325
v 17.837181 3.295644 -17.734250
v 12.104793 2.741608 -11.102801
v 22.145788 0.000000 -13.773353
v 21.820731 9.151338 -14.682403
v 18.538152 0.000000 -8.897382
v 17.806591 9.151338 -9.145134
v 22.401098 5.997622 -14.464452
v 18.119859 5.719859 -8.559061
v 22.546466 3.707181 -14.214687
v 18.361624 3.132164 -8.430826
v 21.267444 0.000000 -9.927874
v 12.712283 0.000000 -16.198065
v 21.389530 9.151338 -10.033088
v 12.841964 9.151338 -16.296272
v 16.503035 9.151338 -14.283734
v 15.724585 0.000000 -14.784106
v 21.747544 5.737090 -9.604481
v 12.257749 6.310260 -16.570774
v 21.757831 3.486969 -9.536616
v 12.149790 2.806057 -16.563489
v 19.841007 9.151338 -11.461811
v 20.319544 0.000000 -10.802442
v 18.294112 9.151338 -12.769958
v 15.546049 9.151338 -10.127696
v 15.317384 5.786501 -9.751913
v 15.139796 2.913686 -9.764879
v 15.433655 0.000000 -10.166779
v 18.119184 0.000000 -12.713501
vt 0.810987 0.125129
vt 0.902736 0.108420
vt 0.804010 0.139690
vt 0.801044 0.123410
vt 0.886471 0.044977
vt 0.878293 0.044090
vt 0.860361 0.139039
vt 0.903346 0.044621
vt 0.903590 0.069155
vt 0.886464 0.067164
vt 0.920178 0.045622
vt 0.860775 0.159456
vt 0.941329 0.071589
vt 0.919669 0.071616
vt 0.873596 0.169020
vt 0.893493 0.162902
vt 0.750552 0.066451
vt 0.723966 0.069446
vt 0.768942 0.043649
vt 0.913696 0.144556
vt 0.792486 0.063220
vt 0.769296 0.064767
vt 0.831176 0.062402
vt 0.808618 0.061866
vt 0.913453 0.132656
vt 0.830203 0.043422
vt 0.781055 0.143210
vt 0.791594 0.106765
vt 0.809000 0.106436
vt 0.774594 0.120365
vt 0.894572 0.145148
vt 0.747732 0.107565
vt 0.748731 0.087256
vt 0.769500 0.087345
vt 0.769468 0.106733
vt 0.853127 0.107743
vt 0.853745 0.084195
vt 0.874218 0.084036
vt 0.885910 0.083568
vt 0.903323 0.084838
vt 0.919381 0.085152
vt 0.942539 0.087885
vt 0.943110 0.110125
vt 0.818301 0.148590
vt 0.959353 0.089696
vt 0.795797 0.166109
vt 0.792196 0.086969
vt 0.808766 0.086501
vt 0.833065 0.083670
vt 0.876410 0.066034
vt 0.793383 0.141277
vt 0.876830 0.141691
vt 0.853222 0.063739
vt 0.883445 0.121233
vt 0.759178 0.130578
vt 0.835038 0.107313
vt 0.787859 0.121637
vt 0.871070 0.108092
vt 0.758783 0.142597
vt 0.814972 0.137644
vt 0.918312 0.108453
vt 0.884898 0.107754
vt 0.803728 0.159986
vt 0.727680 0.108247
vt 0.781495 0.161296
vt 0.766160 0.156488
vt 0.808445 0.044068
vt 0.902652 0.119693
vt 0.854031 0.043072
vt 0.863722 0.124267
vt 0.792233 0.043711
vt 0.853119 0.137883
vt 0.849432 0.151039
vt 0.857261 0.125184
vt 0.938231 0.045582
vt 0.958378 0.045557
vt 0.753298 0.043189
vt 0.904928 0.159813
vt 0.960268 0.071903
vt 0.724635 0.087011
vt 0.956250 0.110949
vt 0.726690 0.043198
vn -0.000000 1.000000 0.000000
vn -0.000000 1.000000 0.000000
vn -0.000000 1.000000 0.000000
vn -0.000000 1.000000 0.000000
vn 0.000000 -1.000000 0.000000
vn 0.000000 -1.000000 0.000000
vn 0.000000 -1.000000 0.000000
vn 0.000000 -1.000000 0.000000
vn 0.649477 -0.180580 0.738627
vn 0.649850 -0.174629 0.739729
vn 0.653670 -0.093907 0.750930
vn 0.653557 -0.101545 0.750034
vn 0.932608 -0.139889 -0.332676
vn 0.932529 -0.140372 -0.332694
vn 0.939046 -0.076903 -0.335080
vn 0.939449 -0.071366 -0.335176
vn 0.610122 -0.151885 -0.777613
vn 0.238040 -0.134315 -0.961923
vn 0.236206 -0.064393 -0.969567
vn 0.603136 -0.077142 -0.793899
vn -0.505155 -0.202270 -0.838991
vn -0.663448 -0.225556 -0.713415
vn -0.696488 -0.088058 -0.712144
vn -0.516916 -0.078295 -0.852448
vn -0.751844 -0.064745 0.656154
vn -0.944122 -0.054563 0.325048
vn -0.938201 -0.201923 0.281078
vn -0.719680 -0.200692 0.664668
vn -0.000000 1.000000 0.000000
vn 0.000000 1.000000 -0.000000
vn 0.000000 1.000000 -0.000000
vn -0.000000 1.000000 0.000000
vn 0.000000 -1.000000 0.000000
vn 0.000000 -1.000000 0.000000
vn 0.000000 -1.000000 0.000000
vn 0.000000 -1.000000 0.000000
vn 0.233245 0.139003 -0.962432
vn 0.233432 0.076205 -0.969382
vn 0.233438 0.076779 -0.969336
vn 0.233091 0.141489 -0.962107
vn -0.398771 0.129597 0.907847
vn -0.398255 0.074788 0.914221
vn -0.384759 0.073616 0.920077
vn -0.383479 0.124514 0.915117
vn 0.648091 0.102261 0.754666
vn 0.647766 0.106338 0.754382
vn 0.642826 0.161270 0.748844
vn 0.642978 0.160101 0.748964
vn 0.938474 0.092571 -0.332712
vn 0.938285 0.095373 -0.332452
vn 0.932869 0.147355 -0.328698
vn 0.933187 0.144285 -0.329157
vn 0.583971 0.090943 -0.806664
vn 0.588712 0.161635 -0.792018
vn -0.517792 0.092210 -0.850523
vn -0.698984 0.100958 -0.707975
vn -0.679042 0.206701 -0.704398
vn -0.510122 0.188114 -0.839279
vn -0.694541 0.188396 0.694348
vn -0.882421 0.216385 0.417745
vn -0.910709 0.140484 0.388425
vn -0.739902 0.112026 0.663322
vn 0.236440 -0.063058 -0.969598
vn -0.378085 0.077908 0.922487
vn -0.382548 -0.075599 0.920838
vn -0.387754 -0.063293 0.919587
vn 0.238644 -0.142012 -0.960667
vn -0.375742 -0.157848 0.913182
vn -0.387716 -0.151840 0.909187
vn -0.000000 1.000000 0.000000
vn -0.000000 1.000000 0.000000
vn 0.000000 -1.000000 0.000000
vn 0.000000 -1.000000 0.000000
vn 0.000000 -1.000000 0.000000
vn -0.371781 0.124949 0.919873
vn -0.389770 -0.075536 0.917809
vn -0.379879 -0.162214 0.910702
vn 0.000000 1.000000 -0.000000
vn 0.000000 1.000000 -0.000000
vn 0.000000 -1.000000 0.000000
vn 0.650195 -0.168746 0.740791
vn 0.653778 -0.084938 0.751904
vn -0.858259 -0.243178 -0.451946
vn -0.881002 -0.097696 -0.462916
vn 0.000000 1.000000 -0.000000
vn 0.000000 1.000000 -0.000000
vn 0.000000 -1.000000 0.000000
vn 0.000000 -1.000000 0.000000
vn 0.647611 0.107885 0.754295
vn 0.642652 0.162593 0.748707
vn -0.878839 0.104765 -0.465474
vn -0.860243 0.216267 -0.461748
vn 0.000000 1.000000 -0.000000
vn 0.000000 -1.000000 0.000000
s 1
g Right_Shortest_Rock
usemtl lambert6SG
f 546/821/941 579/880/942 587/823/943 572/824/944
s 2
f 541/894/945 571/890/946 588/827/947 577/892/948
s 3
f 541/825/949 577/828/950 585/829/951 562/830/952
s 4
f 542/831/953 569/895/954 575/833/955 563/834/956
f 543/902/957 551/897/958 567/837/959 564/838/960
s 6
f 544/839/961 578/891/962 586/841/963 565/842/964
s 7
f 568/843/965 566/844/966 545/887/967 552/846/968
s 1
f 581/847/969 580/879/970 550/875/971 554/850/972
s 2
f 551/836/973 582/851/974 578/840/975 544/898/976
s 4
f 553/852/977 560/853/978 558/854/979 549/855/980
s 7
f 590/856/981 591/857/982 574/858/983 572/878/984
s 3
f 555/859/985 583/860/986 579/822/987 546/882/988
s 4
f 556/861/989 573/862/990 570/863/991 547/881/992
f 557/900/993 560/853/978 553/852/977 548/884/994
s 6
f 558/854/995 584/867/996 580/848/997 549/855/998
s 7
f 554/876/999 550/849/1000 559/868/1001 561/869/1002
s 4
f 558/854/979 560/853/978 567/837/959 565/842/1003
s 7
f 555/859/1004 574/858/983 576/870/1005 562/830/1006
s 3
f 562/830/952 585/829/951 583/860/986 555/859/985
s 4
f 563/834/956 575/833/955 573/862/990 556/861/989
f 564/838/960 567/837/959 560/853/978 557/900/993
s 6
f 565/842/964 586/841/963 584/867/996 558/854/995
s 7
f 561/869/1002 559/868/1001 566/844/966 568/843/965
s 4
f 565/842/1003 567/837/959 551/897/958 544/839/1007
s 7
f 562/830/1006 576/870/1005 571/826/1008 541/825/1009
s 1
f 572/824/944 587/823/943 589/871/1010 590/877/1011
s 2
f 569/832/1012 588/827/947 594/872/1013 543/835/1014
s 4
f 575/833/955 569/895/954 543/896/957 564/899/960
s 7
f 572/878/984 574/858/983 555/859/1004 546/882/1015
s 4
f 570/863/991 573/862/990 557/865/993 548/901/994
s 7
f 576/870/1005 574/858/983 591/857/982 592/873/1016
s 4
f 573/862/990 575/833/955 564/899/960 557/865/993
s 7
f 571/826/1008 576/870/1005 592/873/1016 593/889/1017
s 1
f 587/823/943 579/880/942 547/864/1018 570/883/1019
s 2
f 577/892/948 588/827/947 569/832/1012 542/893/1020
s 3
f 585/829/951 577/828/950 542/831/1021 563/834/1022
s 6
f 586/841/963 578/891/962 545/887/1023 566/844/1024
s 1
f 580/879/970 581/847/969 553/885/1025 549/886/1026
s 2
f 545/845/1027 578/840/975 582/851/974 552/888/1028
s 3
f 579/822/987 583/860/986 556/861/1029 547/881/1030
s 6
f 580/848/997 584/867/996 559/868/1031 550/849/1032
s 3
f 583/860/986 585/829/951 563/834/1022 556/861/1029
s 6
f 584/867/996 586/841/963 566/844/1024 559/868/1031
s 1
f 548/866/1033 589/871/1010 587/823/943 570/883/1019
s 2
f 593/874/1034 594/872/1013 588/827/947 571/890/946
s 1
f 581/847/969 589/871/1010 548/866/1033 553/885/1025
f 590/877/1011 589/871/1010 581/847/969 554/850/972
s 7
f 554/876/999 561/869/1002 591/857/982 590/856/981
f 592/873/1016 591/857/982 561/869/1002 568/843/965
f 593/889/1017 592/873/1016 568/843/965 552/846/968
s 2
f 582/851/974 594/872/1013 593/874/1034 552/888/1028
f 543/835/1014 594/872/1013 582/851/974 551/836/973
g default
v 43.488531 0.000000 -18.356033
v 42.156370 0.000000 -22.698134
v 36.803842 0.000000 -23.074602
v 33.215035 0.000000 -18.344918
v 35.009305 0.000000 -13.552264
v 43.488531 12.863239 -18.356033
v 42.156370 12.863239 -22.698134
v 36.803842 12.863239 -23.074602
v 33.215035 12.863239 -18.344918
v 35.009305 12.863239 -13.552264
v 34.517362 0.000000 -20.061251
v 37.885916 0.000000 -13.065249
v 35.063424 12.863239 -20.780905
v 38.492311 12.863239 -13.729135
v 44.084414 7.980293 -18.317581
v 42.604628 8.140996 -23.140875
v 36.658937 8.635396 -23.559057
v 32.672420 8.922730 -18.305237
v 34.665531 8.815518 -12.981468
v 34.531922 8.788704 -20.755870
v 38.292393 8.216070 -12.912858
v 44.145273 4.529530 -18.317365
v 42.650165 5.254691 -23.190586
v 36.642931 5.173378 -23.613101
v 32.615143 4.244732 -18.304891
v 34.628888 3.656556 -12.926011
v 34.296556 4.632399 -20.520821
v 38.064718 3.853640 -12.606444
v 39.655205 0.000000 -22.874053
v 38.692165 12.863239 -22.941788
v 42.669942 0.000000 -17.610832
v 42.149040 12.863239 -17.040544
v 39.125004 8.430334 -23.385608
v 42.811601 8.039907 -17.091832
v 39.412136 5.210861 -23.418329
v 43.026200 4.402610 -17.261663
v 42.823349 0.000000 -20.524147
v 33.643317 0.000000 -15.210671
v 42.776079 12.863239 -20.678228
v 33.605515 12.863239 -15.368885
v 36.919845 12.863239 -17.912301
v 36.148784 0.000000 -17.400615
v 43.312439 8.064127 -20.833777
v 33.119347 8.869783 -14.944270
v 43.378717 4.901328 -20.815920
v 33.082623 3.944230 -14.842487
v 40.845438 12.863239 -19.834546
v 41.641540 0.000000 -20.007704
v 39.025857 12.863239 -18.943897
v 40.340751 12.863239 -15.365567
v 40.592936 8.133581 -15.005141
v 40.509683 4.095514 -14.847744
v 40.259791 0.000000 -15.278357
v 39.007245 0.000000 -18.761028
vt 0.495497 0.157435
vt 0.617429 0.128131
vt 0.484348 0.179863
vt 0.480212 0.154702
vt 0.597048 0.023081
vt 0.587431 0.022364
vt 0.612943 0.190851
vt 0.616726 0.022393
vt 0.618599 0.062948
vt 0.597970 0.060092
vt 0.636245 0.022650
vt 0.616515 0.161247
vt 0.382950 0.068140
vt 0.638192 0.066129
vt 0.599422 0.143778
vt 0.567695 0.150065
vt 0.436344 0.062622
vt 0.405393 0.068024
vt 0.457581 0.024423
vt 0.534570 0.176118
vt 0.485917 0.056372
vt 0.458424 0.059348
vt 0.532111 0.054360
vt 0.505143 0.053724
vt 0.533889 0.194477
vt 0.530081 0.022990
vt 0.448574 0.185055
vt 0.486514 0.128653
vt 0.506909 0.127935
vt 0.439792 0.149154
vt 0.563022 0.176339
vt 0.434134 0.130520
vt 0.434814 0.097093
vt 0.459453 0.097121
vt 0.460269 0.129273
vt 0.559111 0.128498
vt 0.559491 0.089523
vt 0.583746 0.088560
vt 0.597743 0.087674
vt 0.618653 0.088870
vt 0.637975 0.089316
vt 0.665779 0.093540
vt 0.664039 0.131078
vt 0.506660 0.193300
vt 0.406397 0.096309
vt 0.471869 0.220846
vt 0.486399 0.095945
vt 0.506153 0.094926
vt 0.534901 0.089674
vt 0.585895 0.058724
vt 0.467767 0.182272
vt 0.589022 0.183868
vt 0.558327 0.055873
vt 0.577260 0.213247
vt 0.415184 0.164198
vt 0.537691 0.128447
vt 0.504310 0.024305
vt 0.549518 0.213921
vt 0.558455 0.021834
vt 0.605912 0.212015
vt 0.460049 0.151703
vt 0.580375 0.128404
vt 0.414075 0.183152
vt 0.501467 0.176616
vt 0.635493 0.128165
vt 0.485223 0.024256
vt 0.623432 0.194258
vt 0.631509 0.176571
vt 0.596592 0.127744
vt 0.615376 0.211898
vt 0.484143 0.211128
vt 0.409805 0.131219
vt 0.656899 0.020963
vt 0.406863 0.025060
vt 0.449282 0.213305
vt 0.425295 0.205295
vt 0.438947 0.024202
vt 0.549624 0.153646
vt 0.664527 0.065011
vt 0.386117 0.095911
vt 0.394118 0.132947
vt 0.383320 0.024224
vn -0.000000 1.000000 0.000000
vn -0.000000 1.000000 -0.000000
vn -0.000000 1.000000 -0.000000
vn -0.000000 1.000000 0.000000
vn 0.000000 -1.000000 0.000000
vn 0.000000 -1.000000 0.000000
vn 0.000000 -1.000000 0.000000
vn 0.000000 -1.000000 0.000000
vn 0.945025 -0.129518 -0.300253
vn 0.945692 -0.125183 -0.299992
vn 0.952412 -0.066954 -0.297368
vn 0.951897 -0.072427 -0.297736
vn 0.070569 -0.100007 -0.992481
vn 0.070523 -0.100355 -0.992449
vn 0.070716 -0.054791 -0.995991
vn 0.070776 -0.050836 -0.996196
vn -0.469489 -0.108677 -0.876225
vn -0.788647 -0.095985 -0.607307
vn -0.793675 -0.045859 -0.606610
vn -0.485240 -0.054962 -0.872652
vn -0.981240 -0.145379 0.126620
vn -0.931694 -0.162524 0.324859
vn -0.933821 -0.062768 0.352192
vn -0.989826 -0.055786 0.130893
vn 0.298937 -0.046109 0.953158
vn -0.081899 -0.038847 0.995883
vn -0.120945 -0.145123 0.981994
vn 0.322576 -0.144220 0.935492
vn 0.000000 1.000000 0.000000
vn -0.000000 1.000000 -0.000000
vn -0.000000 1.000000 0.000000
vn -0.000000 1.000000 0.000000
vn 0.000000 -1.000000 0.000000
vn 0.000000 -1.000000 0.000000
vn 0.000000 -1.000000 0.000000
vn 0.000000 -1.000000 0.000000
vn -0.791303 0.099367 -0.603295
vn -0.794949 0.054293 -0.604242
vn -0.794921 0.054703 -0.604242
vn -0.791204 0.101161 -0.603128
vn 0.673808 0.092584 0.733083
vn 0.677987 0.053281 0.733140
vn 0.688759 0.052443 0.723091
vn 0.686443 0.088924 0.721726
vn 0.953981 0.072941 -0.290861
vn 0.953790 0.075865 -0.290739
vn 0.950189 0.115477 -0.289493
vn 0.950271 0.114629 -0.289559
vn 0.072705 0.065998 -0.995167
vn 0.072878 0.068005 -0.995020
vn 0.074374 0.105400 -0.991645
vn 0.074064 0.103181 -0.991901
vn -0.504951 0.064833 -0.860710
vn -0.491785 0.115741 -0.862990
vn -0.988994 0.065739 0.132549
vn -0.931564 0.072007 0.356376
vn -0.927766 0.148630 0.342285
vn -0.982157 0.135016 0.130916
vn 0.359800 0.135222 0.923179
vn 0.028167 0.155755 0.987394
vn -0.010429 0.100436 0.994889
vn 0.310955 0.079947 0.947056
vn -0.793576 -0.044906 -0.606812
vn 0.693767 0.055510 0.718058
vn 0.690398 -0.053860 0.721422
vn 0.686866 -0.045073 0.725385
vn -0.787665 -0.101540 -0.607679
vn 0.689403 -0.112995 0.715511
vn 0.680564 -0.108645 0.724589
vn 0.000000 1.000000 0.000000
vn -0.000000 1.000000 0.000000
vn 0.000000 -1.000000 0.000000
vn 0.000000 -1.000000 0.000000
vn 0.000000 -1.000000 0.000000
vn 0.695553 0.089237 0.712911
vn 0.684712 -0.053815 0.726825
vn 0.685684 -0.116161 0.718570
vn -0.000000 1.000000 -0.000000
vn -0.000000 1.000000 -0.000000
vn 0.000000 -1.000000 0.000000
vn 0.946332 -0.120905 -0.299728
vn 0.952970 -0.060536 -0.296956
vn -0.770127 -0.175588 0.613249
vn -0.779823 -0.069669 0.622111
vn 0.000000 1.000000 0.000000
vn -0.000000 1.000000 -0.000000
vn 0.000000 -1.000000 0.000000
vn 0.000000 -1.000000 0.000000
vn 0.953727 0.076975 -0.290655
vn 0.950094 0.116437 -0.289419
vn -0.781577 0.074736 0.619316
vn -0.777603 0.155668 0.609181
vn 0.000000 1.000000 0.000000
vn 0.000000 -1.000000 0.000000
s 1
g Right_Short_Rock1
usemtl lambert6SG
f 600/903/1035 633/966/1036 641/905/1037 626/906/1038
s 2
f 595/972/1039 625/962/1040 642/909/1041 631/969/1042
s 3
f 595/907/1043 631/910/1044 639/911/1045 616/912/1046
s 4
f 596/913/1047 623/975/1048 629/981/1049 617/916/1050
f 597/976/1051 605/979/1052 621/919/1053 618/920/1054
s 6
f 598/921/1055 632/968/1056 640/923/1057 619/924/1058
s 7
f 622/925/1059 620/926/1060 599/959/1061 606/928/1062
s 1
f 635/929/1063 634/965/1064 604/957/1065 608/932/1066
s 2
f 605/918/1067 636/933/1068 632/922/1069 598/980/1070
s 4
f 607/934/1071 614/935/1072 612/936/1073 603/937/1074
s 7
f 644/938/1075 645/939/1076 628/940/1077 626/964/1078
s 3
f 609/941/1079 637/942/1080 633/904/1081 600/971/1082
s 4
f 610/943/1083 627/944/1084 624/945/1085 601/967/1086
f 611/947/1087 614/935/1072 607/934/1071 602/974/1088
s 6
f 612/936/1089 638/949/1090 634/930/1091 603/937/1092
s 7
f 608/958/1093 604/931/1094 613/950/1095 615/951/1096
s 4
f 612/936/1073 614/935/1072 621/919/1053 619/924/1097
s 7
f 609/941/1098 628/940/1077 630/952/1099 616/912/1100
s 3
f 616/912/1046 639/911/1045 637/942/1080 609/941/1079
s 4
f 617/916/1050 629/981/1049 627/944/1084 610/943/1083
f 618/920/1054 621/919/1053 614/935/1072 611/947/1087
s 6
f 619/924/1058 640/923/1057 638/949/1090 612/936/1089
s 7
f 615/951/1096 613/950/1095 620/926/1060 622/925/1059
s 4
f 619/924/1097 621/919/1053 605/979/1052 598/921/1101
s 7
f 616/912/1100 630/952/1099 625/908/1102 595/907/1103
s 1
f 626/906/1038 641/905/1037 643/953/1104 644/963/1105
s 2
f 623/914/1106 642/909/1041 648/954/1107 597/917/1108
s 4
f 629/915/1049 623/984/1048 597/976/1051 618/920/1054
s 7
f 626/964/1078 628/940/1077 609/941/1098 600/971/1109
s 4
f 624/983/1085 627/982/1084 611/947/1087 602/974/1088
s 7
f 630/952/1099 628/940/1077 645/939/1076 646/955/1110
s 4
f 627/982/1084 629/915/1049 618/920/1054 611/947/1087
s 7
f 625/908/1102 630/952/1099 646/955/1110 647/961/1111
s 1
f 641/905/1037 633/966/1036 601/946/1112 624/973/1113
s 2
f 631/969/1042 642/909/1041 623/914/1106 596/970/1114
s 3
f 639/911/1045 631/910/1044 596/913/1115 617/916/1116
s 6
f 640/923/1057 632/968/1056 599/959/1117 620/926/1118
s 1
f 634/965/1064 635/929/1063 607/977/1119 603/978/1120
s 2
f 599/927/1121 632/922/1069 636/933/1068 606/960/1122
s 3
f 633/904/1081 637/942/1080 610/943/1123 601/967/1124
s 6
f 634/930/1091 638/949/1090 613/950/1125 604/931/1126
s 3
f 637/942/1080 639/911/1045 617/916/1116 610/943/1123
s 6
f 638/949/1090 640/923/1057 620/926/1118 613/950/1125
s 1
f 602/948/1127 643/953/1104 641/905/1037 624/973/1113
s 2
f 647/956/1128 648/954/1107 642/909/1041 625/962/1040
s 1
f 635/929/1063 643/953/1104 602/948/1127 607/977/1119
f 644/963/1105 643/953/1104 635/929/1063 608/932/1066
s 7
f 608/958/1093 615/951/1096 645/939/1076 644/938/1075
f 646/955/1110 645/939/1076 615/951/1096 622/925/1059
f 647/961/1111 646/955/1110 622/925/1059 606/928/1062
s 2
f 636/933/1068 648/954/1107 647/956/1128 606/960/1122
f 597/917/1108 648/954/1107 636/933/1068 605/918/1067
g default
v -22.510373 0.744234 -10.215473
v -23.827043 0.500000 -8.392264
v -21.473684 1.411604 -8.392264
v -20.961115 -0.370869 -8.392264
v -23.827043 0.500000 -9.607737
v -23.172270 1.189108 -8.081189
v -21.473684 1.411604 -9.607737
v -22.968403 1.656898 -9.299865
v -23.172270 -0.370867 -8.081189
v -21.344098 0.500000 -8.081189
v -22.541977 0.500000 -7.784528
v -21.473684 -0.370869 -9.746519
v -20.616620 0.500000 -9.357351
v -23.382149 -0.370871 -9.894790
vt 0.650482 0.626851
vt 0.662877 0.623191
vt 0.601650 0.640311
vt 0.582612 0.626967
vt 0.572916 0.617409
vt 0.580478 0.615366
vt 0.616349 0.617363
vt 0.567465 0.610064
vt 0.605024 0.610851
vt 0.617918 0.600948
vt 0.634766 0.616524
vt 0.613630 0.589354
vt 0.646602 0.616859
vt 0.597347 0.587964
vt 0.640484 0.607701
vt 0.655382 0.610212
vt 0.613905 0.637589
vt 0.615416 0.609119
vt 0.637801 0.626204
vt 0.619473 0.627259
vt 0.599021 0.603460
vt 0.560400 0.624779
vt 0.569357 0.626450
vt 0.577236 0.607062
vt 0.601524 0.618449
vt 0.606349 0.628645
vt 0.622847 0.647838
vt 0.606508 0.647529
vn -0.241749 0.624088 -0.743015
vn -0.241749 0.624088 -0.743015
vn -0.241749 0.624088 -0.743015
vn -0.241749 0.624088 -0.743015
vn -0.781023 0.622150 0.054151
vn -0.781023 0.622150 0.054151
vn -0.781023 0.622150 0.054151
vn -0.781023 0.622150 0.054151
vn 0.044235 0.980376 0.192111
vn 0.044235 0.980376 0.192111
vn 0.044235 0.980376 0.192111
vn 0.044235 0.980376 0.192111
vn -0.427524 0.000000 0.904004
vn -0.427524 0.000000 0.904004
vn -0.427524 0.000000 0.904004
vn -0.427524 0.000000 0.904004
vn 0.164683 -0.345712 0.923776
vn 0.164683 -0.345712 0.923776
vn 0.164683 -0.345712 0.923776
vn 0.164683 -0.345712 0.923776
vn 0.156261 0.414553 0.896509
vn 0.156261 0.414553 0.896509
vn 0.156261 0.414553 0.896509
vn 0.156261 0.414553 0.896509
vn 0.419237 0.070473 -0.905138
vn 0.419237 0.070473 -0.905138
vn 0.419237 0.070473 -0.905138
vn 0.419237 0.070473 -0.905138
vn 0.821025 0.518127 0.239713
vn 0.821025 0.518127 0.239713
vn 0.821025 0.518127 0.239713
vn 0.821025 0.518127 0.239713
vn 0.953583 -0.290876 0.077909
vn 0.953583 -0.290876 0.077909
vn 0.953583 -0.290876 0.077909
vn 0.953583 -0.290876 0.077909
vn -0.125097 -0.182646 -0.975188
vn -0.125097 -0.182646 -0.975188
vn -0.125097 -0.182646 -0.975188
vn -0.125097 -0.182646 -0.975188
vn -0.000000 -1.000000 0.000001
vn -0.000000 -1.000000 0.000001
vn -0.000000 -1.000000 0.000001
vn -0.000000 -1.000000 0.000001
vn -0.844487 -0.532370 0.058513
vn -0.844487 -0.532370 0.058513
vn -0.844487 -0.532370 0.058513
vn -0.844487 -0.532370 0.058513
s off
g Stone
usemtl lambert6SG
f 655/1004/1129 649/1001/1130 653/987/1131 656/1010/1132
f 653/1007/1133 650/989/1134 654/990/1135 656/988/1136
f 654/1009/1137 651/991/1138 655/1004/1139 656/1010/1140
f 654/990/1141 650/989/1142 657/992/1143 659/1008/1144
f 657/1005/1145 652/994/1146 658/1002/1147 659/993/1148
f 658/1002/1149 651/991/1150 654/1009/1151 659/993/1152
f 660/1000/1153 649/986/1154 655/985/1155 661/997/1156
f 655/985/1157 651/1003/1158 658/995/1159 661/997/1160
f 658/995/1161 652/999/1162 660/1000/1163 661/997/1164
f 653/987/1165 649/1001/1166 660/1011/1167 662/1012/1168
f 660/996/1169 652/994/1170 657/1005/1171 662/998/1172
f 657/992/1173 650/989/1174 653/1007/1175 662/1006/1176
g default
v 18.419895 0.700938 16.000000
v 19.503155 0.500000 14.500000
v 17.566988 1.250000 14.500000
v 17.145283 -0.216486 14.500000
v 19.503155 0.500000 15.500000
v 18.964457 1.066947 14.244071
v 17.566988 1.250000 15.500000
v 18.796730 1.451809 15.246706
v 18.964457 -0.216485 14.244071
v 17.460373 0.500000 14.244071
v 18.445898 0.500000 14.000000
v 17.566988 -0.216486 15.614180
v 16.861856 0.500000 15.294001
v 19.137129 -0.216488 15.736166
vt 0.610678 0.499597
vt 0.609506 0.483350
vt 0.658973 0.482844
vt 0.664585 0.493848
vt 0.679941 0.499704
vt 0.672575 0.505633
vt 0.633947 0.516236
vt 0.689530 0.505177
vt 0.650510 0.527453
vt 0.621010 0.451167
vt 0.593732 0.516172
vt 0.627448 0.468968
vt 0.597331 0.501686
vt 0.652364 0.471275
vt 0.584408 0.506756
vt 0.591508 0.489088
vt 0.639951 0.485623
vt 0.634446 0.528932
vt 0.606470 0.515039
vt 0.630290 0.500773
vt 0.658846 0.539414
vt 0.690195 0.485485
vt 0.679486 0.487985
vt 0.680188 0.513237
vt 0.656708 0.516243
vt 0.650485 0.500132
vt 0.649972 0.447529
vt 0.629707 0.541128
vn 0.241749 0.624088 0.743016
vn 0.241749 0.624088 0.743016
vn 0.241749 0.624088 0.743016
vn 0.241749 0.624088 0.743016
vn 0.781023 0.622150 -0.054151
vn 0.781023 0.622150 -0.054151
vn 0.781023 0.622150 -0.054151
vn 0.781023 0.622150 -0.054151
vn -0.044235 0.980376 -0.192112
vn -0.044235 0.980376 -0.192112
vn -0.044235 0.980376 -0.192112
vn -0.044235 0.980376 -0.192112
vn 0.427524 0.000000 -0.904004
vn 0.427524 0.000000 -0.904004
vn 0.427524 0.000000 -0.904004
vn 0.427524 0.000000 -0.904004
vn -0.164683 -0.345712 -0.923776
vn -0.164683 -0.345712 -0.923776
vn -0.164683 -0.345712 -0.923776
vn -0.164683 -0.345712 -0.923776
vn -0.156261 0.414553 -0.896509
vn -0.156261 0.414553 -0.896509
vn -0.156261 0.414553 -0.896509
vn -0.156261 0.414553 -0.896509
vn -0.419237 0.070473 0.905138
vn -0.419237 0.070473 0.905138
vn -0.419237 0.070473 0.905138
vn -0.419237 0.070473 0.905138
vn -0.821024 0.518129 -0.239714
vn -0.821024 0.518129 -0.239714
vn -0.821024 0.518129 -0.239714
vn -0.821024 0.518129 -0.239714
vn -0.953583 -0.290878 -0.077909
vn -0.953583 -0.290878 -0.077909
vn -0.953583 -0.290878 -0.077909
vn -0.953583 -0.290878 -0.077909
vn 0.125097 -0.182645 0.975188
vn 0.125097 -0.182645 0.975188
vn 0.125097 -0.182645 0.975188
vn 0.125097 -0.182645 0.975188
vn 0.000000 -1.000000 -0.000001
vn 0.000000 -1.000000 -0.000001
vn 0.000000 -1.000000 -0.000001
vn 0.000000 -1.000000 -0.000001
vn 0.844487 -0.532370 -0.058513
vn 0.844487 -0.532370 -0.058513
vn 0.844487 -0.532370 -0.058513
vn 0.844487 -0.532370 -0.058513
s off
g Stone1
usemtl lambert6SG
f 669/1032/1177 663/1029/1178 667/1015/1179 670/1038/1180
f 667/1035/1181 664/1017/1182 668/1018/1183 670/1016/1184
f 668/1037/1185 665/1019/1186 669/1032/1187 670/1038/1188
f 668/1018/1189 664/1017/1190 671/1020/1191 673/1036/1192
f 671/1033/1193 666/1040/1194 672/1030/1195 673/1021/1196
f 672/1030/1197 665/1019/1198 668/1037/1199 673/1021/1200
f 674/1028/1201 663/1014/1202 669/1013/1203 675/1025/1204
f 669/1013/1205 665/1031/1206 672/1023/1207 675/1025/1208
f 672/1023/1209 666/1027/1210 674/1028/1211 675/1025/1212
f 667/1015/1213 663/1029/1214 674/1024/1215 676/1026/1216
f 674/1024/1217 666/1022/1218 671/1039/1219 676/1026/1220
f 671/1020/1221 664/1017/1222 667/1035/1223 676/1034/1224
g default
v 18.849319 0.272107 16.141148
v 18.460589 0.200000 16.679429
v 19.155388 0.469140 16.679429
v 19.306718 -0.057113 16.679429
v 18.460589 0.200000 16.320576
v 18.653903 0.403451 16.771270
v 19.155388 0.469140 16.320576
v 18.714092 0.541560 16.411471
v 18.653903 -0.057113 16.771270
v 19.193648 0.200000 16.771270
v 18.839989 0.200000 16.858853
v 19.155388 -0.057113 16.279601
v 19.408427 0.200000 16.394498
v 18.591939 -0.057114 16.500003
vt 0.715605 0.376954
vt 0.724526 0.376760
vt 0.682194 0.382738
vt 0.655769 0.374484
vt 0.662518 0.369845
vt 0.662817 0.374549
vt 0.695049 0.367541
vt 0.667443 0.367732
vt 0.687478 0.361735
vt 0.697768 0.355809
vt 0.707004 0.367229
vt 0.695782 0.347001
vt 0.714830 0.369595
vt 0.683349 0.349950
vt 0.683845 0.355806
vt 0.663412 0.364465
vt 0.657531 0.366816
vt 0.668034 0.373704
vt 0.684211 0.366898
vt 0.686722 0.374745
vt 0.712411 0.362386
vt 0.721882 0.366756
vt 0.691329 0.381949
vt 0.695168 0.361483
vt 0.707274 0.374228
vt 0.696356 0.375007
vt 0.695562 0.390936
vt 0.682827 0.389889
vn -0.241749 0.624089 -0.743014
vn -0.241749 0.624089 -0.743014
vn -0.241749 0.624089 -0.743014
vn -0.241749 0.624089 -0.743014
vn -0.781021 0.622152 0.054150
vn -0.781021 0.622152 0.054150
vn -0.781021 0.622152 0.054150
vn -0.781021 0.622152 0.054150
vn 0.044235 0.980376 0.192111
vn 0.044235 0.980376 0.192111
vn 0.044235 0.980376 0.192111
vn 0.044235 0.980376 0.192111
vn -0.427518 0.000000 0.904007
vn -0.427518 0.000000 0.904007
vn -0.427518 0.000000 0.904007
vn -0.427518 0.000000 0.904007
vn 0.164681 -0.345708 0.923778
vn 0.164681 -0.345708 0.923778
vn 0.164681 -0.345708 0.923778
vn 0.164681 -0.345708 0.923778
vn 0.156259 0.414548 0.896511
vn 0.156259 0.414548 0.896511
vn 0.156259 0.414548 0.896511
vn 0.156259 0.414548 0.896511
vn 0.419236 0.070477 -0.905138
vn 0.419236 0.070477 -0.905138
vn 0.419236 0.070477 -0.905138
vn 0.419236 0.070477 -0.905138
vn 0.821024 0.518129 0.239712
vn 0.821024 0.518129 0.239712
vn 0.821024 0.518129 0.239712
vn 0.821024 0.518129 0.239712
vn 0.953582 -0.290881 0.077909
vn 0.953582 -0.290881 0.077909
vn 0.953582 -0.290881 0.077909
vn 0.953582 -0.290881 0.077909
vn -0.268465 -0.606164 -0.748660
vn -0.268465 -0.606164 -0.748660
vn -0.268465 -0.606164 -0.748660
vn -0.268465 -0.606164 -0.748660
vn 0.000000 -1.000000 0.000002
vn 0.000000 -1.000000 0.000002
vn 0.000000 -1.000000 0.000002
vn 0.000000 -1.000000 0.000002
vn -0.862108 -0.499582 0.084778
vn -0.862108 -0.499582 0.084778
vn -0.862108 -0.499582 0.084778
vn -0.862108 -0.499582 0.084778
s off
g Stone2
usemtl lambert6SG
f 683/1066/1225 677/1063/1226 681/1043/1227 684/1060/1228
f 681/1057/1229 678/1045/1230 682/1046/1231 684/1044/1232
f 682/1059/1233 679/1047/1234 683/1066/1235 684/1060/1236
f 682/1046/1237 678/1045/1238 685/1048/1239 687/1058/1240
f 685/1055/1241 680/1050/1242 686/1064/1243 687/1049/1244
f 686/1064/1245 679/1047/1246 682/1059/1247 687/1049/1248
f 688/1062/1249 677/1042/1250 683/1041/1251 689/1053/1252
f 683/1041/1253 679/1065/1254 686/1051/1255 689/1053/1256
f 686/1051/1257 680/1061/1258 688/1062/1259 689/1053/1260
f 681/1043/1261 677/1063/1262 688/1067/1263 690/1068/1264
f 688/1052/1265 680/1050/1266 685/1055/1267 690/1054/1268
f 685/1048/1269 678/1045/1270 681/1057/1271 690/1056/1272
